,sensitive_attr,race,sex,two_year_recid,age,priors_count,juv_fel_count,juv_misd_count,GroundTruth,GroundTruth_DB,FairDen,FairSC_normalized,FairSC
0,7,3,1,0,69,0,0,0,0,0,9,5,3
1,1,0,1,1,34,0,0,0,1,0,2,3,9
2,1,0,1,1,24,4,0,0,1,0,0,3,9
3,1,0,1,0,23,1,0,1,0,1,4,5,4
4,7,3,1,0,43,2,0,0,0,0,11,5,3
5,7,3,1,0,44,0,0,0,0,0,0,5,3
6,3,1,1,1,41,14,0,0,1,-1,5,8,8
7,7,3,1,0,43,3,0,0,0,0,11,5,3
8,2,1,0,0,39,0,0,0,0,0,2,5,6
9,3,1,1,1,21,1,0,0,1,0,11,8,8
10,3,1,1,0,27,0,0,0,0,0,2,10,3
11,1,0,1,1,23,3,0,0,1,0,0,3,9
12,2,1,0,0,37,0,0,0,0,0,2,5,6
13,1,0,1,0,41,0,0,0,0,0,2,0,10
14,2,1,0,1,47,1,0,0,1,0,11,9,5
15,1,0,1,1,31,7,0,0,1,0,0,3,0
16,5,2,1,0,37,0,0,0,0,0,2,5,3
17,1,0,1,0,25,3,0,0,0,0,0,0,10
18,3,1,1,1,31,6,0,0,1,0,11,8,8
19,3,1,1,1,31,5,0,0,1,0,11,8,8
20,1,0,1,1,64,13,0,0,1,-1,10,7,1
21,1,0,1,1,21,1,0,0,1,0,0,3,9
22,2,1,0,0,21,0,0,0,0,0,2,5,6
23,5,2,1,1,24,1,0,0,1,0,11,6,2
24,3,1,1,0,43,1,0,0,0,0,11,10,3
25,7,3,1,0,32,0,0,0,0,0,2,5,3
26,1,0,1,1,27,8,0,0,1,0,0,4,0
27,2,1,0,0,36,3,0,0,0,0,11,5,6
28,1,0,1,1,26,5,0,0,1,0,0,3,9
29,1,0,1,1,33,0,0,0,1,0,2,3,9
30,3,1,1,1,30,9,0,0,1,0,11,8,8
31,1,0,1,1,32,4,0,0,1,0,0,3,9
32,3,1,1,0,55,0,0,0,0,0,11,1,11
33,7,3,1,1,49,7,0,0,1,0,11,6,2
34,3,1,1,0,26,6,0,0,0,0,11,10,3
35,2,1,0,1,33,4,0,0,1,0,11,9,5
36,3,1,1,1,24,1,0,0,1,0,11,8,8
37,1,0,1,1,34,21,2,1,1,-1,8,5,4
38,3,1,1,0,29,0,0,0,0,0,2,10,3
39,0,0,0,0,21,2,0,0,0,0,11,5,8
40,1,0,1,0,51,2,0,0,0,0,0,2,7
41,3,1,1,1,29,2,0,0,1,0,11,8,8
42,0,0,0,0,51,7,0,0,0,0,11,5,8
43,1,0,1,1,29,0,0,0,1,0,2,3,9
44,3,1,1,1,25,9,0,0,1,0,9,8,8
45,1,0,1,1,35,13,1,0,1,-1,7,5,4
46,3,1,1,0,49,0,0,0,0,0,11,1,11
47,1,0,1,1,34,4,0,0,1,0,0,3,9
48,3,1,1,1,29,1,0,0,1,0,11,8,8
49,6,3,0,0,28,0,0,0,0,0,2,5,4
50,3,1,1,1,48,20,0,0,1,-1,5,8,8
51,4,2,0,0,63,1,0,0,0,0,11,5,4
52,1,0,1,0,31,15,0,0,0,0,9,5,4
53,1,0,1,1,24,2,0,0,1,0,0,3,9
54,5,2,1,0,30,0,0,0,0,0,2,5,3
55,1,0,1,0,49,4,0,0,0,0,0,5,7
56,3,1,1,0,53,8,0,0,0,0,9,1,11
57,1,0,1,0,35,5,0,0,0,0,0,0,10
58,1,0,1,1,63,10,0,0,1,-1,5,7,1
59,1,0,1,1,27,15,1,1,1,-1,1,5,4
60,3,1,1,1,38,4,0,0,1,0,11,8,8
61,1,0,1,1,22,1,0,0,1,0,0,3,9
62,1,0,1,1,22,2,0,1,1,1,4,5,4
63,1,0,1,1,29,4,0,0,1,0,0,3,9
64,5,2,1,0,62,0,0,0,0,0,11,1,11
65,1,0,1,1,27,6,0,1,1,-1,4,5,4
66,7,3,1,0,33,0,0,0,0,0,2,5,3
67,0,0,0,0,56,0,0,0,0,0,11,5,8
68,5,2,1,1,45,6,0,0,1,0,11,6,2
69,5,2,1,0,22,1,0,0,0,0,11,5,3
70,1,0,1,0,39,1,0,0,0,0,0,0,10
71,1,0,1,1,29,5,0,0,1,0,0,3,9
72,3,1,1,1,27,1,0,0,1,0,11,8,8
73,1,0,1,0,40,2,0,0,0,0,0,0,10
74,3,1,1,0,22,0,0,0,0,0,2,10,3
75,0,0,0,1,26,1,0,0,1,0,11,9,5
76,1,0,1,0,32,0,0,0,0,0,2,0,10
77,1,0,1,0,41,1,0,0,0,0,0,0,10
78,1,0,1,1,30,8,0,0,1,0,0,4,0
79,7,3,1,1,50,0,0,0,1,0,11,6,2
80,1,0,1,1,25,14,1,6,1,-1,3,5,4
81,7,3,1,1,20,0,0,0,1,0,2,6,2
82,1,0,1,1,22,2,1,0,1,2,7,5,4
83,1,0,1,1,23,2,0,0,1,0,0,3,9
84,0,0,0,0,35,1,0,0,0,0,11,5,8
85,1,0,1,1,36,9,0,0,1,0,0,4,0
86,3,1,1,1,26,7,0,0,1,0,11,8,8
87,7,3,1,1,21,1,0,0,1,0,11,6,2
88,1,0,1,0,71,12,0,0,0,-1,10,2,7
89,2,1,0,0,20,0,0,0,0,0,2,5,6
90,3,1,1,1,39,2,0,0,1,0,11,8,8
91,3,1,1,0,66,3,0,0,0,0,9,1,11
92,2,1,0,0,54,0,0,0,0,0,11,5,6
93,4,2,0,0,44,0,0,0,0,0,11,5,4
94,1,0,1,1,19,1,0,0,1,0,0,3,9
95,1,0,1,0,24,1,0,0,0,0,0,0,10
96,1,0,1,0,30,1,0,0,0,0,0,0,10
97,3,1,1,1,24,8,0,1,1,-1,4,5,4
98,3,1,1,0,30,0,0,0,0,0,2,10,3
99,3,1,1,0,31,0,0,0,0,0,2,10,3
100,2,1,0,0,39,1,0,0,0,0,11,5,6
101,1,0,1,1,59,14,0,0,1,-1,5,7,1
102,1,0,1,1,21,3,0,0,1,0,0,3,9
103,3,1,1,1,38,5,0,0,1,0,11,8,8
104,3,1,1,0,34,0,0,0,0,0,2,10,3
105,1,0,1,1,33,5,0,0,1,0,0,3,9
106,1,0,1,0,37,3,0,0,0,0,0,0,10
107,3,1,1,1,42,1,0,0,1,0,11,8,8
108,1,0,1,1,41,10,0,1,1,-1,4,5,4
109,1,0,1,1,22,0,0,0,1,0,2,3,9
110,1,0,1,1,33,28,0,12,1,-1,-1,5,4
111,1,0,1,0,31,1,0,0,0,0,0,0,10
112,6,3,0,0,30,1,0,0,0,0,11,5,4
113,3,1,1,1,31,13,0,0,1,0,9,8,8
114,1,0,1,1,27,3,0,0,1,0,0,3,9
115,1,0,1,0,56,8,0,0,0,0,9,2,7
116,3,1,1,0,52,3,0,0,0,0,11,1,11
117,1,0,1,1,33,19,0,0,1,-1,5,4,4
118,2,1,0,0,64,2,0,0,0,0,11,5,6
119,3,1,1,1,22,4,0,0,1,0,11,8,8
120,3,1,1,0,42,6,0,0,0,0,11,10,3
121,2,1,0,0,25,2,0,0,0,0,11,5,6
122,3,1,1,0,30,1,0,0,0,0,11,10,3
123,3,1,1,0,28,2,0,0,0,0,11,10,3
124,6,3,0,0,37,2,0,0,0,0,11,5,4
125,3,1,1,1,28,0,0,0,1,0,2,8,8
126,0,0,0,0,24,0,0,0,0,0,2,5,8
127,2,1,0,1,29,10,0,1,1,-1,4,9,5
128,3,1,1,1,44,2,0,0,1,0,11,8,8
129,4,2,0,1,30,4,0,0,1,0,11,11,5
130,1,0,1,1,32,3,0,0,1,0,0,3,9
131,3,1,1,1,31,2,0,0,1,0,11,8,8
132,3,1,1,1,59,1,0,0,1,0,11,7,8
133,2,1,0,0,45,4,0,0,0,0,11,5,6
134,0,0,0,0,20,1,1,0,0,2,7,5,8
135,2,1,0,0,43,0,0,0,0,0,11,5,6
136,1,0,1,1,38,9,1,1,1,-1,1,5,4
137,1,0,1,1,32,11,0,0,1,0,0,4,0
138,1,0,1,1,33,8,0,0,1,0,0,4,0
139,0,0,0,1,31,0,0,0,1,0,2,9,5
140,0,0,0,1,33,7,0,0,1,0,11,9,5
141,1,0,1,1,27,2,0,0,1,0,0,3,9
142,0,0,0,0,20,0,0,0,0,0,2,5,8
143,2,1,0,0,26,0,0,0,0,0,2,5,6
144,0,0,0,1,61,1,0,0,1,0,11,9,5
145,7,3,1,1,52,13,0,0,1,-1,5,6,2
146,5,2,1,0,63,1,0,0,0,0,11,1,11
147,0,0,0,1,32,4,0,0,1,0,11,9,5
148,5,2,1,0,29,1,0,0,0,0,11,5,3
149,6,3,0,0,46,1,0,0,0,0,11,5,4
150,0,0,0,1,26,2,0,0,1,0,11,9,5
151,1,0,1,0,55,3,0,0,0,0,0,2,7
152,3,1,1,0,39,1,1,0,0,-1,1,10,3
153,2,1,0,1,30,3,0,0,1,0,11,9,5
154,3,1,1,0,48,2,0,0,0,0,11,1,11
155,3,1,1,1,46,6,0,0,1,0,11,8,8
156,2,1,0,0,49,6,0,0,0,0,9,5,6
157,1,0,1,1,25,1,0,0,1,0,0,3,9
158,5,2,1,0,23,0,0,0,0,0,2,5,3
159,0,0,0,0,32,5,0,0,0,0,11,5,8
160,5,2,1,0,52,2,0,0,0,0,11,5,3
161,1,0,1,0,62,8,0,0,0,-1,5,2,7
162,2,1,0,0,37,6,0,0,0,0,11,5,6
163,3,1,1,0,55,1,0,0,0,0,11,1,11
164,5,2,1,1,31,8,0,0,1,0,11,6,2
165,1,0,1,1,28,6,0,0,1,0,0,3,9
166,5,2,1,0,54,2,0,0,0,0,11,5,3
167,5,2,1,0,58,0,0,0,0,0,11,1,11
168,3,1,1,1,78,1,0,0,1,-1,10,7,1
169,3,1,1,0,56,0,0,0,0,0,11,1,11
170,7,3,1,0,24,0,0,0,0,0,2,5,3
171,1,0,1,1,38,22,2,2,1,-1,3,5,4
172,1,0,1,1,47,23,0,0,1,-1,10,4,4
173,1,0,1,1,23,0,0,0,1,0,2,3,9
174,5,2,1,0,57,1,0,0,0,0,11,1,11
175,2,1,0,1,38,2,0,0,1,0,11,9,5
176,1,0,1,0,66,3,0,0,0,0,9,2,7
177,3,1,1,1,45,8,0,0,1,0,11,8,8
178,6,3,0,1,52,0,0,0,1,0,11,11,5
179,1,0,1,1,32,13,0,0,1,0,9,4,0
180,1,0,1,1,37,2,0,0,1,0,0,3,9
181,3,1,1,1,39,0,0,0,1,0,2,8,8
182,1,0,1,1,26,9,0,0,1,0,0,4,0
183,3,1,1,0,45,2,0,0,0,0,11,10,3
184,1,0,1,0,34,2,0,0,0,0,0,0,10
185,0,0,0,0,23,1,0,0,0,0,11,5,8
186,7,3,1,1,36,2,0,0,1,0,11,6,2
187,3,1,1,0,50,1,0,0,0,0,11,1,11
188,3,1,1,0,44,4,0,0,0,0,11,10,3
189,0,0,0,1,35,23,0,1,1,-1,1,9,5
190,7,3,1,1,24,5,0,0,1,0,11,6,2
191,1,0,1,1,26,2,0,0,1,0,0,3,9
192,1,0,1,0,27,0,0,0,0,0,2,0,10
193,0,0,0,0,28,0,0,0,0,0,2,5,8
194,3,1,1,1,43,11,0,0,1,0,9,8,8
195,2,1,0,1,28,7,0,0,1,0,11,9,5
196,1,0,1,0,38,2,0,0,0,0,0,0,10
197,3,1,1,0,27,2,0,0,0,0,11,10,3
198,0,0,0,0,28,1,0,0,0,0,11,5,8
199,3,1,1,1,56,7,0,0,1,0,9,8,8
200,1,0,1,0,38,15,0,0,0,-1,5,5,4
201,1,0,1,0,28,2,0,0,0,0,0,0,10
202,1,0,1,0,45,3,0,0,0,0,0,0,10
203,5,2,1,0,28,0,0,0,0,0,2,5,3
204,3,1,1,0,61,1,0,0,0,0,11,1,11
205,2,1,0,1,51,0,0,0,1,0,11,9,5
206,3,1,1,0,51,0,0,0,0,0,11,1,11
207,7,3,1,1,36,1,0,0,1,0,11,6,2
208,1,0,1,0,48,0,0,0,0,0,0,0,10
209,3,1,1,1,37,4,0,0,1,0,11,8,8
210,0,0,0,0,30,2,0,0,0,0,11,5,8
211,0,0,0,0,41,5,0,0,0,0,11,5,8
212,1,0,1,1,27,11,0,0,1,0,9,4,0
213,1,0,1,0,37,0,0,0,0,0,2,0,10
214,7,3,1,1,33,4,0,0,1,0,11,6,2
215,1,0,1,0,54,11,0,0,0,-1,9,5,4
216,3,1,1,0,52,0,0,0,0,0,11,1,11
217,3,1,1,1,43,13,0,0,1,-1,5,8,8
218,1,0,1,0,52,0,0,0,0,0,0,2,7
219,3,1,1,0,28,1,0,0,0,0,11,10,3
220,1,0,1,1,30,11,0,0,1,0,0,4,0
221,1,0,1,0,30,4,0,0,0,0,0,0,10
222,5,2,1,0,25,4,0,0,0,0,11,5,3
223,3,1,1,1,37,0,0,0,1,0,2,8,8
224,1,0,1,0,32,14,0,1,0,-1,4,5,4
225,1,0,1,0,26,4,0,1,0,1,4,5,4
226,3,1,1,0,53,1,0,0,0,0,11,1,11
227,1,0,1,1,28,25,0,0,1,-1,10,4,4
228,3,1,1,1,44,8,0,0,1,0,11,8,8
229,1,0,1,0,25,0,0,0,0,0,2,0,10
230,3,1,1,1,22,1,0,0,1,0,11,8,8
231,6,3,0,0,37,0,0,0,0,0,2,5,4
232,6,3,0,0,40,3,0,0,0,0,11,5,4
233,3,1,1,1,36,8,0,0,1,0,11,8,8
234,3,1,1,0,30,4,0,0,0,0,11,10,3
235,1,0,1,1,22,3,0,0,1,0,0,3,9
236,2,1,0,1,24,1,0,0,1,0,11,9,5
237,4,2,0,0,31,0,0,0,0,0,2,5,4
238,5,2,1,1,23,1,0,0,1,0,11,6,2
239,2,1,0,1,23,5,0,0,1,0,11,9,5
240,5,2,1,0,24,0,0,0,0,0,2,5,3
241,1,0,1,0,29,1,0,0,0,0,0,0,10
242,1,0,1,1,20,1,0,0,1,0,0,3,9
243,1,0,1,1,30,2,0,0,1,0,0,3,9
244,7,3,1,0,39,0,0,0,0,0,2,5,3
245,1,0,1,0,27,4,0,0,0,0,0,0,10
246,0,0,0,0,37,2,0,0,0,0,11,5,8
247,1,0,1,0,20,0,0,0,0,0,2,0,10
248,5,2,1,0,22,0,0,0,0,0,2,5,3
249,0,0,0,0,52,0,0,0,0,0,11,5,8
250,0,0,0,1,23,0,0,0,1,0,2,9,5
251,0,0,0,0,48,0,0,0,0,0,11,5,8
252,1,0,1,1,66,8,0,0,1,-1,10,7,1
253,3,1,1,0,25,0,0,0,0,0,2,10,3
254,1,0,1,1,22,3,0,1,1,1,4,5,4
255,2,1,0,0,22,1,0,0,0,0,11,5,6
256,1,0,1,0,35,2,0,0,0,0,0,0,10
257,3,1,1,0,32,2,0,0,0,0,11,10,3
258,0,0,0,0,41,2,0,0,0,0,11,5,8
259,6,3,0,0,25,0,0,0,0,0,2,5,4
260,1,0,1,0,44,24,0,0,0,-1,10,5,4
261,1,0,1,1,52,3,0,0,1,0,0,7,1
262,1,0,1,0,43,0,0,0,0,0,0,0,10
263,3,1,1,0,37,3,0,0,0,0,11,10,3
264,1,0,1,1,28,3,0,0,1,0,0,3,9
265,3,1,1,0,70,1,0,0,0,0,9,1,11
266,3,1,1,1,54,6,0,0,1,0,11,8,8
267,3,1,1,0,46,3,0,0,0,0,11,10,3
268,1,0,1,1,21,0,0,0,1,0,2,3,9
269,1,0,1,1,26,1,0,0,1,0,0,3,9
270,5,2,1,1,38,3,0,0,1,0,11,6,2
271,3,1,1,0,34,5,0,0,0,0,11,10,3
272,1,0,1,0,34,5,0,0,0,0,0,0,10
273,3,1,1,1,23,0,0,0,1,0,2,8,8
274,1,0,1,1,39,6,0,0,1,0,0,7,1
275,3,1,1,1,33,1,0,0,1,0,11,8,8
276,3,1,1,0,58,2,0,0,0,0,11,1,11
277,0,0,0,0,21,0,0,0,0,0,2,5,8
278,1,0,1,1,23,4,0,0,1,0,0,3,9
279,3,1,1,0,62,0,0,0,0,0,11,1,11
280,1,0,1,1,27,4,1,0,1,-1,7,5,4
281,3,1,1,0,37,5,0,0,0,0,11,10,3
282,3,1,1,1,44,0,0,0,1,0,11,8,8
283,3,1,1,1,28,3,0,0,1,0,11,8,8
284,2,1,0,0,42,0,0,0,0,0,11,5,6
285,7,3,1,1,24,9,0,1,1,-1,4,6,2
286,1,0,1,0,29,7,0,0,0,0,0,0,10
287,3,1,1,0,53,6,0,0,0,0,11,1,11
288,3,1,1,0,27,8,0,0,0,0,11,10,3
289,1,0,1,1,24,2,0,1,1,1,4,5,4
290,3,1,1,1,53,36,0,0,1,-1,1,4,4
291,1,0,1,0,45,1,0,0,0,0,0,0,10
292,5,2,1,0,21,3,0,1,0,1,4,5,3
293,0,0,0,0,36,0,0,0,0,0,2,5,8
294,4,2,0,0,23,1,0,0,0,0,11,5,4
295,3,1,1,0,36,0,0,0,0,0,2,10,3
296,1,0,1,0,24,0,0,0,0,0,2,0,10
297,7,3,1,1,30,1,0,0,1,0,11,6,2
298,2,1,0,0,30,0,0,0,0,0,2,5,6
299,5,2,1,0,51,1,0,0,0,0,11,5,3
300,7,3,1,0,33,3,0,0,0,0,11,5,3
301,0,0,0,0,25,2,0,0,0,0,11,5,8
302,1,0,1,1,32,12,0,1,1,-1,4,5,4
303,1,0,1,0,23,1,0,0,0,0,0,0,10
304,1,0,1,0,47,3,0,0,0,0,0,5,10
305,4,2,0,1,32,1,0,0,1,0,11,11,5
306,1,0,1,1,19,2,0,2,1,-1,6,5,4
307,5,2,1,0,27,0,0,0,0,0,2,5,3
308,3,1,1,0,69,0,0,0,0,0,9,1,11
309,3,1,1,0,21,2,0,0,0,0,11,10,3
310,1,0,1,1,26,6,0,0,1,0,0,3,9
311,1,0,1,0,49,3,0,0,0,0,0,2,7
312,1,0,1,0,29,2,0,0,0,0,0,0,10
313,2,1,0,0,60,0,0,0,0,0,11,5,6
314,0,0,0,0,26,0,0,0,0,0,2,5,8
315,1,0,1,1,23,3,2,0,1,-1,1,5,4
316,5,2,1,1,34,2,0,0,1,0,11,6,2
317,6,3,0,0,20,1,1,0,0,2,7,5,4
318,5,2,1,0,36,1,0,0,0,0,11,5,3
319,1,0,1,0,21,1,0,1,0,1,4,5,4
320,3,1,1,1,22,2,0,0,1,0,11,8,8
321,1,0,1,0,57,18,0,0,0,-1,10,5,4
322,1,0,1,1,21,4,0,0,1,0,0,3,9
323,3,1,1,0,34,1,0,0,0,0,11,10,3
324,2,1,0,1,50,1,0,0,1,0,11,9,5
325,3,1,1,1,40,0,0,0,1,0,2,8,8
326,1,0,1,1,25,7,0,0,1,0,0,3,0
327,2,1,0,0,53,1,0,0,0,0,11,5,6
328,1,0,1,0,42,1,0,0,0,0,0,0,10
329,1,0,1,0,28,1,0,0,0,0,0,0,10
330,1,0,1,1,26,6,1,1,1,-1,1,5,4
331,1,0,1,1,22,4,0,0,1,0,0,3,9
332,3,1,1,0,21,3,0,0,0,0,11,10,3
333,1,0,1,1,37,23,0,0,1,-1,10,4,4
334,1,0,1,0,53,2,0,0,0,0,0,2,7
335,1,0,1,0,60,1,0,0,0,0,0,2,7
336,3,1,1,1,48,23,1,0,1,-1,1,8,4
337,2,1,0,0,52,0,0,0,0,0,11,5,6
338,1,0,1,1,27,12,0,0,1,0,9,4,0
339,1,0,1,0,28,5,0,0,0,0,0,0,10
340,3,1,1,0,33,3,0,0,0,0,11,10,3
341,4,2,0,0,28,0,0,0,0,0,2,5,4
342,3,1,1,1,47,5,0,0,1,0,11,8,8
343,1,0,1,1,36,14,0,0,1,0,9,4,0
344,1,0,1,0,29,2,1,0,0,-1,7,5,4
345,3,1,1,0,68,2,0,0,0,0,9,1,11
346,1,0,1,0,56,5,0,0,0,0,9,2,7
347,1,0,1,1,27,9,0,0,1,0,0,4,0
348,3,1,1,1,52,4,0,0,1,0,11,8,8
349,7,3,1,0,60,4,0,0,0,0,9,5,3
350,0,0,0,0,22,0,0,0,0,0,2,5,8
351,0,0,0,1,27,1,0,0,1,0,11,9,5
352,1,0,1,0,53,11,0,0,0,-1,9,5,4
353,5,2,1,0,21,0,0,0,0,0,2,5,3
354,2,1,0,0,58,2,0,0,0,0,11,5,6
355,1,0,1,1,28,8,0,0,1,0,0,4,0
356,7,3,1,0,42,1,0,0,0,0,11,5,3
357,1,0,1,0,29,8,0,0,0,0,0,0,10
358,1,0,1,1,58,21,0,0,1,-1,10,4,4
359,5,2,1,1,48,1,0,0,1,0,11,6,2
360,1,0,1,1,57,1,0,0,1,0,0,7,1
361,3,1,1,0,27,3,0,0,0,0,11,10,3
362,1,0,1,0,26,3,0,0,0,0,0,0,10
363,3,1,1,1,24,3,0,1,1,1,4,5,4
364,3,1,1,0,33,0,0,0,0,0,2,10,3
365,0,0,0,1,24,3,0,0,1,0,11,9,5
366,3,1,1,1,19,1,0,0,1,0,11,8,8
367,3,1,1,0,36,2,0,0,0,0,11,10,3
368,2,1,0,0,24,0,0,0,0,0,2,5,6
369,5,2,1,1,25,2,0,0,1,0,11,6,2
370,1,0,1,1,20,1,1,0,1,2,7,5,4
371,5,2,1,1,28,2,0,0,1,0,11,6,2
372,3,1,1,0,61,4,0,0,0,0,9,1,11
373,0,0,0,0,50,3,0,0,0,0,11,5,8
374,1,0,1,0,38,5,0,0,0,0,0,0,10
375,3,1,1,0,24,0,0,0,0,0,2,10,3
376,1,0,1,0,45,16,0,0,0,-1,5,5,4
377,0,0,0,1,46,2,0,0,1,0,11,9,5
378,3,1,1,1,41,0,0,0,1,0,2,8,8
379,1,0,1,1,27,13,0,0,1,0,9,4,0
380,0,0,0,0,51,16,0,0,0,-1,5,5,8
381,1,0,1,1,29,3,0,0,1,0,0,3,9
382,3,1,1,1,52,6,0,0,1,0,11,8,8
384,1,0,1,1,55,5,0,0,1,0,0,7,1
385,1,0,1,1,26,10,1,1,1,-1,1,5,4
386,3,1,1,0,63,2,0,0,0,0,11,1,11
387,1,0,1,0,42,0,0,0,0,0,0,0,10
388,1,0,1,0,23,6,1,2,0,-1,1,5,4
389,1,0,1,1,54,28,0,0,1,-1,10,4,4
390,1,0,1,1,35,8,0,0,1,0,0,4,0
391,0,0,0,1,24,6,1,0,1,-1,7,9,5
392,1,0,1,0,54,2,0,0,0,0,0,2,7
393,1,0,1,1,58,12,0,0,1,-1,9,7,1
394,3,1,1,1,23,1,0,0,1,0,11,8,8
395,1,0,1,0,35,1,0,0,0,0,0,0,10
396,3,1,1,0,47,3,0,0,0,0,11,10,3
397,3,1,1,1,34,4,0,0,1,0,11,8,8
398,5,2,1,1,34,4,0,0,1,0,11,6,2
400,5,2,1,0,58,1,0,0,0,0,11,1,11
401,5,2,1,0,29,2,0,0,0,0,11,5,3
402,2,1,0,1,24,6,0,0,1,0,11,9,5
404,3,1,1,1,29,6,0,0,1,0,11,8,8
405,1,0,1,0,54,0,0,0,0,0,0,2,7
406,2,1,0,0,59,0,0,0,0,0,11,5,6
407,1,0,1,0,38,0,0,0,0,0,2,0,10
408,4,2,0,1,22,2,0,0,1,0,11,11,5
409,5,2,1,1,26,7,0,0,1,0,11,6,2
410,5,2,1,0,52,20,0,0,0,-1,5,5,3
411,1,0,1,1,66,33,0,0,1,-1,8,4,4
412,3,1,1,0,51,1,0,0,0,0,11,1,11
413,3,1,1,0,35,1,0,0,0,0,11,10,3
414,0,0,0,0,35,12,0,0,0,0,9,5,8
415,7,3,1,0,48,12,0,0,0,0,9,5,3
416,2,1,0,0,48,0,0,0,0,0,11,5,6
417,5,2,1,0,30,7,0,0,0,0,11,5,3
418,7,3,1,0,28,2,0,0,0,0,11,5,3
419,1,0,1,0,33,2,0,0,0,0,0,0,10
420,0,0,0,0,34,6,0,0,0,0,11,5,8
421,7,3,1,0,25,0,0,0,0,0,2,5,3
422,1,0,1,1,59,10,0,0,1,-1,9,7,1
423,3,1,1,1,48,1,0,0,1,0,11,8,8
424,1,0,1,1,55,0,0,0,1,0,0,7,1
425,1,0,1,0,52,4,0,0,0,0,0,2,7
426,3,1,1,1,25,4,0,0,1,0,11,8,8
427,3,1,1,0,27,6,0,1,0,-1,4,10,3
428,1,0,1,1,25,1,0,1,1,1,4,5,4
429,1,0,1,0,31,0,0,0,0,0,2,0,10
430,1,0,1,1,25,6,0,1,1,-1,4,5,4
431,3,1,1,1,32,1,0,0,1,0,11,8,8
432,3,1,1,1,21,0,0,0,1,0,2,8,8
433,7,3,1,0,37,1,0,0,0,0,11,5,3
434,5,2,1,0,32,20,1,1,0,-1,1,5,3
435,1,0,1,0,35,0,0,0,0,0,2,0,10
436,1,0,1,1,42,14,0,0,1,-1,5,4,1
437,3,1,1,1,24,9,0,0,1,0,9,8,8
438,3,1,1,1,22,6,1,0,1,-1,7,8,8
439,3,1,1,0,47,1,0,0,0,0,11,10,11
440,1,0,1,1,27,5,0,0,1,0,0,3,9
441,5,2,1,1,43,2,0,0,1,0,11,6,2
442,3,1,1,1,46,2,0,0,1,0,11,8,8
443,1,0,1,0,44,1,0,0,0,0,0,0,10
444,3,1,1,0,23,2,0,0,0,0,11,10,3
445,4,2,0,0,50,1,0,0,0,0,11,5,4
446,1,0,1,0,42,8,0,0,0,0,0,0,4
447,1,0,1,0,58,6,0,0,0,0,9,2,7
448,6,3,0,0,48,0,0,0,0,0,11,5,4
449,1,0,1,1,39,3,0,0,1,0,0,3,1
450,1,0,1,1,21,3,0,2,1,-1,6,5,4
451,3,1,1,0,63,1,0,0,0,0,11,1,11
452,1,0,1,0,50,3,0,0,0,0,0,2,7
453,3,1,1,0,41,1,0,0,0,0,11,10,3
454,1,0,1,1,28,16,8,0,1,-1,-1,5,4
455,0,0,0,0,30,0,0,0,0,0,2,5,8
456,3,1,1,1,25,2,0,0,1,0,11,8,8
457,3,1,1,0,40,5,0,0,0,0,11,10,3
458,5,2,1,0,24,8,0,0,0,0,9,5,3
459,3,1,1,0,44,11,0,0,0,0,9,10,3
460,0,0,0,1,35,6,0,0,1,0,11,9,5
461,3,1,1,0,42,0,0,0,0,0,11,10,3
462,5,2,1,0,26,4,0,0,0,0,11,5,3
463,0,0,0,0,25,0,0,0,0,0,2,5,8
464,5,2,1,0,64,1,0,0,0,0,11,1,11
465,2,1,0,1,49,2,0,0,1,0,11,9,5
466,3,1,1,1,50,5,0,0,1,0,11,8,8
467,3,1,1,1,28,8,0,0,1,0,11,8,8
468,3,1,1,1,66,0,0,0,1,0,11,7,8
469,2,1,0,0,46,0,0,0,0,0,11,5,6
470,1,0,1,1,30,5,0,0,1,0,0,3,9
471,2,1,0,0,22,0,0,0,0,0,2,5,6
472,7,3,1,1,30,0,0,0,1,0,2,6,2
473,1,0,1,1,24,10,1,0,1,-1,7,5,4
474,5,2,1,0,31,0,0,0,0,0,2,5,3
475,7,3,1,0,31,1,0,0,0,0,11,5,3
476,1,0,1,1,21,4,4,0,1,-1,8,5,4
477,1,0,1,0,28,4,0,0,0,0,0,0,10
478,5,2,1,1,20,0,0,0,1,0,2,6,2
479,5,2,1,0,32,1,0,0,0,0,11,5,3
480,1,0,1,1,31,3,0,0,1,0,0,3,9
481,1,0,1,1,59,17,0,0,1,-1,10,7,1
482,1,0,1,0,40,0,0,0,0,0,2,0,10
483,1,0,1,1,22,11,0,0,1,-1,5,4,0
484,0,0,0,0,38,1,0,0,0,0,11,5,8
485,3,1,1,1,27,6,0,0,1,0,11,8,8
486,1,0,1,0,43,1,0,0,0,0,0,0,10
487,3,1,1,0,37,2,0,0,0,0,11,10,3
488,3,1,1,0,38,0,0,0,0,0,2,10,3
489,5,2,1,0,43,1,0,0,0,0,11,5,3
490,1,0,1,1,25,4,0,0,1,0,0,3,9
491,5,2,1,1,30,6,0,0,1,0,11,6,2
492,1,0,1,0,28,10,0,0,0,0,0,0,10
493,1,0,1,1,55,9,0,0,1,0,9,7,1
494,2,1,0,0,23,3,0,0,0,0,11,5,6
495,2,1,0,1,19,2,0,0,1,0,11,9,5
496,1,0,1,1,61,15,0,0,1,-1,5,7,1
497,1,0,1,1,20,4,0,1,1,1,4,5,4
498,3,1,1,1,26,3,0,0,1,0,11,8,8
499,3,1,1,0,27,5,0,0,0,0,11,10,3
500,3,1,1,0,25,1,0,0,0,0,11,10,3
501,3,1,1,1,23,3,0,2,1,-1,6,5,4
502,1,0,1,1,27,18,0,2,1,-1,1,5,4
503,2,1,0,1,35,0,0,0,1,0,2,9,5
504,7,3,1,0,22,0,0,0,0,0,2,5,3
505,0,0,0,1,58,4,0,0,1,0,9,9,5
506,2,1,0,1,57,0,0,0,1,0,11,9,5
507,1,0,1,0,30,0,0,0,0,0,2,0,10
508,3,1,1,1,29,3,0,0,1,0,11,8,8
509,0,0,0,0,31,10,0,0,0,0,11,5,8
510,2,1,0,0,45,1,0,0,0,0,11,5,6
511,0,0,0,1,27,9,0,0,1,0,11,9,5
512,3,1,1,1,38,1,0,0,1,0,11,8,8
513,1,0,1,1,31,23,0,0,1,-1,10,4,4
514,1,0,1,0,47,20,0,0,0,-1,10,5,4
515,5,2,1,1,23,2,0,0,1,0,11,6,2
516,1,0,1,1,65,2,0,0,1,0,9,7,1
517,0,0,0,0,33,0,0,0,0,0,2,5,8
518,5,2,1,0,52,0,0,0,0,0,11,5,3
519,1,0,1,0,37,11,0,0,0,0,9,0,4
520,7,3,1,1,30,4,0,0,1,0,11,6,2
521,3,1,1,0,33,5,0,0,0,0,11,10,3
522,1,0,1,0,31,2,0,0,0,0,0,0,10
523,7,3,1,0,54,0,0,0,0,0,11,5,3
524,2,1,0,0,59,2,0,0,0,0,11,5,6
525,1,0,1,1,36,0,0,0,1,0,2,3,9
526,1,0,1,1,46,17,0,0,1,-1,5,4,1
527,2,1,0,0,28,0,0,0,0,0,2,5,6
528,2,1,0,1,34,15,0,0,1,0,9,9,5
529,5,2,1,1,29,7,0,0,1,0,11,6,2
531,3,1,1,1,48,3,0,0,1,0,11,8,8
532,1,0,1,1,30,15,0,0,1,0,9,4,0
533,0,0,0,0,32,2,0,0,0,0,11,5,8
534,1,0,1,0,31,5,0,0,0,0,0,0,10
535,1,0,1,0,36,4,0,1,0,-1,4,5,4
536,1,0,1,0,36,1,0,0,0,0,0,0,10
537,1,0,1,1,44,14,0,0,1,-1,9,4,1
538,3,1,1,0,53,2,0,0,0,0,11,1,11
539,1,0,1,1,33,3,0,0,1,0,0,3,9
540,1,0,1,0,21,2,1,0,0,2,7,0,4
541,1,0,1,1,33,4,0,0,1,0,0,3,9
542,3,1,1,1,47,2,0,0,1,0,11,8,8
543,1,0,1,1,57,20,0,0,1,-1,10,4,4
544,1,0,1,0,46,0,0,0,0,0,0,0,10
545,1,0,1,0,37,6,0,0,0,0,0,0,10
546,1,0,1,1,26,10,0,0,1,0,9,4,0
547,1,0,1,1,27,10,0,1,1,-1,4,5,4
548,3,1,1,0,40,1,0,0,0,0,11,10,3
549,2,1,0,1,60,9,0,0,1,-1,9,9,5
550,1,0,1,0,26,8,0,1,0,-1,4,5,4
551,1,0,1,0,28,0,0,0,0,0,2,0,10
552,2,1,0,0,46,2,0,0,0,0,11,5,6
553,1,0,1,1,37,5,0,0,1,0,0,3,1
554,1,0,1,1,50,18,0,0,1,-1,5,4,1
555,1,0,1,0,45,0,0,0,0,0,0,0,10
556,3,1,1,1,26,1,0,0,1,0,11,8,8
557,3,1,1,0,68,0,0,0,0,0,9,1,11
558,3,1,1,0,41,2,0,0,0,0,11,10,3
559,4,2,0,0,37,1,0,0,0,0,11,5,4
560,3,1,1,1,38,11,0,0,1,0,9,8,8
561,3,1,1,1,22,1,0,1,1,1,4,5,4
562,0,0,0,1,36,4,0,0,1,0,11,9,5
563,1,0,1,0,48,2,0,0,0,0,0,2,7
564,1,0,1,1,23,6,0,0,1,0,0,3,9
565,1,0,1,0,50,11,0,0,0,0,9,5,4
566,1,0,1,1,34,10,0,1,1,-1,4,5,4
567,7,3,1,0,36,0,0,0,0,0,2,5,3
568,3,1,1,1,30,22,0,0,1,-1,10,8,8
569,2,1,0,0,53,0,0,0,0,0,11,5,6
570,1,0,1,1,25,7,0,1,1,-1,4,5,4
571,0,0,0,0,25,1,0,0,0,0,11,5,8
572,1,0,1,0,71,8,0,0,0,-1,10,2,7
573,1,0,1,0,39,10,0,4,0,-1,8,5,4
574,0,0,0,0,37,0,0,0,0,0,2,5,8
575,0,0,0,0,29,3,0,0,0,0,11,5,8
576,1,0,1,1,22,2,0,0,1,0,0,3,9
577,1,0,1,1,26,4,0,0,1,0,0,3,9
578,5,2,1,0,35,5,0,0,0,0,11,5,3
579,0,0,0,1,47,19,0,0,1,-1,5,9,5
580,6,3,0,0,23,0,0,0,0,0,2,5,4
581,2,1,0,1,20,1,0,0,1,0,11,9,5
583,3,1,1,1,55,18,0,0,1,-1,5,8,8
584,0,0,0,0,53,0,0,0,0,0,11,5,8
585,1,0,1,0,25,6,0,0,0,0,0,0,10
586,7,3,1,0,23,2,0,0,0,0,11,5,3
587,7,3,1,1,27,1,0,0,1,0,11,6,2
588,1,0,1,1,41,8,0,0,1,0,0,7,1
589,3,1,1,0,47,0,0,0,0,0,11,10,11
590,1,0,1,0,37,4,0,0,0,0,0,0,10
591,0,0,0,0,35,4,0,0,0,0,11,5,8
592,3,1,1,1,21,2,0,2,1,-1,6,5,4
593,1,0,1,0,57,11,0,0,0,0,9,2,7
594,3,1,1,0,48,0,0,0,0,0,11,1,11
595,0,0,0,0,37,3,0,0,0,0,11,5,8
596,1,0,1,1,22,1,0,1,1,1,4,5,4
597,1,0,1,1,32,22,0,0,1,-1,10,4,4
598,1,0,1,0,63,0,0,0,0,0,0,2,7
599,3,1,1,1,26,2,0,0,1,0,11,8,8
600,3,1,1,0,20,0,0,0,0,0,2,10,3
601,0,0,0,1,24,1,0,0,1,0,11,9,5
602,0,0,0,0,36,1,0,0,0,0,11,5,8
603,5,2,1,0,83,0,0,0,0,-1,10,1,11
604,1,0,1,1,36,3,0,0,1,0,0,3,9
605,1,0,1,0,39,0,0,0,0,0,2,0,10
606,7,3,1,0,29,3,0,0,0,0,11,5,3
607,1,0,1,1,30,17,0,0,1,-1,5,4,0
608,2,1,0,1,19,1,1,1,1,-1,1,9,5
609,5,2,1,0,36,11,0,0,0,0,9,5,3
610,2,1,0,0,29,1,0,0,0,0,11,5,6
611,1,0,1,0,35,7,0,0,0,0,0,0,10
612,3,1,1,0,26,0,0,0,0,0,2,10,3
613,3,1,1,0,26,8,0,0,0,0,11,10,3
614,1,0,1,0,52,7,0,0,0,0,0,2,7
615,1,0,1,1,28,14,0,0,1,0,9,4,0
616,2,1,0,1,32,1,0,0,1,0,11,9,5
617,1,0,1,0,29,16,0,1,0,-1,4,5,4
618,3,1,1,0,43,0,0,0,0,0,11,10,3
619,1,0,1,1,35,13,0,0,1,0,9,4,0
620,7,3,1,1,21,0,0,0,1,0,2,6,2
621,1,0,1,0,43,20,1,0,0,-1,1,5,4
622,1,0,1,1,25,3,0,1,1,1,4,5,4
623,1,0,1,1,48,25,1,0,1,-1,1,4,4
624,1,0,1,1,52,9,1,0,1,-1,1,7,1
625,3,1,1,1,26,5,0,0,1,0,11,8,8
626,1,0,1,1,67,4,0,0,1,-1,5,7,1
627,3,1,1,0,56,4,0,0,0,0,11,1,11
628,3,1,1,1,26,4,0,0,1,0,11,8,8
629,3,1,1,1,24,3,0,2,1,-1,6,5,4
630,1,0,1,1,24,5,0,1,1,1,4,5,4
631,3,1,1,0,46,0,0,0,0,0,11,10,3
632,4,2,0,0,30,1,0,0,0,0,11,5,4
633,1,0,1,0,24,7,0,1,0,-1,4,5,4
634,1,0,1,1,31,25,0,3,1,-1,8,5,4
635,1,0,1,1,39,13,0,0,1,0,9,4,0
636,7,3,1,0,46,0,0,0,0,0,0,5,3
637,1,0,1,1,48,5,0,0,1,0,0,7,1
638,0,0,0,0,30,4,0,0,0,0,11,5,8
639,1,0,1,0,23,3,1,0,0,2,7,5,4
640,3,1,1,0,42,3,0,0,0,0,11,10,3
641,1,0,1,1,23,6,0,3,1,-1,1,5,4
642,2,1,0,0,37,4,0,0,0,0,11,5,6
644,1,0,1,0,32,1,0,0,0,0,0,0,10
645,5,2,1,1,24,3,0,0,1,0,11,6,2
646,1,0,1,0,51,3,0,0,0,0,0,2,7
647,2,1,0,1,31,1,0,0,1,0,11,9,5
648,0,0,0,0,29,1,0,0,0,0,11,5,8
649,5,2,1,0,43,0,0,0,0,0,11,5,3
650,3,1,1,1,52,1,0,0,1,0,11,8,8
651,5,2,1,0,27,1,0,0,0,0,11,5,3
652,4,2,0,0,57,1,0,0,0,0,11,5,4
653,5,2,1,1,45,0,0,0,1,0,11,6,2
654,2,1,0,0,28,3,0,0,0,0,11,5,6
655,5,2,1,0,28,1,0,0,0,0,11,5,3
656,1,0,1,1,46,2,0,0,1,0,0,7,1
657,2,1,0,1,57,1,0,0,1,0,11,9,5
658,1,0,1,1,21,2,0,0,1,0,0,3,9
659,1,0,1,1,32,19,0,0,1,-1,5,4,4
660,1,0,1,0,63,3,0,0,0,0,9,2,7
661,1,0,1,1,23,5,0,0,1,0,0,3,9
662,1,0,1,0,27,1,0,0,0,0,0,0,10
663,4,2,0,0,69,0,0,0,0,0,9,5,4
664,5,2,1,0,47,0,0,0,0,0,11,5,3
665,5,2,1,0,45,1,0,0,0,0,11,5,3
666,2,1,0,0,33,1,0,0,0,0,11,5,6
667,4,2,0,1,27,0,0,0,1,0,2,11,5
668,3,1,1,1,47,4,0,0,1,0,11,8,8
669,1,0,1,1,32,14,0,0,1,0,9,4,0
670,1,0,1,1,25,2,0,0,1,0,0,3,9
671,1,0,1,1,22,6,1,1,1,-1,1,5,4
672,1,0,1,1,33,7,0,0,1,0,0,3,0
673,3,1,1,0,35,2,0,0,0,0,11,10,3
674,3,1,1,0,41,5,0,0,0,0,11,10,3
675,2,1,0,1,21,0,0,1,1,1,4,9,5
676,1,0,1,1,27,10,0,0,1,0,0,4,0
677,4,2,0,1,21,0,0,0,1,0,2,11,5
678,5,2,1,0,30,1,0,0,0,0,11,5,3
679,1,0,1,1,36,5,0,0,1,0,0,3,1
680,4,2,0,1,24,2,0,0,1,0,11,11,5
681,1,0,1,1,29,10,0,0,1,0,0,4,0
682,1,0,1,1,54,4,0,0,1,0,0,7,1
683,3,1,1,0,38,2,0,0,0,0,11,10,3
684,1,0,1,1,26,0,0,0,1,0,2,3,9
685,5,2,1,0,56,0,0,0,0,0,11,1,11
686,1,0,1,1,52,6,0,0,1,0,0,7,1
687,0,0,0,0,23,6,0,0,0,0,11,5,8
688,3,1,1,1,32,8,0,0,1,0,11,8,8
689,5,2,1,0,25,0,0,0,0,0,2,5,3
690,1,0,1,1,32,5,0,1,1,-1,4,5,4
691,0,0,0,0,30,3,0,0,0,0,11,5,8
692,3,1,1,0,32,8,1,0,0,-1,7,10,3
693,1,0,1,1,29,6,0,0,1,0,0,3,9
694,2,1,0,1,36,4,0,0,1,0,11,9,5
695,5,2,1,0,45,2,0,0,0,0,11,5,3
696,1,0,1,1,30,6,0,0,1,0,0,3,9
697,1,0,1,0,51,17,0,0,0,-1,5,5,4
698,5,2,1,1,45,20,0,0,1,-1,10,6,2
699,3,1,1,0,24,2,0,0,0,0,11,10,3
700,6,3,0,0,42,2,0,0,0,0,11,5,4
701,0,0,0,1,38,8,0,1,1,-1,4,9,5
702,5,2,1,0,69,0,0,0,0,0,9,1,11
703,5,2,1,1,21,1,0,0,1,0,11,6,2
704,5,2,1,0,59,1,0,0,0,0,11,1,11
705,3,1,1,0,44,6,0,0,0,0,11,10,3
706,1,0,1,1,35,17,0,1,1,-1,4,5,4
707,1,0,1,0,33,1,0,0,0,0,0,0,10
708,3,1,1,0,60,1,0,0,0,0,11,1,11
709,5,2,1,0,53,0,0,0,0,0,11,1,3
710,5,2,1,1,51,0,0,0,1,0,11,6,2
711,5,2,1,0,25,1,0,0,0,0,11,5,3
712,1,0,1,1,27,5,2,1,1,-1,1,5,4
713,0,0,0,0,54,0,0,0,0,0,11,5,8
714,0,0,0,0,26,3,0,0,0,0,11,5,8
715,3,1,1,0,24,3,1,2,0,-1,1,5,3
716,5,2,1,1,55,1,0,0,1,0,11,6,2
717,5,2,1,0,26,0,0,0,0,0,2,5,3
718,0,0,0,0,75,5,0,0,0,-1,10,5,8
719,1,0,1,1,36,16,0,0,1,-1,9,4,4
720,7,3,1,1,34,0,0,0,1,0,2,6,2
721,0,0,0,1,25,5,0,0,1,0,11,9,5
722,1,0,1,1,42,13,1,0,1,-1,7,5,4
723,1,0,1,0,59,2,0,0,0,0,0,2,7
724,3,1,1,0,39,1,0,0,0,0,11,10,3
725,3,1,1,0,46,5,0,0,0,0,11,10,3
726,7,3,1,0,25,1,0,0,0,0,11,5,3
727,3,1,1,0,55,2,0,0,0,0,11,1,11
728,1,0,1,1,55,17,0,0,1,-1,5,7,1
729,1,0,1,0,32,2,0,0,0,0,0,0,10
730,1,0,1,1,36,4,0,0,1,0,0,3,9
731,0,0,0,1,26,4,0,0,1,0,11,9,5
732,2,1,0,1,50,30,0,0,1,-1,10,9,5
733,1,0,1,0,47,4,0,0,0,0,0,5,4
734,1,0,1,0,36,2,0,0,0,0,0,0,10
735,2,1,0,0,38,0,0,0,0,0,2,5,6
736,7,3,1,0,35,0,0,0,0,0,2,5,3
737,3,1,1,0,53,0,0,0,0,0,11,1,11
738,1,0,1,0,57,19,0,0,0,-1,5,5,4
739,1,0,1,1,22,5,0,0,1,0,0,3,9
740,2,1,0,0,49,4,0,0,0,0,11,5,6
741,3,1,1,0,44,3,0,0,0,0,11,10,3
742,1,0,1,0,34,1,0,0,0,0,0,0,10
743,1,0,1,1,45,10,0,0,1,0,9,7,1
744,5,2,1,0,38,0,0,0,0,0,2,5,3
745,3,1,1,0,50,2,0,0,0,0,11,1,11
746,5,2,1,0,44,2,0,0,0,0,11,5,3
747,0,0,0,1,22,1,0,0,1,0,11,9,5
748,1,0,1,1,49,1,0,0,1,0,0,7,1
749,3,1,1,0,59,2,0,0,0,0,11,1,11
750,3,1,1,0,32,6,0,0,0,0,11,10,3
751,5,2,1,0,40,0,0,0,0,0,2,5,3
752,4,2,0,0,54,0,0,0,0,0,11,5,4
753,4,2,0,0,40,1,0,0,0,0,11,5,4
754,2,1,0,1,62,2,0,0,1,0,11,9,5
755,1,0,1,0,37,18,2,0,0,-1,1,5,4
756,2,1,0,1,30,5,0,0,1,0,11,9,5
757,3,1,1,1,29,7,0,0,1,0,11,8,8
758,2,1,0,0,54,1,0,0,0,0,11,5,6
759,3,1,1,0,50,8,0,0,0,0,11,1,3
760,1,0,1,0,50,7,0,0,0,0,0,5,4
761,3,1,1,0,40,3,0,0,0,0,11,10,3
762,2,1,0,0,24,2,0,0,0,0,11,5,6
763,0,0,0,1,23,3,0,0,1,0,11,9,5
764,3,1,1,1,54,3,0,0,1,0,11,8,8
765,3,1,1,0,46,1,0,0,0,0,11,10,3
766,4,2,0,0,35,10,0,0,0,0,11,5,4
767,1,0,1,1,33,16,0,0,1,-1,9,4,0
768,2,1,0,1,49,0,0,0,1,0,11,9,5
769,1,0,1,0,30,10,0,0,0,0,0,0,4
770,1,0,1,1,33,12,0,0,1,0,9,4,0
771,2,1,0,0,40,0,0,0,0,0,2,5,6
772,1,0,1,1,43,9,0,0,1,0,0,7,1
773,3,1,1,0,26,11,0,0,0,0,9,10,3
774,1,0,1,1,25,11,0,1,1,-1,4,5,4
775,1,0,1,1,61,1,0,0,1,0,0,7,1
776,0,0,0,0,52,1,0,0,0,0,11,5,8
777,1,0,1,0,47,5,0,0,0,0,0,5,4
778,2,1,0,0,52,6,0,0,0,0,11,5,6
779,2,1,0,0,41,0,0,0,0,0,2,5,6
780,0,0,0,0,34,14,0,0,0,0,9,5,8
781,1,0,1,1,24,5,0,0,1,0,0,3,9
782,3,1,1,0,31,3,0,0,0,0,11,10,3
783,2,1,0,0,62,0,0,0,0,0,11,5,6
784,3,1,1,0,35,0,0,0,0,0,2,10,3
785,2,1,0,1,56,1,0,0,1,0,11,9,5
786,3,1,1,1,41,17,0,0,1,-1,5,8,8
787,3,1,1,1,35,4,0,0,1,0,11,8,8
788,1,0,1,0,56,0,0,0,0,0,0,2,7
789,5,2,1,0,37,4,0,1,0,-1,4,5,3
790,3,1,1,0,23,1,0,1,0,1,4,10,3
791,0,0,0,0,21,3,1,2,0,-1,1,5,4
792,0,0,0,0,35,2,0,0,0,0,11,5,8
793,1,0,1,0,41,9,2,1,0,-1,8,5,4
794,5,2,1,1,20,2,0,0,1,0,11,6,2
795,1,0,1,1,28,9,0,0,1,0,0,4,0
797,4,2,0,0,22,0,0,0,0,0,2,5,4
798,0,0,0,1,27,3,0,0,1,0,11,9,5
799,1,0,1,0,50,4,0,0,0,0,0,5,7
800,2,1,0,1,33,2,0,0,1,0,11,9,5
802,2,1,0,1,29,11,0,0,1,0,11,9,5
803,0,0,0,1,32,6,0,0,1,0,11,9,5
804,2,1,0,0,26,3,0,0,0,0,11,5,6
805,1,0,1,0,25,5,0,0,0,0,0,0,10
806,0,0,0,0,29,2,0,0,0,0,11,5,8
808,2,1,0,0,54,12,0,0,0,-1,5,5,6
809,2,1,0,0,37,1,0,0,0,0,11,5,6
810,3,1,1,1,49,8,0,0,1,0,11,8,8
811,0,0,0,0,33,1,0,0,0,0,11,5,8
812,1,0,1,1,28,7,0,0,1,0,0,3,0
813,1,0,1,0,38,3,0,0,0,0,0,0,10
814,0,0,0,0,34,0,0,0,0,0,2,5,8
815,1,0,1,1,34,3,0,0,1,0,0,3,9
816,1,0,1,0,38,1,0,0,0,0,0,0,10
817,5,2,1,0,32,0,0,0,0,0,2,5,3
818,2,1,0,0,30,1,0,0,0,0,11,5,6
819,2,1,0,0,28,1,0,0,0,0,11,5,6
820,3,1,1,1,30,2,0,0,1,0,11,8,8
821,2,1,0,0,45,3,0,0,0,0,11,5,6
822,7,3,1,1,20,8,0,8,1,-1,-1,5,4
823,0,0,0,1,42,0,0,0,1,0,11,9,5
824,1,0,1,1,24,8,1,1,1,-1,1,5,4
825,1,0,1,0,60,12,0,0,0,-1,5,2,7
826,1,0,1,0,33,6,0,0,0,0,0,0,10
827,3,1,1,0,24,4,0,0,0,0,11,10,3
828,1,0,1,1,29,4,1,1,1,-1,1,5,4
829,3,1,1,1,21,1,1,0,1,2,7,8,8
830,3,1,1,1,30,10,0,0,1,0,11,8,8
831,7,3,1,0,27,0,0,0,0,0,2,5,3
832,3,1,1,0,30,3,0,0,0,0,11,10,3
833,3,1,1,0,57,0,0,0,0,0,11,1,11
834,3,1,1,1,51,3,0,0,1,0,11,8,8
835,1,0,1,1,35,4,0,0,1,0,0,3,9
836,2,1,0,1,32,0,0,0,1,0,2,9,5
837,0,0,0,1,39,22,0,0,1,-1,10,9,5
838,7,3,1,0,40,0,0,0,0,0,2,5,3
839,2,1,0,0,45,5,0,0,0,0,11,5,6
840,1,0,1,1,31,4,0,0,1,0,0,3,9
841,5,2,1,0,23,4,0,0,0,0,11,5,3
842,2,1,0,0,44,1,0,0,0,0,11,5,6
843,3,1,1,0,53,4,0,0,0,0,11,1,11
844,5,2,1,0,47,1,0,0,0,0,11,5,3
845,3,1,1,1,37,1,0,0,1,0,11,8,8
846,5,2,1,0,60,1,0,0,0,0,11,1,11
847,5,2,1,1,26,1,0,0,1,0,11,6,2
848,0,0,0,1,26,5,0,0,1,0,11,9,5
849,0,0,0,0,39,1,0,0,0,0,11,5,8
850,1,0,1,0,44,2,0,0,0,0,0,0,10
851,3,1,1,0,45,0,0,0,0,0,11,10,3
853,3,1,1,1,23,6,0,0,1,0,11,8,8
854,1,0,1,0,37,1,0,0,0,0,0,0,10
856,3,1,1,0,65,2,0,0,0,0,9,1,11
857,3,1,1,0,54,4,0,0,0,0,11,1,11
858,1,0,1,1,47,7,0,0,1,0,9,7,1
859,1,0,1,1,39,5,0,0,1,0,0,7,1
860,3,1,1,1,51,7,0,0,1,0,11,8,8
861,1,0,1,0,44,0,0,0,0,0,0,0,10
862,3,1,1,0,49,12,0,0,0,0,9,5,3
863,1,0,1,1,22,6,0,3,1,-1,1,5,4
864,1,0,1,1,20,2,2,0,1,-1,1,5,4
865,5,2,1,0,28,11,0,0,0,0,11,5,3
866,7,3,1,0,45,0,0,0,0,0,0,5,3
867,2,1,0,0,51,5,0,0,0,0,11,5,6
868,1,0,1,0,43,2,0,0,0,0,0,0,10
869,0,0,0,0,63,1,0,0,0,0,11,5,8
870,1,0,1,1,32,17,1,2,1,-1,1,5,4
871,7,3,1,0,32,4,0,0,0,0,11,5,3
872,5,2,1,0,39,3,0,0,0,0,11,5,3
873,1,0,1,1,21,2,2,0,1,-1,1,5,4
874,3,1,1,0,43,2,0,0,0,0,11,10,3
875,1,0,1,0,22,6,0,0,0,0,0,0,10
876,1,0,1,1,25,15,0,3,1,-1,1,5,4
877,5,2,1,0,39,0,0,0,0,0,2,5,3
878,1,0,1,0,59,1,0,0,0,0,0,2,7
879,1,0,1,1,53,8,0,0,1,0,9,7,1
880,3,1,1,0,34,2,0,0,0,0,11,10,3
881,3,1,1,0,36,6,0,0,0,0,11,10,3
882,2,1,0,0,66,1,0,0,0,0,11,5,6
883,7,3,1,0,66,0,0,0,0,0,11,5,3
884,1,0,1,1,30,7,0,0,1,0,0,3,0
885,3,1,1,1,43,4,0,0,1,0,11,8,8
886,1,0,1,0,35,3,0,0,0,0,0,0,10
887,1,0,1,1,19,2,3,0,1,-1,8,5,4
888,1,0,1,0,62,15,0,0,0,-1,10,5,4
889,2,1,0,0,33,0,0,0,0,0,2,5,6
890,3,1,1,1,59,17,0,0,1,-1,10,8,8
891,3,1,1,1,31,10,0,0,1,0,11,8,8
892,7,3,1,0,56,9,0,0,0,0,9,5,3
893,1,0,1,0,22,3,0,3,0,-1,1,5,4
894,1,0,1,1,20,2,0,1,1,1,4,5,4
895,1,0,1,0,41,2,0,0,0,0,0,0,10
896,0,0,0,0,28,4,0,0,0,0,11,5,8
897,3,1,1,0,31,7,0,0,0,0,11,10,3
898,3,1,1,1,23,5,0,0,1,0,11,8,8
899,7,3,1,1,48,4,0,0,1,0,11,6,2
900,7,3,1,1,22,5,0,0,1,0,11,6,2
901,1,0,1,0,23,1,1,0,0,2,7,0,4
902,1,0,1,1,34,19,0,2,1,-1,1,5,4
903,2,1,0,0,59,1,0,0,0,0,11,5,6
904,0,0,0,1,38,14,0,0,1,0,9,9,5
905,0,0,0,0,42,2,0,0,0,0,11,5,8
906,3,1,1,0,57,15,0,0,0,-1,5,5,3
907,3,1,1,1,45,1,0,0,1,0,11,8,8
908,0,0,0,1,21,1,0,0,1,0,11,9,5
909,3,1,1,0,52,2,0,0,0,0,11,1,11
910,1,0,1,1,53,0,0,0,1,0,0,7,1
911,0,0,0,1,30,8,0,0,1,0,11,9,5
912,5,2,1,0,35,0,0,0,0,0,2,5,3
913,1,0,1,0,54,9,0,0,0,0,9,2,7
914,7,3,1,1,39,1,0,0,1,0,11,6,2
915,1,0,1,1,30,20,2,0,1,-1,8,5,4
916,3,1,1,1,23,5,1,0,1,-1,7,8,8
917,5,2,1,0,42,3,0,0,0,0,11,5,3
918,2,1,0,1,27,6,0,0,1,0,11,9,5
919,1,0,1,1,25,8,0,0,1,0,0,4,0
920,1,0,1,1,26,7,1,0,1,-1,7,5,4
921,2,1,0,0,60,2,0,0,0,0,11,5,6
922,1,0,1,1,48,9,0,0,1,0,9,7,1
923,5,2,1,1,28,3,0,0,1,0,11,6,2
924,3,1,1,0,32,3,0,0,0,0,11,10,3
925,1,0,1,1,52,15,0,0,1,-1,5,7,1
926,3,1,1,1,61,3,0,0,1,0,11,7,8
927,1,0,1,0,69,3,0,0,0,-1,5,2,7
928,7,3,1,0,51,2,0,0,0,0,11,5,3
929,2,1,0,0,21,1,0,0,0,0,11,5,6
930,3,1,1,1,31,2,1,0,1,-1,7,8,8
931,1,0,1,1,19,3,0,2,1,-1,6,5,4
932,1,0,1,1,24,12,0,5,1,-1,3,5,4
933,3,1,1,1,24,3,0,0,1,0,11,8,8
934,5,2,1,0,57,3,0,0,0,0,11,1,3
935,3,1,1,0,30,6,0,0,0,0,11,10,3
936,1,0,1,1,43,4,0,0,1,0,0,7,1
937,2,1,0,0,30,7,0,0,0,0,11,5,6
938,1,0,1,1,31,6,3,0,1,-1,1,5,4
939,1,0,1,1,30,15,1,0,1,-1,1,5,4
940,3,1,1,0,64,0,0,0,0,0,11,1,11
941,0,0,0,0,50,1,0,0,0,0,11,5,8
943,2,1,0,0,25,5,0,0,0,0,11,5,6
944,0,0,0,0,47,1,0,0,0,0,11,5,8
945,5,2,1,0,53,4,0,0,0,0,11,5,3
946,3,1,1,1,54,14,0,0,1,-1,5,8,8
947,7,3,1,0,37,6,0,0,0,0,11,5,3
948,3,1,1,1,25,5,0,0,1,0,11,8,8
949,3,1,1,1,63,0,0,0,1,0,11,7,8
950,1,0,1,1,20,9,9,0,1,-1,-1,5,4
951,5,2,1,0,27,2,0,0,0,0,11,5,3
952,1,0,1,1,37,12,1,0,1,-1,7,5,4
953,2,1,0,1,20,3,0,2,1,-1,6,9,5
954,3,1,1,0,72,1,0,0,0,-1,9,1,11
955,3,1,1,1,21,5,0,0,1,0,9,8,8
956,3,1,1,1,27,4,0,0,1,0,11,8,8
957,3,1,1,1,55,13,0,0,1,-1,5,8,8
958,1,0,1,1,23,5,0,3,1,-1,1,5,4
959,3,1,1,0,56,1,0,0,0,0,11,1,11
960,3,1,1,0,55,11,0,0,0,0,9,1,11
961,4,2,0,1,23,0,0,0,1,0,2,11,5
962,7,3,1,1,31,2,0,0,1,0,11,6,2
963,1,0,1,0,56,3,0,0,0,0,0,2,7
964,1,0,1,1,27,6,0,0,1,0,0,3,9
965,1,0,1,0,34,15,0,0,0,0,9,5,4
966,1,0,1,0,32,12,0,0,0,0,9,0,4
967,1,0,1,1,47,14,4,0,1,-1,8,5,4
968,1,0,1,1,25,14,0,4,1,-1,8,5,4
969,5,2,1,0,59,0,0,0,0,0,11,1,11
970,2,1,0,1,27,1,0,0,1,0,11,9,5
971,0,0,0,0,29,11,0,0,0,0,11,5,8
972,3,1,1,0,72,3,0,0,0,-1,5,1,11
973,0,0,0,1,24,2,0,0,1,0,11,9,5
974,3,1,1,1,51,6,0,0,1,0,11,8,8
975,5,2,1,0,22,2,0,0,0,0,11,5,3
976,3,1,1,0,49,1,0,0,0,0,11,1,11
977,2,1,0,1,34,2,0,0,1,0,11,9,5
978,3,1,1,0,33,2,0,0,0,0,11,10,3
979,1,0,1,1,26,14,0,1,1,-1,4,5,4
980,4,2,0,0,28,2,0,0,0,0,11,5,4
981,1,0,1,1,58,24,0,0,1,-1,10,4,4
982,7,3,1,0,29,0,0,0,0,0,2,5,3
983,0,0,0,1,20,2,0,0,1,0,11,9,5
984,7,3,1,0,26,0,0,0,0,0,2,5,3
985,1,0,1,1,32,15,2,0,1,-1,1,5,4
986,1,0,1,1,38,10,0,0,1,0,9,4,0
987,3,1,1,1,42,2,0,0,1,0,11,8,8
988,5,2,1,1,32,2,0,0,1,0,11,6,2
989,1,0,1,0,30,11,0,2,0,-1,6,5,4
990,1,0,1,1,46,15,0,0,1,-1,5,4,1
991,1,0,1,0,36,5,2,0,0,-1,1,5,4
992,0,0,0,0,70,1,0,0,0,0,9,5,8
993,4,2,0,0,33,2,0,0,0,0,11,5,4
994,0,0,0,0,39,6,0,1,0,-1,4,5,8
995,3,1,1,0,25,6,0,1,0,-1,4,10,3
996,3,1,1,1,56,5,0,0,1,0,9,8,8
997,1,0,1,1,30,9,0,0,1,0,0,4,0
998,1,0,1,0,35,12,0,4,0,-1,8,5,4
999,1,0,1,1,54,8,0,0,1,0,9,7,1
1000,7,3,1,0,28,3,0,0,0,0,11,5,3
1002,0,0,0,0,46,1,0,0,0,0,11,5,8
1003,1,0,1,1,24,8,0,2,1,-1,6,5,4
1004,1,0,1,0,45,2,0,0,0,0,0,0,10
1005,3,1,1,0,61,0,0,0,0,0,11,1,11
1006,7,3,1,0,32,1,0,0,0,0,11,5,3
1007,3,1,1,0,43,9,0,0,0,0,11,10,3
1008,3,1,1,1,58,3,0,0,1,0,11,7,8
1009,1,0,1,0,57,12,0,0,0,-1,9,5,4
1010,1,0,1,0,44,6,0,0,0,0,0,0,4
1011,1,0,1,0,51,8,0,0,0,0,0,5,4
1012,5,2,1,0,45,4,0,0,0,0,11,5,3
1013,3,1,1,0,28,9,0,0,0,0,11,10,3
1014,1,0,1,1,45,8,0,0,1,0,0,7,1
1015,7,3,1,0,48,1,0,0,0,0,11,5,3
1016,1,0,1,1,26,13,0,1,1,-1,4,5,4
1017,3,1,1,1,34,9,1,0,1,-1,7,8,8
1018,1,0,1,1,31,8,0,0,1,0,0,4,0
1019,3,1,1,0,50,0,0,0,0,0,11,1,11
1020,0,0,0,0,31,2,0,0,0,0,11,5,8
1021,2,1,0,0,33,7,0,0,0,0,11,5,6
1022,1,0,1,1,37,8,0,0,1,0,0,4,1
1023,2,1,0,1,32,6,0,0,1,0,11,9,5
1024,0,0,0,1,23,2,0,0,1,0,11,9,5
1025,7,3,1,0,22,1,0,0,0,0,11,5,3
1026,7,3,1,0,52,2,0,0,0,0,11,5,3
1027,3,1,1,0,49,2,0,0,0,0,11,1,11
1028,3,1,1,1,55,3,0,0,1,0,11,8,8
1029,0,0,0,1,31,7,0,0,1,0,11,9,5
1030,5,2,1,0,37,2,0,0,0,0,11,5,3
1031,1,0,1,1,30,21,0,2,1,-1,1,5,4
1032,1,0,1,1,22,13,0,0,1,-1,10,4,0
1033,1,0,1,1,35,23,0,1,1,-1,1,5,4
1034,1,0,1,0,28,11,2,1,0,-1,1,5,4
1035,1,0,1,0,44,9,0,0,0,0,0,0,4
1036,5,2,1,0,25,5,0,0,0,0,11,5,3
1037,1,0,1,1,32,24,1,3,1,-1,8,5,4
1038,1,0,1,1,34,6,0,0,1,0,0,3,9
1039,3,1,1,1,19,0,0,0,1,0,11,8,8
1040,1,0,1,0,57,27,0,0,0,-1,10,5,4
1041,0,0,0,0,27,0,0,0,0,0,2,5,8
1042,3,1,1,0,66,1,0,0,0,0,11,1,11
1043,0,0,0,1,25,4,0,0,1,0,11,9,5
1044,1,0,1,1,38,6,0,0,1,0,0,7,1
1045,1,0,1,0,37,24,2,3,0,-1,3,5,4
1046,3,1,1,1,44,13,0,0,1,-1,9,8,8
1047,1,0,1,0,64,0,0,0,0,0,0,2,7
1048,2,1,0,0,49,8,0,0,0,0,11,5,6
1049,1,0,1,0,33,14,0,0,0,0,9,5,4
1050,2,1,0,1,30,2,0,0,1,0,11,9,5
1051,7,3,1,1,35,3,0,0,1,0,11,6,2
1052,1,0,1,1,48,14,0,0,1,-1,9,7,1
1053,1,0,1,1,24,4,0,1,1,1,4,5,4
1054,0,0,0,1,28,2,0,0,1,0,11,9,5
1055,2,1,0,1,44,4,0,0,1,0,11,9,5
1056,2,1,0,1,34,1,0,0,1,0,11,9,5
1057,3,1,1,1,20,1,0,1,1,1,4,5,4
1058,7,3,1,1,63,23,0,0,1,-1,10,6,2
1059,3,1,1,0,58,1,0,0,0,0,11,1,11
1060,2,1,0,0,35,4,0,0,0,0,11,5,6
1061,5,2,1,0,31,3,0,0,0,0,11,5,3
1062,4,2,0,0,34,5,0,0,0,0,11,5,4
1063,4,2,0,0,47,0,0,0,0,0,11,5,4
1065,1,0,1,0,47,6,0,0,0,0,0,5,4
1066,1,0,1,1,34,7,0,0,1,0,0,4,0
1067,1,0,1,0,25,9,0,0,0,0,9,0,10
1068,1,0,1,0,51,1,0,0,0,0,0,2,7
1069,3,1,1,0,28,6,0,0,0,0,11,10,3
1070,1,0,1,0,57,0,0,0,0,0,0,2,7
1071,1,0,1,1,34,27,0,0,1,-1,10,4,4
1072,3,1,1,1,31,1,0,0,1,0,11,8,8
1073,1,0,1,1,51,0,0,0,1,0,0,7,1
1074,5,2,1,0,51,3,0,0,0,0,11,5,3
1075,1,0,1,0,28,8,0,1,0,-1,4,5,4
1076,1,0,1,1,45,15,0,0,1,-1,5,4,1
1077,3,1,1,1,33,7,0,0,1,0,11,8,8
1078,7,3,1,0,31,0,0,0,0,0,2,5,3
1079,5,2,1,0,19,1,1,0,0,2,7,5,3
1080,3,1,1,0,32,0,0,0,0,0,2,10,3
1081,4,2,0,0,48,9,0,0,0,0,9,5,4
1082,0,0,0,0,40,0,0,0,0,0,2,5,8
1083,1,0,1,0,59,4,0,0,0,0,9,2,7
1084,2,1,0,1,44,11,0,0,1,0,9,9,5
1085,0,0,0,1,34,5,0,0,1,0,11,9,5
1086,2,1,0,0,35,3,0,1,0,-1,4,5,6
1087,3,1,1,0,65,4,0,0,0,-1,5,1,11
1088,1,0,1,1,29,7,0,2,1,-1,6,5,4
1089,1,0,1,1,30,5,1,0,1,-1,7,5,4
1090,3,1,1,0,54,0,0,0,0,0,11,1,11
1091,2,1,0,1,53,4,0,0,1,0,11,9,5
1092,5,2,1,1,37,3,0,0,1,0,11,6,2
1093,5,2,1,0,50,11,0,0,0,0,9,5,3
1094,3,1,1,1,32,5,0,0,1,0,11,8,8
1095,0,0,0,1,35,0,0,0,1,0,2,9,5
1096,5,2,1,0,41,1,0,0,0,0,11,5,3
1097,7,3,1,1,25,24,20,0,1,-1,-1,5,4
1098,5,2,1,0,35,12,0,1,0,-1,4,5,3
1099,3,1,1,1,69,6,0,0,1,-1,10,7,8
1100,7,3,1,0,59,1,0,0,0,0,11,5,3
1101,1,0,1,1,29,13,0,1,1,-1,4,5,4
1102,3,1,1,1,36,14,0,0,1,0,9,8,8
1103,1,0,1,1,32,8,0,0,1,0,0,4,0
1104,2,1,0,1,27,3,0,0,1,0,11,9,5
1105,1,0,1,0,42,7,0,0,0,0,0,0,4
1106,4,2,0,0,46,2,0,0,0,0,11,5,4
1107,2,1,0,0,31,0,0,0,0,0,2,5,6
1108,3,1,1,1,67,2,0,0,1,0,9,7,8
1109,6,3,0,0,22,0,0,0,0,0,2,5,4
1110,0,0,0,1,49,14,0,0,1,-1,9,9,5
1111,3,1,1,1,32,9,0,0,1,0,11,8,8
1112,3,1,1,0,41,9,0,0,0,0,11,10,3
1113,2,1,0,0,57,3,0,0,0,0,11,5,6
1114,3,1,1,0,58,0,0,0,0,0,11,1,11
1115,1,0,1,1,44,19,2,0,1,-1,1,5,4
1116,0,0,0,1,39,0,0,0,1,0,2,9,5
1117,1,0,1,0,30,11,4,1,0,-1,8,5,4
1118,3,1,1,1,27,4,0,1,1,1,4,5,4
1119,1,0,1,1,44,10,0,0,1,0,9,7,1
1120,1,0,1,0,51,4,0,0,0,0,0,2,7
1121,5,2,1,1,24,11,0,0,1,0,5,6,2
1122,1,0,1,1,26,8,2,1,1,-1,1,5,4
1123,3,1,1,1,36,5,0,0,1,0,11,8,8
1124,5,2,1,1,53,9,0,0,1,0,9,6,2
1125,1,0,1,0,56,4,0,0,0,0,0,2,7
1127,3,1,1,1,29,10,0,0,1,0,11,8,8
1129,0,0,0,0,58,3,0,0,0,0,11,5,8
1130,5,2,1,1,20,3,0,0,1,0,11,6,2
1131,3,1,1,1,46,10,0,0,1,0,9,8,8
1132,7,3,1,0,39,6,0,0,0,0,11,5,3
1133,1,0,1,1,31,19,0,0,1,-1,5,4,4
1134,3,1,1,1,37,11,0,0,1,0,9,8,8
1135,7,3,1,1,21,3,0,2,1,-1,6,6,2
1136,5,2,1,0,36,0,0,0,0,0,2,5,3
1137,3,1,1,1,32,15,2,0,1,-1,1,5,4
1138,1,0,1,1,33,10,0,0,1,0,0,4,0
1139,0,0,0,1,23,4,0,0,1,0,11,9,5
1140,1,0,1,1,37,13,0,1,1,-1,4,5,4
1141,0,0,0,1,52,21,0,0,1,-1,10,9,5
1142,1,0,1,0,58,1,0,0,0,0,0,2,7
1143,3,1,1,1,30,11,0,1,1,-1,4,5,4
1144,1,0,1,0,24,3,0,0,0,0,0,0,10
1145,1,0,1,0,30,18,0,3,0,-1,1,5,4
1146,4,2,0,1,25,4,0,0,1,0,11,11,5
1147,1,0,1,0,51,5,0,0,0,0,0,5,7
1148,1,0,1,1,26,8,0,0,1,0,0,4,0
1149,1,0,1,0,27,1,0,1,0,-1,4,5,4
1150,0,0,0,0,24,6,0,0,0,0,11,5,8
1151,3,1,1,0,46,9,0,0,0,0,9,10,3
1152,1,0,1,0,40,1,0,0,0,0,0,0,10
1153,3,1,1,1,59,3,0,0,1,0,11,7,8
1155,1,0,1,0,50,0,0,0,0,0,0,2,7
1156,6,3,0,1,21,2,0,0,1,0,11,11,5
1157,1,0,1,1,57,8,0,0,1,0,9,7,1
1158,0,0,0,0,51,1,0,0,0,0,11,5,8
1159,2,1,0,0,25,0,0,0,0,0,2,5,6
1160,3,1,1,0,57,2,0,0,0,0,11,1,11
1161,5,2,1,1,20,2,2,0,1,-1,1,6,2
1162,1,0,1,0,58,16,0,0,0,-1,5,5,4
1163,1,0,1,1,32,21,0,0,1,-1,10,4,4
1164,4,2,0,0,24,0,0,0,0,0,2,5,4
1165,5,2,1,0,56,8,0,0,0,0,9,5,3
1166,0,0,0,1,44,11,0,1,1,-1,1,9,5
1167,1,0,1,1,30,14,0,1,1,-1,4,5,4
1168,1,0,1,0,42,2,0,0,0,0,0,0,10
1169,1,0,1,1,46,5,0,0,1,0,0,7,1
1170,1,0,1,0,37,12,0,0,0,0,9,0,4
1171,7,3,1,0,31,5,0,0,0,0,11,5,3
1172,2,1,0,0,64,7,0,0,0,-1,5,5,6
1173,1,0,1,0,56,1,0,0,0,0,0,2,7
1174,0,0,0,0,40,4,0,0,0,0,11,5,8
1175,1,0,1,0,61,5,0,0,0,0,5,2,7
1176,1,0,1,0,31,9,0,0,0,0,0,0,10
1177,0,0,0,1,41,4,0,0,1,0,11,9,5
1178,1,0,1,0,30,3,0,0,0,0,0,0,10
1179,0,0,0,0,50,7,0,0,0,0,11,5,8
1180,5,2,1,1,31,16,0,0,1,-1,9,6,2
1181,1,0,1,1,31,13,0,0,1,0,9,4,0
1182,1,0,1,0,60,0,0,0,0,0,0,2,7
1183,6,3,0,0,32,0,0,0,0,0,2,5,4
1184,1,0,1,0,28,6,4,0,0,-1,8,5,4
1186,0,0,0,0,40,7,0,0,0,0,11,5,8
1187,1,0,1,0,41,19,0,0,0,-1,5,5,4
1188,5,2,1,1,40,8,0,0,1,0,11,6,2
1189,5,2,1,1,30,5,0,0,1,0,11,6,2
1190,1,0,1,1,33,11,0,0,1,0,9,4,0
1191,3,1,1,1,25,6,0,0,1,0,11,8,8
1192,1,0,1,1,58,38,0,0,1,-1,8,4,4
1193,1,0,1,1,30,7,0,1,1,-1,4,5,4
1194,2,1,0,0,43,7,0,0,0,0,11,5,6
1195,7,3,1,1,39,4,0,1,1,-1,4,6,2
1196,3,1,1,0,49,4,0,0,0,0,11,1,11
1197,1,0,1,1,27,13,0,2,1,-1,6,5,4
1198,1,0,1,1,25,4,2,0,1,-1,1,5,4
1199,1,0,1,0,41,4,0,0,0,0,0,0,10
1200,3,1,1,1,22,5,0,0,1,0,11,8,8
1201,2,1,0,0,27,2,0,0,0,0,11,5,6
1202,1,0,1,1,33,23,0,0,1,-1,10,4,4
1203,6,3,0,0,27,0,0,0,0,0,2,5,4
1204,7,3,1,0,21,1,1,0,0,2,7,5,3
1205,1,0,1,0,38,9,0,0,0,0,0,0,4
1206,7,3,1,0,61,0,0,0,0,0,11,5,3
1207,4,2,0,1,30,3,0,0,1,0,11,11,5
1208,1,0,1,0,29,6,0,1,0,-1,4,5,4
1209,3,1,1,1,45,9,0,0,1,0,11,8,8
1210,0,0,0,0,46,4,0,0,0,0,11,5,8
1211,0,0,0,0,46,0,0,0,0,0,11,5,8
1212,3,1,1,0,39,8,0,0,0,0,11,10,3
1213,1,0,1,1,29,12,0,0,1,0,0,4,0
1214,1,0,1,1,29,11,0,0,1,0,0,4,0
1215,1,0,1,0,23,2,1,0,0,2,7,5,4
1216,3,1,1,1,70,11,0,0,1,-1,10,8,8
1218,1,0,1,1,55,21,0,0,1,-1,10,4,4
1219,2,1,0,0,49,1,0,0,0,0,11,5,6
1220,0,0,0,1,26,9,0,0,1,0,11,9,5
1221,2,1,0,0,47,0,0,0,0,0,11,5,6
1222,3,1,1,1,25,5,0,2,1,-1,6,5,4
1223,1,0,1,1,37,26,0,0,1,-1,10,4,4
1224,3,1,1,0,70,0,0,0,0,0,9,1,11
1225,7,3,1,1,40,4,0,0,1,0,11,6,2
1226,1,0,1,1,43,18,0,0,1,-1,5,4,4
1227,2,1,0,0,27,0,0,0,0,0,2,5,6
1228,6,3,0,1,20,0,0,0,1,0,2,11,5
1229,5,2,1,0,44,0,0,0,0,0,11,5,3
1230,3,1,1,1,48,13,0,0,1,-1,9,8,8
1231,1,0,1,0,40,3,0,0,0,0,0,0,10
1232,2,1,0,0,49,3,0,0,0,0,11,5,6
1233,5,2,1,0,31,1,0,1,0,-1,4,5,3
1234,2,1,0,1,27,4,0,0,1,0,11,9,5
1235,3,1,1,0,48,9,0,0,0,0,9,5,3
1236,5,2,1,0,46,0,0,0,0,0,11,5,3
1237,0,0,0,1,21,1,1,0,1,2,7,9,5
1238,3,1,1,1,39,3,0,0,1,0,11,8,8
1239,4,2,0,1,30,0,0,0,1,0,2,11,5
1240,3,1,1,0,59,0,0,0,0,0,11,1,11
1241,1,0,1,1,38,37,0,5,1,-1,3,5,4
1242,0,0,0,1,36,7,0,0,1,0,11,9,5
1243,3,1,1,1,35,7,0,0,1,0,11,8,8
1244,0,0,0,1,28,3,0,0,1,0,11,9,5
1245,3,1,1,0,60,3,0,0,0,0,11,1,11
1246,1,0,1,1,31,15,0,2,1,-1,1,5,4
1247,1,0,1,1,54,6,0,0,1,0,0,7,1
1248,1,0,1,1,24,17,0,0,1,-1,10,4,0
1249,5,2,1,1,41,0,0,0,1,0,2,6,2
1250,4,2,0,1,29,1,0,0,1,0,11,11,5
1251,5,2,1,1,52,9,0,0,1,0,9,6,2
1252,6,3,0,0,40,0,0,0,0,0,2,5,4
1253,0,0,0,0,45,1,0,0,0,0,11,5,8
1254,1,0,1,1,46,10,0,0,1,0,9,7,1
1255,3,1,1,0,21,1,0,1,0,1,4,10,3
1256,1,0,1,0,50,7,1,0,0,-1,1,5,4
1257,3,1,1,1,35,6,0,0,1,0,11,8,8
1258,1,0,1,1,52,1,0,0,1,0,0,7,1
1259,0,0,0,1,29,9,0,0,1,0,11,9,5
1260,1,0,1,1,31,10,0,0,1,0,0,4,0
1261,1,0,1,0,47,0,0,0,0,0,0,0,10
1262,1,0,1,0,62,1,0,0,0,0,0,2,7
1263,1,0,1,1,21,3,1,2,1,-1,1,5,4
1264,1,0,1,0,35,13,3,0,0,-1,1,5,4
1265,1,0,1,1,46,3,0,0,1,0,0,7,1
1266,1,0,1,0,52,2,0,0,0,0,0,2,7
1267,0,0,0,0,39,7,0,1,0,-1,4,5,8
1268,2,1,0,1,19,0,0,0,1,0,11,9,5
1269,1,0,1,1,27,7,0,0,1,0,0,3,0
1270,5,2,1,1,24,6,1,0,1,-1,7,6,2
1271,1,0,1,1,25,21,0,1,1,-1,1,5,4
1272,1,0,1,1,27,25,0,0,1,-1,10,4,4
1273,1,0,1,1,36,19,0,0,1,-1,5,4,4
1274,1,0,1,0,48,1,0,0,0,0,0,2,10
1275,7,3,1,0,49,2,0,0,0,0,11,5,3
1276,3,1,1,1,36,4,0,0,1,0,11,8,8
1277,3,1,1,0,43,5,0,0,0,0,11,10,3
1278,0,0,0,1,21,4,1,0,1,-1,7,9,5
1279,1,0,1,0,53,1,0,0,0,0,0,2,7
1280,0,0,0,1,27,2,0,0,1,0,11,9,5
1281,1,0,1,1,47,22,0,0,1,-1,10,4,4
1282,3,1,1,0,49,7,0,0,0,0,11,5,3
1283,0,0,0,1,30,14,0,3,1,-1,1,5,4
1284,1,0,1,1,24,6,0,0,1,0,0,3,9
1285,5,2,1,1,34,1,0,0,1,0,11,6,2
1286,1,0,1,0,26,7,0,0,0,0,0,0,10
1287,5,2,1,0,60,0,0,0,0,0,11,1,11
1288,3,1,1,1,36,10,1,0,1,-1,7,8,8
1289,3,1,1,0,40,4,0,0,0,0,11,10,3
1290,7,3,1,1,28,1,0,0,1,0,11,6,2
1291,5,2,1,1,49,1,0,0,1,0,11,6,2
1292,1,0,1,1,46,8,0,0,1,0,0,7,1
1293,1,0,1,1,19,1,0,1,1,1,4,5,4
1294,3,1,1,1,26,8,0,3,1,-1,1,5,4
1295,2,1,0,1,39,4,0,0,1,0,11,9,5
1296,3,1,1,0,67,3,0,0,0,0,5,1,11
1297,5,2,1,0,33,0,0,0,0,0,2,5,3
1298,5,2,1,1,20,1,1,0,1,2,7,6,2
1299,1,0,1,1,45,17,0,0,1,-1,5,4,1
1300,3,1,1,0,36,9,0,0,0,0,11,10,3
1301,3,1,1,0,46,4,0,0,0,0,11,10,3
1302,1,0,1,0,38,4,0,0,0,0,0,0,10
1303,5,2,1,1,39,2,0,0,1,0,11,6,2
1304,4,2,0,1,32,0,0,0,1,0,2,11,5
1305,3,1,1,1,54,1,0,0,1,0,11,8,8
1306,0,0,0,1,28,10,0,0,1,0,11,9,5
1307,1,0,1,1,35,10,0,0,1,0,0,4,0
1308,7,3,1,0,53,1,0,0,0,0,11,5,3
1309,3,1,1,1,57,3,0,0,1,0,11,7,8
1310,3,1,1,0,61,10,0,0,0,-1,5,1,11
1311,1,0,1,1,48,10,1,0,1,-1,1,5,4
1312,1,0,1,0,42,4,0,0,0,0,0,0,10
1313,3,1,1,1,38,10,0,0,1,0,9,8,8
1314,1,0,1,0,39,4,0,0,0,0,0,0,10
1315,3,1,1,0,44,16,3,0,0,-1,8,5,4
1316,2,1,0,0,36,0,0,0,0,0,2,5,6
1317,0,0,0,0,54,7,0,0,0,0,11,5,8
1318,1,0,1,1,41,3,0,0,1,0,0,7,1
1319,3,1,1,1,31,11,0,0,1,0,11,8,8
1320,1,0,1,1,49,10,0,0,1,0,9,7,1
1321,1,0,1,0,55,1,0,0,0,0,0,2,7
1322,7,3,1,0,56,0,0,0,0,0,11,5,3
1323,7,3,1,0,46,2,0,0,0,0,11,5,3
1324,2,1,0,1,41,12,0,0,1,-1,5,9,5
1325,0,0,0,0,32,0,0,0,0,0,2,5,8
1326,1,0,1,1,37,9,0,0,1,0,0,4,0
1327,1,0,1,0,50,1,0,0,0,0,0,2,7
1328,0,0,0,0,52,8,0,0,0,0,9,5,8
1329,1,0,1,1,26,5,0,1,1,1,4,5,4
1330,1,0,1,1,45,13,0,0,1,-1,9,4,1
1331,7,3,1,1,19,0,0,0,1,0,11,6,2
1332,1,0,1,0,61,30,0,0,0,-1,1,5,4
1333,3,1,1,0,74,0,0,0,0,-1,5,1,11
1334,4,2,0,0,38,0,0,0,0,0,2,5,4
1335,3,1,1,0,75,2,0,0,0,-1,5,1,11
1336,0,0,0,0,38,0,0,0,0,0,2,5,8
1337,1,0,1,1,19,1,1,0,1,2,7,5,4
1338,1,0,1,0,53,4,0,0,0,0,0,2,7
1339,1,0,1,0,23,2,0,1,0,1,4,5,4
1340,3,1,1,1,55,33,0,0,1,-1,1,4,4
1341,2,1,0,0,64,1,0,0,0,0,11,5,6
1342,5,2,1,0,38,1,0,0,0,0,11,5,3
1343,4,2,0,0,41,0,0,0,0,0,2,5,4
1344,7,3,1,0,53,0,0,0,0,0,11,5,3
1345,3,1,1,0,28,14,0,0,0,0,9,10,3
1346,0,0,0,0,22,2,0,0,0,0,11,5,8
1347,1,0,1,0,36,15,0,0,0,-1,9,5,4
1348,1,0,1,1,41,18,2,0,1,-1,1,5,4
1349,0,0,0,0,31,14,0,0,0,0,9,5,8
1350,1,0,1,1,26,20,0,2,1,-1,1,5,4
1351,1,0,1,1,25,5,0,1,1,1,4,5,4
1352,1,0,1,1,32,16,0,0,1,-1,9,4,0
1353,3,1,1,0,65,6,0,0,0,-1,5,1,11
1354,3,1,1,1,36,1,0,0,1,0,11,8,8
1355,1,0,1,0,44,7,1,0,0,-1,7,5,4
1356,3,1,1,1,26,9,0,0,1,0,11,8,8
1357,7,3,1,1,23,5,0,0,1,0,11,6,2
1358,0,0,0,1,21,4,0,3,1,-1,1,5,4
1359,7,3,1,0,30,3,0,1,0,-1,4,5,3
1360,0,0,0,0,45,2,0,0,0,0,11,5,8
1361,1,0,1,1,57,6,0,0,1,0,9,7,1
1362,1,0,1,0,63,1,0,0,0,0,0,2,7
1363,1,0,1,1,62,3,0,0,1,0,9,7,1
1364,1,0,1,0,28,5,1,1,0,-1,1,5,4
1365,5,2,1,0,35,2,0,0,0,0,11,5,3
1366,4,2,0,1,56,2,0,0,1,0,11,11,5
1367,0,0,0,0,37,7,1,0,0,-1,7,5,8
1368,0,0,0,1,33,3,0,0,1,0,11,9,5
1369,7,3,1,1,38,2,0,0,1,0,11,6,2
1370,1,0,1,0,69,22,0,0,0,-1,10,5,4
1371,1,0,1,1,31,10,0,1,1,-1,4,5,4
1372,0,0,0,0,50,5,0,0,0,0,11,5,8
1373,7,3,1,0,37,11,2,0,0,-1,1,5,3
1374,5,2,1,1,23,6,0,0,1,0,11,6,2
1375,0,0,0,1,30,1,0,0,1,0,11,9,5
1376,0,0,0,0,59,0,0,0,0,0,11,5,8
1377,1,0,1,1,29,13,0,0,1,0,9,4,0
1378,5,2,1,0,67,0,0,0,0,0,9,1,11
1379,3,1,1,1,30,13,0,0,1,0,9,8,8
1380,5,2,1,0,45,8,0,0,0,0,11,5,3
1382,0,0,0,0,37,13,0,0,0,0,9,5,8
1383,1,0,1,1,19,0,0,0,1,0,0,3,9
1384,0,0,0,1,33,5,0,0,1,0,11,9,5
1385,1,0,1,1,43,6,0,0,1,0,0,7,1
1386,1,0,1,1,26,3,1,0,1,-1,7,5,4
1387,5,2,1,1,35,1,0,0,1,0,11,6,2
1388,7,3,1,0,40,1,0,0,0,0,11,5,3
1389,1,0,1,0,21,1,1,0,0,2,7,0,4
1390,3,1,1,1,38,3,0,0,1,0,11,8,8
1391,3,1,1,0,67,0,0,0,0,0,9,1,11
1392,2,1,0,1,50,2,0,0,1,0,11,9,5
1393,1,0,1,1,48,7,0,0,1,0,0,7,1
1394,5,2,1,1,29,17,0,1,1,-1,4,6,2
1395,5,2,1,1,96,2,0,0,1,-1,8,5,8
1396,5,2,1,0,29,0,0,0,0,0,2,5,3
1397,5,2,1,1,27,8,0,1,1,-1,4,6,2
1398,5,2,1,0,41,2,0,0,0,0,11,5,3
1399,1,0,1,1,26,12,0,0,1,0,9,4,0
1400,3,1,1,1,27,7,0,1,1,-1,4,5,4
1401,1,0,1,1,34,11,1,0,1,-1,7,5,4
1402,7,3,1,1,29,2,0,0,1,0,11,6,2
1403,2,1,0,0,22,2,0,1,0,1,4,5,6
1404,4,2,0,1,40,7,0,0,1,0,11,11,5
1405,1,0,1,0,31,3,0,1,0,-1,4,5,4
1406,3,1,1,1,45,19,0,0,1,-1,5,8,8
1407,5,2,1,0,33,1,0,0,0,0,11,5,3
1408,3,1,1,1,23,4,0,0,1,0,11,8,8
1409,1,0,1,0,36,6,0,0,0,0,0,0,10
1410,3,1,1,1,28,4,0,0,1,0,11,8,8
1411,3,1,1,1,23,3,0,0,1,0,11,8,8
1412,2,1,0,0,55,0,0,0,0,0,11,5,6
1413,1,0,1,0,41,13,0,0,0,-1,9,5,4
1414,1,0,1,0,30,10,0,1,0,-1,4,5,4
1415,1,0,1,1,26,13,0,0,1,0,9,4,0
1416,0,0,0,0,41,6,0,1,0,-1,4,5,8
1417,1,0,1,1,31,8,0,2,1,-1,6,5,4
1418,1,0,1,1,41,25,0,0,1,-1,10,4,4
1419,1,0,1,0,56,9,0,0,0,0,9,2,7
1420,2,1,0,0,48,1,0,0,0,0,11,5,6
1421,0,0,0,1,19,0,0,0,1,0,11,9,5
1422,1,0,1,1,35,14,0,1,1,-1,4,5,4
1423,2,1,0,0,41,1,0,0,0,0,11,5,6
1424,1,0,1,1,19,3,3,0,1,-1,8,5,4
1425,2,1,0,1,25,1,0,0,1,0,11,9,5
1426,1,0,1,1,25,13,4,0,1,-1,8,5,4
1427,2,1,0,0,40,4,0,0,0,0,11,5,6
1428,3,1,1,0,50,10,0,0,0,0,9,5,3
1429,3,1,1,1,28,7,0,0,1,0,11,8,8
1430,6,3,0,1,38,6,0,0,1,0,11,11,5
1431,4,2,0,1,38,20,0,0,1,-1,10,9,5
1432,1,0,1,1,32,26,2,0,1,-1,8,5,4
1433,3,1,1,1,30,19,0,0,1,-1,5,8,8
1434,1,0,1,1,26,9,0,1,1,-1,4,5,4
1435,1,0,1,1,30,9,0,1,1,-1,4,5,4
1436,2,1,0,0,35,2,0,0,0,0,11,5,6
1437,1,0,1,0,40,7,0,0,0,0,0,0,10
1438,1,0,1,1,37,22,0,0,1,-1,10,4,4
1439,3,1,1,0,22,2,1,0,0,2,7,10,3
1440,1,0,1,1,38,8,0,0,1,0,0,7,1
1441,1,0,1,1,36,10,0,0,1,0,0,4,0
1443,7,3,1,1,20,1,0,0,1,0,11,6,2
1444,0,0,0,1,30,9,0,0,1,0,11,9,5
1445,1,0,1,1,34,16,0,0,1,-1,9,4,0
1446,3,1,1,1,31,4,0,1,1,-1,4,5,4
1447,3,1,1,1,22,2,0,1,1,1,4,5,4
1448,1,0,1,0,39,2,0,0,0,0,0,0,10
1449,1,0,1,1,51,9,0,0,1,0,9,7,1
1450,3,1,1,1,43,3,0,0,1,0,11,8,8
1451,5,2,1,1,33,8,0,0,1,0,11,6,2
1452,1,0,1,0,46,12,0,0,0,0,9,5,4
1453,1,0,1,0,60,9,0,0,0,-1,9,2,7
1454,7,3,1,1,49,0,0,0,1,0,0,6,2
1455,1,0,1,1,30,12,0,0,1,0,0,4,0
1456,7,3,1,1,53,4,0,0,1,0,11,6,2
1457,3,1,1,0,51,2,0,0,0,0,11,1,11
1458,6,3,0,0,24,0,0,0,0,0,2,5,4
1459,7,3,1,1,24,2,0,1,1,1,4,6,2
1460,5,2,1,0,37,5,0,0,0,0,11,5,3
1461,4,2,0,0,54,2,0,0,0,0,11,5,4
1462,2,1,0,0,51,14,0,0,0,-1,5,5,6
1463,1,0,1,1,27,6,2,0,1,-1,1,5,4
1464,1,0,1,1,28,14,0,1,1,-1,4,5,4
1465,1,0,1,1,49,6,0,0,1,0,9,7,1
1466,3,1,1,0,56,2,0,0,0,0,11,1,11
1467,1,0,1,0,34,22,0,0,0,-1,10,5,4
1468,5,2,1,0,35,7,0,0,0,0,11,5,3
1469,1,0,1,1,50,24,0,0,1,-1,10,4,4
1470,3,1,1,1,54,12,0,0,1,-1,5,8,8
1471,7,3,1,1,37,4,0,0,1,0,11,6,2
1472,1,0,1,0,50,5,1,0,0,-1,1,5,4
1473,5,2,1,1,41,19,0,0,1,-1,5,6,2
1474,7,3,1,1,40,8,0,0,1,0,11,6,2
1475,3,1,1,1,33,5,0,1,1,-1,4,5,4
1476,6,3,0,0,64,0,0,0,0,0,11,5,4
1477,0,0,0,1,35,3,0,0,1,0,11,9,5
1478,1,0,1,1,20,1,0,1,1,1,4,5,4
1479,1,0,1,1,53,18,0,0,1,-1,5,4,1
1480,1,0,1,1,28,6,0,1,1,-1,4,5,4
1481,3,1,1,1,60,18,0,0,1,-1,10,8,8
1482,3,1,1,0,73,0,0,0,0,-1,5,1,11
1483,5,2,1,0,42,0,0,0,0,0,11,5,3
1484,1,0,1,0,40,6,0,0,0,0,0,0,10
1485,1,0,1,0,42,3,0,0,0,0,0,0,10
1486,3,1,1,1,32,11,1,0,1,-1,7,8,8
1487,1,0,1,1,47,1,0,0,1,0,0,7,1
1488,0,0,0,1,53,10,0,0,1,0,9,9,5
1489,7,3,1,0,38,1,0,0,0,0,11,5,3
1490,3,1,1,0,71,1,0,0,0,0,9,1,11
1491,2,1,0,0,61,0,0,0,0,0,11,5,6
1492,2,1,0,0,22,2,0,0,0,0,11,5,6
1493,3,1,1,0,24,6,0,2,0,-1,6,5,3
1494,3,1,1,0,64,8,0,0,0,-1,5,1,11
1495,2,1,0,1,45,7,0,1,1,-1,1,9,5
1496,0,0,0,1,34,1,0,0,1,0,11,9,5
1497,5,2,1,0,60,4,0,0,0,0,9,1,3
1498,1,0,1,1,60,19,0,0,1,-1,10,4,1
1499,1,0,1,0,56,24,0,0,0,-1,10,5,4
1500,3,1,1,1,25,9,0,1,1,-1,4,5,4
1501,1,0,1,0,47,15,0,0,0,-1,5,5,4
1502,1,0,1,1,32,6,0,0,1,0,0,3,9
1503,3,1,1,1,23,2,0,1,1,1,4,5,4
1504,5,2,1,1,23,3,0,0,1,0,11,6,2
1505,1,0,1,0,32,9,0,0,0,0,0,0,10
1506,0,0,0,0,49,0,0,0,0,0,11,5,8
1507,3,1,1,1,26,10,0,0,1,0,9,8,8
1508,1,0,1,1,18,2,3,0,1,-1,8,5,4
1509,1,0,1,0,34,8,3,0,0,-1,1,5,4
1510,3,1,1,0,54,2,0,0,0,0,11,1,11
1511,7,3,1,1,24,1,0,0,1,0,11,6,2
1512,1,0,1,0,64,20,0,0,0,-1,10,5,4
1513,3,1,1,1,28,5,0,0,1,0,11,8,8
1514,7,3,1,0,37,0,0,0,0,0,2,5,3
1515,7,3,1,0,25,2,0,0,0,0,11,5,3
1516,1,0,1,1,40,24,0,1,1,-1,1,5,4
1517,5,2,1,0,37,1,0,0,0,0,11,5,3
1518,7,3,1,1,51,14,0,0,1,-1,5,6,2
1519,0,0,0,0,47,0,0,0,0,0,11,5,8
1520,3,1,1,1,31,9,0,0,1,0,11,8,8
1521,1,0,1,0,60,10,0,0,0,-1,9,2,7
1522,0,0,0,0,46,7,0,0,0,0,9,5,8
1523,3,1,1,0,62,3,0,0,0,0,9,1,11
1524,7,3,1,1,57,10,0,0,1,0,9,6,2
1525,3,1,1,0,25,9,0,2,0,-1,6,10,3
1527,1,0,1,1,59,13,0,0,1,-1,5,7,1
1528,7,3,1,1,31,3,0,0,1,0,11,6,2
1529,3,1,1,1,31,4,0,0,1,0,11,8,8
1530,1,0,1,0,21,2,1,1,0,-1,1,5,4
1531,1,0,1,1,28,7,1,0,1,-1,7,5,4
1532,0,0,0,1,20,1,0,0,1,0,11,9,5
1533,4,2,0,1,39,10,0,0,1,0,9,11,5
1534,1,0,1,1,25,10,0,1,1,-1,4,5,4
1535,2,1,0,0,35,1,0,0,0,0,11,5,6
1536,1,0,1,0,43,8,0,0,0,0,0,0,4
1537,3,1,1,1,49,5,0,0,1,0,11,8,8
1538,2,1,0,0,65,1,0,0,0,0,11,5,6
1539,7,3,1,1,29,6,0,0,1,0,11,6,2
1540,7,3,1,0,42,6,0,0,0,0,11,5,3
1541,1,0,1,0,63,6,0,0,0,-1,5,2,7
1542,5,2,1,0,34,0,0,0,0,0,2,5,3
1543,0,0,0,0,50,0,0,0,0,0,11,5,8
1544,5,2,1,1,44,8,0,0,1,0,11,6,2
1545,1,0,1,0,54,10,0,0,0,0,9,5,7
1546,3,1,1,0,38,17,0,0,0,-1,5,10,3
1547,2,1,0,1,30,9,0,0,1,0,11,9,5
1548,1,0,1,0,56,6,0,0,0,0,9,2,7
1549,1,0,1,1,35,12,0,0,1,0,9,4,0
1550,0,0,0,1,64,1,0,0,1,0,11,9,5
1551,0,0,0,0,51,10,1,0,0,-1,1,5,8
1552,6,3,0,0,58,0,0,0,0,0,11,5,4
1553,3,1,1,1,20,1,0,0,1,0,11,8,8
1554,1,0,1,1,25,21,0,13,1,-1,-1,5,4
1555,1,0,1,0,34,12,0,0,0,0,9,0,4
1556,1,0,1,1,42,33,0,0,1,-1,1,4,4
1557,3,1,1,1,50,11,0,0,1,0,9,8,8
1558,5,2,1,1,30,2,0,0,1,0,11,6,2
1559,3,1,1,0,45,3,0,0,0,0,11,10,3
1560,1,0,1,0,40,15,1,0,0,-1,7,5,4
1561,1,0,1,1,37,10,0,0,1,0,0,4,0
1562,0,0,0,0,22,3,0,1,0,1,4,5,8
1563,1,0,1,0,57,2,0,0,0,0,0,2,7
1564,3,1,1,0,33,9,0,0,0,0,11,10,3
1565,0,0,0,1,30,10,0,3,1,-1,1,5,4
1566,7,3,1,0,31,5,0,1,0,-1,4,5,3
1567,5,2,1,0,67,2,0,0,0,0,9,1,11
1568,1,0,1,1,57,23,0,0,1,-1,10,4,4
1569,2,1,0,1,39,8,0,0,1,0,11,9,5
1570,3,1,1,0,65,3,0,0,0,0,9,1,11
1571,1,0,1,1,29,2,0,1,1,-1,4,5,4
1572,1,0,1,1,62,13,0,0,1,-1,5,7,1
1573,1,0,1,0,31,6,0,0,0,0,0,0,10
1574,0,0,0,0,56,1,0,0,0,0,11,5,8
1575,3,1,1,0,33,10,0,0,0,0,11,10,3
1576,3,1,1,1,50,3,0,0,1,0,11,8,8
1577,7,3,1,1,24,3,0,0,1,0,11,6,2
1578,0,0,0,0,30,4,0,1,0,-1,4,5,8
1579,4,2,0,0,35,0,0,0,0,0,2,5,4
1580,1,0,1,1,30,14,0,0,1,0,9,4,0
1581,0,0,0,1,27,4,0,0,1,0,11,9,5
1582,7,3,1,0,50,5,0,0,0,0,11,5,3
1583,0,0,0,0,32,3,0,0,0,0,11,5,8
1584,1,0,1,0,59,3,0,0,0,0,0,2,7
1585,6,3,0,0,35,0,0,0,0,0,2,5,4
1586,5,2,1,0,53,3,0,0,0,0,11,5,3
1587,1,0,1,1,24,9,1,0,1,-1,7,5,4
1588,1,0,1,1,31,16,2,1,1,-1,1,5,4
1589,1,0,1,1,23,7,0,1,1,-1,4,5,4
1590,4,2,0,0,47,2,0,0,0,0,11,5,4
1591,5,2,1,0,48,0,0,0,0,0,11,5,3
1592,1,0,1,0,52,19,0,0,0,-1,5,5,4
1593,1,0,1,0,37,14,0,0,0,0,9,0,4
1594,1,0,1,0,28,21,0,2,0,-1,1,5,4
1595,1,0,1,1,34,9,0,0,1,0,0,4,0
1596,1,0,1,1,46,9,1,0,1,-1,7,5,4
1597,1,0,1,1,21,3,0,1,1,1,4,5,4
1598,4,2,0,0,51,2,0,0,0,0,11,5,4
1599,1,0,1,1,23,4,0,1,1,1,4,5,4
1600,5,2,1,1,56,10,0,0,1,0,9,6,2
1601,5,2,1,0,31,1,0,0,0,0,11,5,3
1602,7,3,1,0,48,0,0,0,0,0,0,5,3
1603,1,0,1,1,32,10,0,3,1,-1,1,5,4
1604,1,0,1,0,68,1,0,0,0,0,0,2,7
1605,1,0,1,1,19,2,0,1,1,1,4,5,4
1606,5,2,1,0,56,4,0,0,0,0,11,5,3
1607,3,1,1,1,39,17,6,1,1,-1,3,5,4
1608,1,0,1,1,42,6,0,0,1,0,0,7,1
1609,3,1,1,1,32,10,0,2,1,-1,6,5,4
1610,1,0,1,1,58,10,0,0,1,0,9,7,1
1611,1,0,1,1,42,9,0,0,1,0,9,7,1
1612,5,2,1,0,52,3,0,0,0,0,11,5,3
1613,1,0,1,1,25,4,0,1,1,1,4,5,4
1614,5,2,1,1,34,14,0,0,1,0,9,6,2
1615,2,1,0,0,29,0,0,0,0,0,2,5,6
1616,1,0,1,1,38,19,0,0,1,-1,5,4,4
1617,2,1,0,1,31,2,0,0,1,0,11,9,5
1618,1,0,1,0,59,8,0,0,0,0,9,2,7
1619,0,0,0,1,33,6,0,0,1,0,11,9,5
1620,2,1,0,0,40,5,0,0,0,0,11,5,6
1621,3,1,1,0,30,3,0,1,0,-1,4,10,3
1622,0,0,0,0,49,1,0,0,0,0,11,5,8
1623,2,1,0,1,37,7,0,0,1,0,11,9,5
1624,7,3,1,1,23,7,0,2,1,-1,6,6,2
1625,1,0,1,1,24,2,1,0,1,2,7,5,4
1626,1,0,1,0,55,12,0,0,0,-1,9,5,4
1627,1,0,1,1,26,24,1,3,1,-1,8,5,4
1628,2,1,0,1,38,1,0,0,1,0,11,9,5
1629,1,0,1,0,48,6,0,0,0,0,9,5,4
1630,1,0,1,1,40,5,0,0,1,0,0,7,1
1631,3,1,1,1,50,26,0,0,1,-1,10,5,4
1632,1,0,1,1,28,10,0,1,1,-1,4,5,4
1634,1,0,1,1,31,10,5,0,1,-1,3,5,4
1635,0,0,0,0,57,0,0,0,0,0,11,5,8
1636,1,0,1,1,22,7,0,4,1,-1,1,5,4
1637,1,0,1,0,43,7,0,0,0,0,0,0,4
1638,5,2,1,0,39,1,0,0,0,0,11,5,3
1639,3,1,1,1,27,18,0,0,1,-1,10,8,8
1640,0,0,0,1,38,3,0,0,1,0,11,9,5
1641,1,0,1,1,53,6,0,0,1,0,0,7,1
1642,0,0,0,0,50,4,0,0,0,0,11,5,8
1643,2,1,0,0,23,1,0,0,0,0,11,5,6
1644,1,0,1,1,27,2,1,0,1,-1,7,5,4
1645,2,1,0,0,54,2,0,0,0,0,11,5,6
1646,1,0,1,1,37,23,1,8,1,-1,-1,5,4
1647,1,0,1,1,36,25,0,2,1,-1,8,5,4
1648,1,0,1,1,28,18,0,0,1,-1,5,4,4
1649,1,0,1,0,36,11,0,0,0,0,9,0,4
1650,5,2,1,1,26,9,0,0,1,0,11,6,2
1651,3,1,1,0,40,9,1,0,0,-1,7,10,3
1652,3,1,1,0,29,8,0,0,0,0,11,10,3
1653,1,0,1,1,21,7,1,0,1,-1,7,5,4
1654,0,0,0,0,31,3,0,0,0,0,11,5,8
1655,1,0,1,1,36,26,1,0,1,-1,1,5,4
1656,3,1,1,0,71,13,0,0,0,-1,10,1,11
1657,1,0,1,1,27,9,0,4,1,-1,1,5,4
1658,7,3,1,1,34,1,0,0,1,0,11,6,2
1659,7,3,1,1,23,0,0,0,1,0,2,6,2
1660,1,0,1,1,46,8,1,0,1,-1,7,5,4
1661,0,0,0,1,36,5,0,0,1,0,11,9,5
1662,0,0,0,0,31,10,0,2,0,-1,6,5,4
1663,3,1,1,0,24,8,0,0,0,0,9,10,3
1664,2,1,0,1,37,2,0,0,1,0,11,9,5
1665,5,2,1,0,33,3,0,0,0,0,11,5,3
1666,2,1,0,1,56,10,0,0,1,0,9,9,5
1667,1,0,1,0,35,27,0,0,0,-1,10,5,4
1668,1,0,1,0,48,10,0,0,0,0,9,5,4
1669,1,0,1,0,25,8,0,1,0,-1,4,5,4
1670,1,0,1,0,25,4,1,0,0,-1,7,5,4
1671,5,2,1,1,50,9,0,0,1,0,9,6,2
1672,2,1,0,0,48,2,0,0,0,0,11,5,6
1673,1,0,1,1,19,3,2,1,1,-1,1,5,4
1674,3,1,1,1,75,1,0,0,1,-1,5,7,8
1675,0,0,0,0,32,11,0,0,0,0,11,5,8
1676,1,0,1,0,44,7,0,0,0,0,0,0,4
1677,0,0,0,1,30,15,0,0,1,0,9,9,5
1678,3,1,1,0,28,9,0,1,0,-1,4,10,3
1679,7,3,1,0,36,8,0,0,0,0,11,5,3
1680,5,2,1,1,52,5,0,0,1,0,11,6,2
1681,3,1,1,1,34,3,0,0,1,0,11,8,8
1682,3,1,1,0,39,5,0,0,0,0,11,10,3
1683,1,0,1,0,38,8,1,0,0,-1,7,5,4
1684,3,1,1,0,52,7,0,0,0,0,11,1,11
1685,3,1,1,1,46,7,0,0,1,0,9,8,8
1686,1,0,1,0,34,27,0,1,0,-1,1,5,4
1687,1,0,1,0,42,5,0,0,0,0,0,0,10
1688,2,1,0,1,32,2,0,0,1,0,11,9,5
1689,5,2,1,0,55,2,0,0,0,0,11,1,3
1690,3,1,1,0,52,8,0,0,0,0,9,1,11
1691,3,1,1,1,52,16,0,0,1,-1,5,8,8
1692,0,0,0,0,29,0,0,0,0,0,2,5,8
1693,7,3,1,1,20,3,0,2,1,-1,6,6,2
1694,1,0,1,0,27,11,0,1,0,-1,4,5,4
1695,1,0,1,1,28,11,1,0,1,-1,7,5,4
1696,0,0,0,1,19,1,0,0,1,0,11,9,5
1697,3,1,1,1,37,7,0,0,1,0,11,8,8
1698,2,1,0,0,38,3,0,0,0,0,11,5,6
1699,3,1,1,0,56,3,0,0,0,0,11,1,11
1700,1,0,1,0,25,9,0,1,0,-1,4,5,4
1701,0,0,0,0,36,2,0,0,0,0,11,5,8
1702,1,0,1,0,41,5,0,0,0,0,0,0,10
1703,5,2,1,0,31,2,0,0,0,0,11,5,3
1704,6,3,0,0,39,0,0,0,0,0,2,5,4
1705,3,1,1,1,43,8,0,0,1,0,11,8,8
1706,3,1,1,0,39,21,0,0,0,-1,10,5,3
1707,0,0,0,0,43,2,0,0,0,0,11,5,8
1708,1,0,1,1,36,19,3,0,1,-1,8,5,4
1709,2,1,0,1,43,3,0,0,1,0,11,9,5
1710,3,1,1,1,56,9,0,0,1,0,9,8,8
1711,1,0,1,1,50,2,0,0,1,0,0,7,1
1712,7,3,1,1,24,2,0,0,1,0,11,6,2
1713,7,3,1,1,36,3,0,0,1,0,11,6,2
1714,0,0,0,1,36,3,0,0,1,0,11,9,5
1715,1,0,1,1,25,28,0,0,1,-1,1,4,4
1716,1,0,1,0,25,2,1,0,0,-1,7,0,4
1717,2,1,0,1,42,1,0,0,1,0,11,9,5
1718,1,0,1,1,34,9,0,2,1,-1,6,5,4
1719,1,0,1,0,48,4,0,0,0,0,0,5,7
1720,1,0,1,1,34,21,1,0,1,-1,1,5,4
1721,0,0,0,1,24,4,0,0,1,0,11,9,5
1722,2,1,0,0,32,4,0,0,0,0,11,5,6
1723,1,0,1,1,37,20,0,0,1,-1,5,4,4
1724,1,0,1,1,25,9,1,2,1,-1,1,5,4
1725,7,3,1,1,30,5,0,0,1,0,11,6,2
1726,3,1,1,0,44,5,0,0,0,0,11,10,3
1727,3,1,1,0,57,1,0,0,0,0,11,1,11
1728,1,0,1,1,24,7,0,0,1,0,0,3,0
1729,5,2,1,1,53,1,0,0,1,0,11,6,2
1730,1,0,1,0,60,13,0,0,0,-1,5,5,4
1731,3,1,1,0,72,7,0,0,0,-1,10,1,11
1732,6,3,0,0,26,1,0,0,0,0,11,5,4
1733,1,0,1,0,41,7,0,0,0,0,0,0,10
1734,4,2,0,1,37,0,0,0,1,0,2,11,5
1735,0,0,0,1,22,2,0,1,1,1,4,9,5
1736,4,2,0,1,44,4,0,0,1,0,11,11,5
1737,1,0,1,1,24,14,0,4,1,-1,8,5,4
1738,1,0,1,0,38,11,0,0,0,0,9,0,4
1739,1,0,1,1,51,22,0,0,1,-1,10,4,4
1740,1,0,1,1,47,19,0,0,1,-1,5,4,4
1741,1,0,1,0,65,11,0,0,0,-1,10,2,7
1742,0,0,0,0,37,4,0,0,0,0,11,5,8
1744,1,0,1,0,43,5,0,0,0,0,0,0,10
1745,1,0,1,0,53,13,0,0,0,-1,9,5,4
1746,3,1,1,1,39,9,0,0,1,0,11,8,8
1747,3,1,1,1,22,3,0,0,1,0,11,8,8
1748,1,0,1,1,59,22,0,0,1,-1,10,4,4
1749,7,3,1,1,29,4,0,0,1,0,11,6,2
1750,1,0,1,0,57,9,0,0,0,0,9,2,7
1751,1,0,1,1,25,11,0,0,1,0,9,4,0
1752,1,0,1,1,35,6,0,0,1,0,0,3,1
1753,2,1,0,1,42,5,0,0,1,0,11,9,5
1754,2,1,0,0,52,3,0,0,0,0,11,5,6
1755,7,3,1,0,60,1,0,0,0,0,11,5,3
1756,3,1,1,1,42,4,0,0,1,0,11,8,8
1757,2,1,0,0,28,2,0,0,0,0,11,5,6
1758,3,1,1,0,38,12,0,0,0,0,9,10,3
1759,1,0,1,1,32,7,0,0,1,0,0,3,0
1760,0,0,0,0,33,2,0,0,0,0,11,5,8
1761,2,1,0,0,51,4,0,0,0,0,11,5,6
1762,1,0,1,1,32,17,0,0,1,-1,5,4,4
1763,3,1,1,1,18,4,5,0,1,-1,3,5,4
1764,1,0,1,1,32,10,0,0,1,0,0,4,0
1765,2,1,0,0,23,0,0,0,0,0,2,5,6
1766,3,1,1,1,63,10,0,0,1,-1,5,8,8
1767,1,0,1,1,38,16,0,1,1,-1,4,5,4
1768,1,0,1,1,36,14,10,0,1,-1,-1,5,4
1769,2,1,0,0,65,0,0,0,0,0,11,5,6
1770,2,1,0,1,26,4,0,0,1,0,11,9,5
1771,5,2,1,0,49,0,0,0,0,0,11,5,3
1772,1,0,1,0,56,7,0,0,0,0,9,2,7
1773,1,0,1,0,46,9,0,0,0,0,9,5,4
1774,1,0,1,0,40,21,0,0,0,-1,10,5,4
1775,3,1,1,1,21,4,0,1,1,1,4,5,4
1776,0,0,0,1,39,22,0,2,1,-1,1,9,4
1777,3,1,1,1,27,13,0,0,1,0,9,8,8
1778,2,1,0,0,45,0,0,0,0,0,11,5,6
1780,1,0,1,1,34,13,0,0,1,0,9,4,0
1781,1,0,1,0,51,19,1,0,0,-1,1,5,4
1782,1,0,1,0,65,7,0,0,0,-1,10,2,7
1783,0,0,0,0,32,1,0,0,0,0,11,5,8
1784,4,2,0,1,23,7,0,3,1,-1,1,5,4
1785,0,0,0,1,36,4,2,0,1,-1,1,5,4
1786,3,1,1,1,35,3,0,0,1,0,11,8,8
1787,4,2,0,0,53,0,0,0,0,0,11,5,4
1788,7,3,1,0,31,6,0,0,0,0,11,5,3
1789,5,2,1,0,52,10,0,0,0,0,9,5,3
1790,1,0,1,1,24,8,0,0,1,0,9,4,0
1791,1,0,1,0,45,20,1,0,0,-1,1,5,4
1792,1,0,1,1,42,10,0,0,1,0,9,7,1
1793,1,0,1,1,25,2,0,1,1,1,4,5,4
1794,1,0,1,1,24,11,0,0,1,0,9,4,0
1795,1,0,1,1,39,7,0,0,1,0,0,7,1
1796,1,0,1,0,24,1,0,1,0,1,4,5,4
1797,2,1,0,0,34,0,0,0,0,0,2,5,6
1798,1,0,1,1,29,16,0,0,1,-1,5,4,0
1799,5,2,1,0,34,3,0,0,0,0,11,5,3
1800,3,1,1,1,34,16,0,0,1,-1,5,8,8
1801,0,0,0,0,55,1,0,0,0,0,11,5,8
1802,1,0,1,1,39,19,2,2,1,-1,8,5,4
1803,2,1,0,1,31,3,0,0,1,0,11,9,5
1804,1,0,1,1,50,13,0,0,1,-1,9,7,1
1805,3,1,1,0,26,2,1,0,0,-1,7,10,3
1806,1,0,1,0,35,8,0,1,0,-1,4,5,4
1807,6,3,0,1,30,4,0,0,1,0,11,11,5
1808,2,1,0,1,29,2,0,0,1,0,11,9,5
1809,0,0,0,1,52,2,0,0,1,0,11,9,5
1810,3,1,1,0,38,8,0,0,0,0,11,10,3
1811,3,1,1,0,32,4,0,0,0,0,11,10,3
1812,1,0,1,1,24,5,5,0,1,-1,3,5,4
1813,3,1,1,1,50,9,0,0,1,0,9,8,8
1814,1,0,1,0,40,13,0,0,0,-1,9,5,4
1815,5,2,1,0,42,1,0,0,0,0,11,5,3
1816,1,0,1,0,49,0,0,0,0,0,0,2,7
1817,7,3,1,0,37,2,0,0,0,0,11,5,3
1818,3,1,1,0,40,2,0,0,0,0,11,10,3
1819,4,2,0,0,33,0,0,0,0,0,2,5,4
1820,5,2,1,0,53,18,0,0,0,-1,5,5,3
1821,5,2,1,0,55,0,0,0,0,0,11,1,11
1822,7,3,1,1,30,6,0,0,1,0,11,6,2
1823,2,1,0,1,24,7,0,0,1,0,11,9,5
1824,0,0,0,1,40,13,0,0,1,-1,5,9,5
1825,3,1,1,1,57,9,0,0,1,0,9,8,8
1826,3,1,1,0,65,0,0,0,0,0,11,1,11
1827,2,1,0,0,44,0,0,0,0,0,11,5,6
1828,5,2,1,1,21,1,1,0,1,2,7,6,2
1829,3,1,1,0,39,6,0,0,0,0,11,10,3
1830,1,0,1,1,29,29,0,0,1,-1,1,4,4
1831,1,0,1,1,31,11,0,0,1,0,0,4,0
1832,3,1,1,0,34,8,0,0,0,0,11,10,3
1833,0,0,0,0,39,4,0,0,0,0,11,5,8
1834,3,1,1,1,35,8,0,0,1,0,11,8,8
1835,3,1,1,1,58,5,0,0,1,0,9,8,8
1837,1,0,1,1,19,3,0,0,1,0,9,3,9
1838,1,0,1,0,49,13,2,0,0,-1,1,5,4
1839,3,1,1,1,31,17,0,0,1,-1,5,8,8
1840,3,1,1,0,57,6,0,0,0,0,9,1,11
1841,3,1,1,0,57,12,0,0,0,-1,5,1,11
1842,1,0,1,0,45,11,0,0,0,0,9,5,4
1843,7,3,1,0,48,7,0,0,0,0,11,5,3
1844,1,0,1,1,29,12,0,2,1,-1,6,5,4
1845,2,1,0,0,34,3,0,0,0,0,11,5,6
1846,1,0,1,1,53,26,0,0,1,-1,10,4,4
1847,2,1,0,0,55,6,0,0,0,0,11,5,6
1848,3,1,1,1,30,7,0,0,1,0,11,8,8
1849,1,0,1,1,31,15,3,0,1,-1,1,5,4
1850,1,0,1,1,33,17,0,0,1,-1,5,4,4
1851,1,0,1,1,46,1,0,0,1,0,0,7,1
1852,2,1,0,0,41,3,0,0,0,0,11,5,6
1853,2,1,0,0,54,7,0,0,0,0,11,5,6
1854,1,0,1,0,60,3,0,0,0,0,0,2,7
1855,2,1,0,0,36,2,0,0,0,0,11,5,6
1856,0,0,0,0,37,1,0,0,0,0,11,5,8
1857,0,0,0,1,50,12,0,0,1,0,9,9,5
1858,1,0,1,1,29,8,0,1,1,-1,4,5,4
1859,1,0,1,0,70,0,0,0,0,0,9,2,7
1860,1,0,1,0,23,4,1,0,0,-1,7,5,4
1861,2,1,0,0,23,2,0,0,0,0,11,5,6
1862,2,1,0,0,46,1,0,0,0,0,11,5,6
1863,0,0,0,0,27,1,1,0,0,-1,7,5,8
1864,3,1,1,0,45,7,0,0,0,0,11,10,3
1865,2,1,0,1,24,3,0,1,1,1,4,9,5
1866,1,0,1,1,20,2,1,1,1,-1,1,5,4
1867,3,1,1,0,49,3,0,0,0,0,11,1,11
1868,2,1,0,0,52,1,0,0,0,0,11,5,6
1869,5,2,1,1,37,4,0,0,1,0,11,6,2
1870,1,0,1,1,53,15,0,0,1,-1,5,7,1
1871,2,1,0,0,40,1,0,0,0,0,11,5,6
1872,7,3,1,0,54,2,0,0,0,0,11,5,3
1873,6,3,0,0,45,0,0,0,0,0,11,5,4
1874,0,0,0,0,45,3,0,0,0,0,11,5,8
1876,3,1,1,0,33,2,0,2,0,-1,6,10,3
1877,3,1,1,0,33,14,0,0,0,0,9,10,3
1878,1,0,1,1,42,17,0,0,1,-1,5,4,4
1879,1,0,1,0,44,3,0,0,0,0,0,0,10
1880,5,2,1,1,28,16,0,0,1,-1,5,6,2
1881,2,1,0,1,38,5,0,0,1,0,11,9,5
1882,0,0,0,0,44,0,0,0,0,0,11,5,8
1883,2,1,0,0,25,6,0,0,0,0,11,5,6
1884,4,2,0,0,40,2,0,0,0,0,11,5,4
1885,1,0,1,1,39,21,0,0,1,-1,10,4,4
1886,0,0,0,0,68,5,0,0,0,-1,5,5,8
1887,2,1,0,0,26,2,0,0,0,0,11,5,6
1888,1,0,1,0,51,14,0,0,0,-1,5,5,4
1889,1,0,1,1,49,11,0,0,1,0,9,7,1
1890,2,1,0,1,61,8,0,0,1,-1,5,9,5
1891,5,2,1,1,35,3,0,0,1,0,11,6,2
1892,1,0,1,1,54,3,0,0,1,0,0,7,1
1893,4,2,0,1,29,0,0,0,1,0,2,11,5
1894,1,0,1,1,48,8,0,0,1,0,9,7,1
1895,1,0,1,1,26,10,0,1,1,-1,4,5,4
1896,1,0,1,0,60,2,0,0,0,0,0,2,7
1897,1,0,1,1,41,16,2,0,1,-1,1,5,4
1898,1,0,1,1,33,13,0,0,1,0,9,4,0
1899,1,0,1,1,21,6,0,1,1,-1,4,5,4
1900,2,1,0,1,29,6,0,0,1,0,11,9,5
1901,1,0,1,0,45,5,0,0,0,0,0,0,10
1902,1,0,1,1,50,12,0,0,1,0,9,7,1
1903,3,1,1,0,35,5,0,0,0,0,11,10,3
1904,3,1,1,0,83,4,0,0,0,-1,10,1,11
1905,5,2,1,0,46,15,0,0,0,-1,5,5,3
1906,7,3,1,0,23,4,0,0,0,0,11,5,3
1907,1,0,1,0,47,9,0,0,0,0,9,5,4
1908,5,2,1,0,31,4,0,0,0,0,11,5,3
1909,1,0,1,1,24,9,0,1,1,-1,4,5,4
1910,2,1,0,1,43,22,0,0,1,-1,10,9,5
1911,6,3,0,1,24,2,0,0,1,0,11,11,5
1912,2,1,0,0,42,3,0,0,0,0,11,5,6
1913,3,1,1,1,29,4,0,0,1,0,11,8,8
1914,1,0,1,1,51,11,0,0,1,0,9,7,1
1915,1,0,1,1,39,13,0,1,1,-1,4,5,4
1916,4,2,0,0,36,0,0,0,0,0,2,5,4
1917,1,0,1,1,59,15,0,0,1,-1,5,7,1
1918,3,1,1,1,47,28,0,0,1,-1,10,5,4
1919,3,1,1,1,58,4,0,0,1,0,9,7,8
1920,4,2,0,1,40,4,0,0,1,0,11,11,5
1921,1,0,1,1,36,16,3,0,1,-1,8,5,4
1922,3,1,1,0,56,13,0,0,0,-1,5,5,3
1923,2,1,0,0,50,0,0,0,0,0,11,5,6
1925,0,0,0,0,74,0,0,0,0,-1,5,5,8
1926,1,0,1,1,39,8,0,1,1,-1,4,5,4
1927,3,1,1,0,29,5,0,0,0,0,11,10,3
1928,0,0,0,0,35,5,0,0,0,0,11,5,8
1929,1,0,1,1,61,13,0,0,1,-1,5,7,1
1930,2,1,0,1,39,11,0,1,1,-1,4,9,5
1931,1,0,1,1,29,6,1,2,1,-1,1,5,4
1932,4,2,0,0,23,2,0,1,0,1,4,5,4
1933,3,1,1,1,19,5,1,3,1,-1,1,5,4
1934,1,0,1,1,56,12,0,0,1,-1,9,7,1
1935,2,1,0,1,48,8,0,0,1,0,9,9,5
1936,1,0,1,0,59,5,0,0,0,0,9,2,7
1937,0,0,0,0,54,6,0,0,0,0,11,5,8
1938,1,0,1,1,51,12,0,0,1,-1,9,7,1
1939,3,1,1,0,77,3,0,0,0,-1,10,1,11
1940,1,0,1,1,29,3,1,0,1,-1,7,5,4
1941,2,1,0,1,53,6,0,0,1,0,11,9,5
1942,0,0,0,0,65,0,0,0,0,0,11,5,8
1943,1,0,1,0,59,0,0,0,0,0,0,2,7
1944,1,0,1,1,34,10,1,0,1,-1,7,5,4
1945,1,0,1,1,24,15,0,0,1,-1,10,4,0
1946,6,3,0,0,47,0,0,0,0,0,11,5,4
1947,5,2,1,1,61,2,0,0,1,0,11,6,2
1948,1,0,1,1,33,21,0,0,1,-1,5,4,4
1949,1,0,1,1,20,2,0,0,1,0,0,3,9
1950,3,1,1,1,41,3,0,0,1,0,11,8,8
1951,2,1,0,0,30,4,0,0,0,0,11,5,6
1952,0,0,0,0,42,1,0,0,0,0,11,5,8
1953,0,0,0,1,40,15,0,0,1,-1,5,9,5
1954,1,0,1,0,39,35,0,0,0,-1,8,5,4
1955,6,3,0,1,26,4,0,0,1,0,11,11,5
1956,1,0,1,1,26,3,0,3,1,-1,1,5,4
1957,3,1,1,1,39,10,0,0,1,0,9,8,8
1958,1,0,1,1,26,18,1,1,1,-1,1,5,4
1959,2,1,0,0,26,1,0,0,0,0,11,5,6
1960,5,2,1,1,44,7,0,0,1,0,11,6,2
1961,3,1,1,1,20,1,1,0,1,2,7,8,8
1962,4,2,0,0,51,0,0,0,0,0,11,5,4
1963,1,0,1,1,30,12,4,0,1,-1,8,5,4
1964,5,2,1,0,61,1,0,0,0,0,11,1,11
1965,5,2,1,0,38,2,0,0,0,0,11,5,3
1966,1,0,1,1,27,9,0,1,1,-1,4,5,4
1967,1,0,1,0,22,1,1,0,0,2,7,0,4
1968,5,2,1,0,24,2,0,0,0,0,11,5,3
1969,0,0,0,1,47,21,0,1,1,-1,1,9,5
1970,7,3,1,0,41,0,0,0,0,0,2,5,3
1971,1,0,1,0,61,12,0,0,0,-1,5,2,7
1972,1,0,1,0,57,3,0,0,0,0,0,2,7
1973,3,1,1,1,25,13,4,0,1,-1,8,5,4
1974,3,1,1,0,44,1,0,0,0,0,11,10,3
1975,1,0,1,0,21,2,0,1,0,1,4,5,4
1976,5,2,1,1,36,2,1,0,1,-1,7,6,2
1977,5,2,1,0,46,13,0,0,0,-1,9,5,3
1978,1,0,1,1,62,22,0,0,1,-1,10,4,4
1979,2,1,0,1,22,3,0,0,1,0,11,9,5
1980,2,1,0,1,34,9,0,0,1,0,11,9,5
1981,2,1,0,1,39,2,0,0,1,0,11,9,5
1982,3,1,1,1,27,7,0,0,1,0,11,8,8
1983,0,0,0,0,23,1,0,1,0,1,4,5,8
1984,3,1,1,0,32,11,0,0,0,0,11,10,3
1985,1,0,1,1,29,17,0,0,1,-1,5,4,0
1986,1,0,1,0,62,4,0,0,0,0,9,2,7
1987,1,0,1,1,30,21,0,0,1,-1,10,4,4
1988,1,0,1,1,33,18,0,0,1,-1,5,4,4
1989,1,0,1,0,38,10,0,1,0,-1,4,5,4
1990,3,1,1,0,62,2,0,0,0,0,11,1,11
1991,6,3,0,0,41,2,0,0,0,0,11,5,4
1993,0,0,0,1,28,13,0,0,1,0,9,9,5
1994,5,2,1,0,54,5,0,0,0,0,11,5,3
1995,5,2,1,1,26,1,1,0,1,-1,7,6,2
1996,1,0,1,1,61,20,0,0,1,-1,10,4,4
1997,1,0,1,1,45,12,1,0,1,-1,7,5,4
1998,2,1,0,0,58,1,0,0,0,0,11,5,6
1999,1,0,1,1,26,6,0,1,1,-1,4,5,4
2001,5,2,1,0,40,1,0,0,0,0,11,5,3
2002,0,0,0,0,35,9,2,0,0,-1,1,5,8
2003,1,0,1,1,66,5,0,0,1,-1,5,7,1
2004,2,1,0,1,23,4,0,0,1,0,11,9,5
2005,1,0,1,1,61,29,0,0,1,-1,1,4,4
2006,3,1,1,0,25,3,0,0,0,0,11,10,3
2007,1,0,1,1,50,13,1,0,1,-1,1,5,4
2008,7,3,1,0,57,0,0,0,0,0,11,5,3
2009,1,0,1,0,25,8,2,3,0,-1,3,5,4
2010,1,0,1,1,20,3,0,0,1,0,0,3,9
2011,7,3,1,0,24,4,0,0,0,0,11,5,3
2012,1,0,1,1,27,15,0,0,1,-1,5,4,0
2013,1,0,1,1,33,15,0,0,1,0,9,4,0
2014,1,0,1,1,55,10,0,0,1,0,9,7,1
2016,0,0,0,0,29,5,0,0,0,0,11,5,8
2017,1,0,1,1,38,7,0,0,1,0,0,7,1
2018,6,3,0,0,33,0,0,0,0,0,2,5,4
2019,1,0,1,1,42,5,0,1,1,-1,4,5,4
2020,1,0,1,1,33,6,0,1,1,-1,4,5,4
2021,0,0,0,0,40,2,0,0,0,0,11,5,8
2022,7,3,1,0,30,2,0,0,0,0,11,5,3
2023,1,0,1,0,38,14,1,0,0,-1,7,5,4
2024,4,2,0,1,28,1,0,0,1,0,11,11,5
2025,6,3,0,0,70,0,0,0,0,0,9,5,4
2026,5,2,1,1,37,6,0,0,1,0,11,6,2
2027,0,0,0,1,30,7,0,0,1,0,11,9,5
2028,1,0,1,1,32,7,0,1,1,-1,4,5,4
2029,2,1,0,1,34,5,0,0,1,0,11,9,5
2030,3,1,1,1,43,6,0,0,1,0,11,8,8
2031,3,1,1,1,30,4,3,0,1,-1,1,5,4
2032,1,0,1,1,31,12,1,1,1,-1,1,5,4
2033,5,2,1,0,75,1,0,0,0,-1,5,1,11
2034,5,2,1,1,54,0,0,0,1,0,11,6,2
2035,2,1,0,1,33,5,0,0,1,0,11,9,5
2036,1,0,1,0,35,29,0,0,0,-1,10,5,4
2037,1,0,1,0,56,16,0,0,0,-1,5,5,4
2038,3,1,1,0,68,4,0,0,0,-1,5,1,11
2039,0,0,0,1,22,5,0,0,1,0,11,9,5
2040,1,0,1,1,39,19,0,0,1,-1,5,4,4
2041,0,0,0,0,25,3,0,0,0,0,11,5,8
2042,1,0,1,1,26,20,0,0,1,-1,10,4,4
2043,0,0,0,0,35,13,0,0,0,0,9,5,8
2044,1,0,1,0,34,19,0,6,0,-1,3,5,4
2045,7,3,1,1,41,31,0,0,1,-1,1,6,2
2046,1,0,1,1,26,9,1,2,1,-1,1,5,4
2047,1,0,1,1,41,24,1,1,1,-1,8,5,4
2048,5,2,1,0,50,0,0,0,0,0,11,5,3
2049,3,1,1,1,22,3,0,2,1,-1,6,5,4
2050,1,0,1,1,26,24,0,1,1,-1,1,5,4
2051,1,0,1,1,20,4,1,1,1,-1,1,5,4
2053,0,0,0,1,24,11,0,0,1,0,5,9,5
2054,1,0,1,1,40,15,0,0,1,-1,5,4,4
2055,0,0,0,0,43,0,0,0,0,0,11,5,8
2056,3,1,1,0,43,12,0,0,0,-1,9,10,3
2058,6,3,0,0,28,1,0,0,0,0,11,5,4
2059,3,1,1,1,28,4,1,1,1,-1,1,8,4
2060,2,1,0,1,24,9,0,0,1,0,9,9,5
2061,5,2,1,0,26,2,0,0,0,0,11,5,3
2062,2,1,0,1,29,20,0,0,1,-1,10,9,5
2063,1,0,1,0,34,5,1,0,0,-1,7,5,4
2064,1,0,1,1,36,13,0,0,1,0,9,4,0
2065,5,2,1,1,30,3,0,0,1,0,11,6,2
2066,3,1,1,1,53,3,0,0,1,0,11,8,8
2067,6,3,0,0,21,0,0,0,0,0,2,5,4
2068,3,1,1,0,80,0,0,0,0,-1,10,1,11
2069,1,0,1,0,68,6,0,0,0,-1,10,2,7
2070,0,0,0,0,31,1,0,0,0,0,11,5,8
2071,3,1,1,1,41,11,0,0,1,-1,9,8,8
2072,0,0,0,0,41,0,0,0,0,0,2,5,8
2073,1,0,1,1,36,7,0,0,1,0,0,5,1
2074,0,0,0,0,43,9,0,0,0,0,11,5,8
2075,3,1,1,0,63,5,0,0,0,-1,5,1,11
2076,0,0,0,1,66,11,0,0,1,-1,10,9,5
2077,5,2,1,1,19,2,2,0,1,-1,1,8,2
2078,3,1,1,0,21,2,1,0,0,2,7,10,3
2079,2,1,0,0,64,0,0,0,0,0,11,5,6
2080,0,0,0,0,20,3,0,3,0,-1,1,5,4
2081,1,0,1,1,33,16,0,2,1,-1,1,5,4
2082,4,2,0,0,25,0,0,0,0,0,2,5,4
2083,2,1,0,1,51,2,0,0,1,0,11,9,5
2084,7,3,1,0,34,2,0,0,0,0,11,5,3
2085,5,2,1,1,30,14,0,1,1,-1,4,6,2
2086,1,0,1,1,20,4,2,2,1,-1,8,5,4
2087,4,2,0,0,55,0,0,0,0,0,11,5,4
2088,1,0,1,0,29,6,3,0,0,-1,1,5,4
2089,7,3,1,0,52,0,0,0,0,0,11,5,3
2090,3,1,1,1,36,11,0,0,1,0,9,8,8
2091,3,1,1,1,46,26,0,0,1,-1,10,8,4
2092,1,0,1,0,54,1,0,0,0,0,0,2,7
2093,1,0,1,1,24,3,0,1,1,1,4,5,4
2094,3,1,1,1,35,16,0,1,1,-1,4,8,8
2095,5,2,1,0,41,9,0,0,0,0,11,5,3
2096,1,0,1,0,46,18,0,0,0,-1,5,5,4
2097,1,0,1,0,68,2,0,0,0,0,9,2,7
2098,7,3,1,0,55,4,0,0,0,0,11,5,3
2099,2,1,0,1,47,28,0,0,1,-1,10,9,5
2100,5,2,1,0,57,0,0,0,0,0,11,1,11
2101,7,3,1,0,47,0,0,0,0,0,0,5,3
2102,3,1,1,1,39,3,0,1,1,-1,4,8,8
2103,1,0,1,1,28,7,0,2,1,-1,6,5,4
2104,7,3,1,0,54,1,0,0,0,0,11,5,3
2105,6,3,0,0,34,0,0,0,0,0,2,5,4
2106,3,1,1,1,46,14,0,0,1,-1,5,8,8
2107,1,0,1,1,34,11,0,0,1,0,0,4,0
2108,2,1,0,0,55,2,0,0,0,0,11,5,6
2109,5,2,1,0,68,0,0,0,0,0,9,1,11
2110,1,0,1,1,34,8,2,0,1,-1,1,5,4
2111,1,0,1,0,77,0,0,0,0,-1,10,2,7
2112,1,0,1,1,53,5,0,0,1,0,0,7,1
2113,2,1,0,0,51,1,0,0,0,0,11,5,6
2114,1,0,1,0,38,8,1,5,0,-1,3,5,4
2115,5,2,1,1,34,5,0,0,1,0,11,6,2
2116,7,3,1,1,25,3,0,0,1,0,11,6,2
2117,1,0,1,0,45,7,0,0,0,0,0,0,4
2118,5,2,1,1,46,12,0,0,1,0,9,6,2
2119,2,1,0,1,31,9,0,0,1,0,11,9,5
2120,1,0,1,0,28,12,1,0,0,-1,7,5,4
2121,2,1,0,1,28,6,0,0,1,0,11,9,5
2122,1,0,1,1,32,19,0,3,1,-1,1,5,4
2123,0,0,0,0,56,2,0,0,0,0,11,5,8
2124,3,1,1,1,34,13,0,0,1,0,9,8,8
2125,1,0,1,1,27,27,0,5,1,-1,3,5,4
2126,2,1,0,1,42,4,0,0,1,0,11,9,5
2127,1,0,1,1,40,8,0,0,1,0,0,7,1
2128,1,0,1,1,40,11,0,0,1,0,9,4,1
2129,5,2,1,1,25,3,0,0,1,0,11,6,2
2130,5,2,1,1,25,2,0,1,1,1,4,6,2
2131,7,3,1,1,29,8,0,0,1,0,11,6,2
2132,1,0,1,1,47,12,0,0,1,-1,9,7,1
2133,3,1,1,1,39,17,0,0,1,-1,5,8,8
2134,1,0,1,1,20,5,1,2,1,-1,1,5,4
2135,1,0,1,0,67,8,0,0,0,-1,10,2,7
2136,1,0,1,0,47,17,0,0,0,-1,5,5,4
2137,3,1,1,1,68,7,0,0,1,-1,10,8,8
2138,7,3,1,0,28,0,0,0,0,0,2,5,3
2139,0,0,0,1,41,8,0,0,1,0,11,9,5
2140,2,1,0,1,62,1,0,0,1,0,11,9,5
2141,1,0,1,1,33,12,4,0,1,-1,8,5,4
2142,1,0,1,1,41,14,0,0,1,-1,5,4,1
2143,3,1,1,1,23,11,8,2,1,-1,-1,5,4
2144,3,1,1,1,37,8,0,0,1,0,11,8,8
2145,3,1,1,1,45,21,0,0,1,-1,10,8,8
2146,3,1,1,0,37,13,1,6,0,-1,3,5,4
2147,3,1,1,1,29,10,4,1,1,-1,8,5,4
2148,1,0,1,1,41,6,2,0,1,-1,1,5,4
2149,1,0,1,0,34,5,2,1,0,-1,1,5,4
2150,2,1,0,1,40,3,0,0,1,0,11,9,5
2151,5,2,1,1,37,8,0,0,1,0,11,6,2
2152,1,0,1,1,31,13,1,1,1,-1,1,5,4
2153,3,1,1,1,40,10,0,0,1,0,9,8,8
2154,1,0,1,1,44,8,0,0,1,0,0,7,1
2155,1,0,1,1,31,5,0,1,1,-1,4,5,4
2156,0,0,0,0,67,0,0,0,0,0,9,5,8
2157,5,2,1,1,27,6,0,0,1,0,11,6,2
2158,3,1,1,0,58,10,0,0,0,0,9,1,11
2159,1,0,1,1,51,15,0,0,1,-1,5,7,1
2160,2,1,0,0,58,0,0,0,0,0,11,5,6
2161,0,0,0,0,42,16,0,0,0,-1,5,5,8
2162,1,0,1,1,69,1,0,0,1,0,9,7,1
2163,1,0,1,1,19,3,1,2,1,-1,1,5,4
2164,1,0,1,1,24,7,2,0,1,-1,1,5,4
2165,1,0,1,0,37,12,3,0,0,-1,1,5,4
2166,1,0,1,1,34,19,0,0,1,-1,5,4,4
2167,1,0,1,1,31,16,3,0,1,-1,8,5,4
2168,7,3,1,0,45,1,0,0,0,0,11,5,3
2169,1,0,1,1,32,17,0,6,1,-1,3,5,4
2170,3,1,1,0,60,0,0,0,0,0,11,1,11
2172,1,0,1,1,64,8,0,0,1,-1,5,7,1
2173,7,3,1,1,27,6,0,0,1,0,11,6,2
2174,1,0,1,0,37,17,0,0,0,-1,5,5,4
2175,3,1,1,1,51,8,0,0,1,0,11,8,8
2176,1,0,1,0,45,16,1,0,0,-1,1,5,4
2178,0,0,0,1,21,1,0,1,1,1,4,9,5
2179,2,1,0,0,31,14,0,0,0,0,9,5,6
2180,0,0,0,1,26,6,0,0,1,0,11,9,5
2181,2,1,0,1,29,7,0,0,1,0,11,9,5
2182,1,0,1,1,20,6,4,2,1,-1,3,5,4
2183,6,3,0,0,38,0,0,0,0,0,2,5,4
2185,1,0,1,0,34,8,0,0,0,0,0,0,10
2186,1,0,1,0,58,0,0,0,0,0,0,2,7
2187,1,0,1,0,61,9,0,0,0,-1,9,2,7
2188,0,0,0,1,29,11,0,1,1,-1,4,9,5
2189,1,0,1,1,53,3,0,0,1,0,0,7,1
2190,7,3,1,0,33,5,0,0,0,0,11,5,3
2191,2,1,0,0,39,3,0,0,0,0,11,5,6
2192,1,0,1,1,26,10,1,0,1,-1,7,5,4
2193,2,1,0,1,21,3,0,3,1,-1,1,5,4
2194,1,0,1,1,22,12,1,0,1,-1,1,5,4
2195,1,0,1,1,28,12,0,8,1,-1,-1,5,4
2196,2,1,0,0,56,0,0,0,0,0,11,5,6
2197,1,0,1,1,43,15,0,0,1,-1,5,4,1
2198,0,0,0,0,53,5,0,0,0,0,11,5,8
2199,1,0,1,1,27,6,1,0,1,-1,7,5,4
2200,7,3,1,1,56,6,0,0,1,0,9,6,2
2201,1,0,1,1,24,3,2,1,1,-1,1,5,4
2202,0,0,0,1,48,18,0,0,1,-1,5,9,5
2203,0,0,0,1,36,13,0,0,1,0,9,9,5
2204,1,0,1,1,41,14,2,0,1,-1,1,5,4
2205,0,0,0,1,28,1,1,0,1,-1,7,9,5
2206,3,1,1,1,29,9,1,0,1,-1,7,8,8
2207,1,0,1,0,37,7,0,0,0,0,0,0,10
2208,3,1,1,0,66,2,0,0,0,0,9,1,11
2209,1,0,1,1,51,21,0,0,1,-1,10,4,4
2211,7,3,1,1,44,6,0,0,1,0,11,6,2
2212,0,0,0,0,39,3,0,0,0,0,11,5,8
2213,5,2,1,1,38,7,1,0,1,-1,7,6,2
2214,1,0,1,1,28,18,0,1,1,-1,4,5,4
2215,3,1,1,1,39,16,0,0,1,-1,5,8,8
2216,3,1,1,1,30,5,0,0,1,0,11,8,8
2217,1,0,1,1,33,8,2,0,1,-1,1,5,4
2218,3,1,1,0,33,4,0,0,0,0,11,10,3
2219,1,0,1,1,57,16,0,0,1,-1,5,7,1
2220,2,1,0,1,36,7,0,0,1,0,11,9,5
2221,1,0,1,1,30,18,0,0,1,-1,5,4,4
2222,2,1,0,1,34,12,0,0,1,0,9,9,5
2223,3,1,1,0,40,6,0,0,0,0,11,10,3
2225,7,3,1,1,30,13,0,0,1,0,9,6,2
2226,1,0,1,1,29,4,0,1,1,-1,4,5,4
2227,2,1,0,0,32,5,0,0,0,0,11,5,6
2228,3,1,1,0,34,15,0,1,0,-1,4,10,3
2229,1,0,1,0,50,9,0,0,0,0,9,5,4
2230,0,0,0,1,47,7,0,0,1,0,9,9,5
2231,6,3,0,0,20,1,0,0,0,0,11,5,4
2232,1,0,1,1,44,29,0,0,1,-1,10,4,4
2233,5,2,1,1,25,10,1,4,1,-1,8,5,4
2234,4,2,0,0,22,1,0,0,0,0,11,5,4
2235,2,1,0,1,50,7,0,0,1,0,11,9,5
2236,2,1,0,1,44,10,0,0,1,0,9,9,5
2237,1,0,1,1,38,22,1,2,1,-1,8,5,4
2238,5,2,1,0,62,5,0,0,0,-1,5,1,11
2239,1,0,1,1,29,17,0,1,1,-1,4,5,4
2240,1,0,1,1,55,8,0,0,1,0,9,7,1
2241,1,0,1,1,25,10,0,0,1,0,9,4,0
2242,1,0,1,1,30,13,0,0,1,0,9,4,0
2243,2,1,0,0,69,2,0,0,0,0,9,5,6
2244,3,1,1,1,24,5,0,0,1,0,11,8,8
2245,1,0,1,1,25,8,0,3,1,-1,1,5,4
2246,4,2,0,0,26,0,0,0,0,0,2,5,4
2247,3,1,1,1,32,5,0,1,1,-1,4,5,4
2248,3,1,1,0,47,11,0,0,0,0,9,5,3
2249,1,0,1,1,23,4,0,2,1,-1,6,5,4
2250,1,0,1,1,59,9,0,0,1,0,9,7,1
2251,4,2,0,0,39,2,0,0,0,0,11,5,4
2252,3,1,1,1,29,11,0,0,1,0,11,8,8
2253,0,0,0,0,21,2,0,1,0,1,4,5,8
2254,3,1,1,0,77,1,0,0,0,-1,10,1,11
2255,0,0,0,0,22,1,0,1,0,1,4,5,8
2256,7,3,1,1,26,1,0,0,1,0,11,6,2
2257,5,2,1,1,21,2,0,0,1,0,11,6,2
2258,1,0,1,1,35,16,0,0,1,-1,9,4,0
2260,1,0,1,1,37,17,1,0,1,-1,1,5,4
2261,3,1,1,1,29,12,0,0,1,0,11,8,8
2262,0,0,0,1,22,4,0,0,1,0,11,9,5
2263,1,0,1,0,44,12,0,0,0,0,9,5,4
2264,3,1,1,1,51,4,0,0,1,0,11,8,8
2265,5,2,1,0,37,9,0,0,0,0,11,5,3
2266,1,0,1,1,42,7,1,0,1,-1,7,5,4
2267,3,1,1,0,36,12,0,0,0,0,9,10,3
2268,0,0,0,0,27,8,0,0,0,0,11,5,8
2269,1,0,1,1,30,8,6,0,1,-1,3,5,4
2270,3,1,1,1,65,1,0,0,1,0,11,7,8
2271,1,0,1,1,21,8,0,2,1,-1,6,5,4
2272,3,1,1,1,47,13,0,0,1,-1,9,8,8
2273,0,0,0,1,25,6,0,0,1,0,11,9,5
2275,5,2,1,0,46,1,0,0,0,0,11,5,3
2276,1,0,1,1,40,23,2,0,1,-1,8,5,4
2277,3,1,1,1,25,7,0,0,1,0,11,8,8
2278,2,1,0,0,74,0,0,0,0,-1,5,5,6
2279,1,0,1,0,30,1,0,1,0,-1,4,5,4
2280,2,1,0,1,33,3,0,0,1,0,11,9,5
2282,2,1,0,1,41,9,0,0,1,0,11,9,5
2283,0,0,0,0,28,5,0,0,0,0,11,5,8
2284,0,0,0,0,52,3,0,0,0,0,11,5,8
2285,5,2,1,0,32,3,0,0,0,0,11,5,3
2286,6,3,0,0,29,0,0,0,0,0,2,5,4
2287,1,0,1,1,24,10,5,1,1,-1,3,5,4
2288,5,2,1,1,36,26,0,1,1,-1,1,6,2
2289,1,0,1,0,54,13,0,0,0,-1,9,5,4
2290,5,2,1,0,26,5,0,0,0,0,11,5,3
2291,1,0,1,1,33,11,0,2,1,-1,6,5,4
2292,1,0,1,1,33,9,0,0,1,0,0,4,0
2293,5,2,1,1,31,19,0,1,1,-1,4,6,2
2294,5,2,1,1,31,5,0,0,1,0,11,6,2
2295,4,2,0,0,34,1,0,0,0,0,11,5,4
2296,3,1,1,0,24,6,0,0,0,0,11,10,3
2297,7,3,1,0,26,3,0,0,0,0,11,5,3
2298,2,1,0,0,56,3,0,0,0,0,11,5,6
2299,6,3,0,1,27,5,0,0,1,0,11,11,5
2300,3,1,1,1,56,17,0,0,1,-1,5,8,8
2301,0,0,0,1,35,7,0,0,1,0,11,9,5
2302,1,0,1,1,32,13,0,1,1,-1,4,5,4
2303,1,0,1,0,24,10,2,1,0,-1,1,5,4
2304,7,3,1,0,58,0,0,0,0,0,11,5,3
2305,3,1,1,1,22,3,0,1,1,1,4,5,4
2306,0,0,0,0,51,4,0,0,0,0,11,5,8
2307,5,2,1,0,56,2,0,0,0,0,11,1,11
2308,7,3,1,1,33,7,0,1,1,-1,4,6,2
2310,1,0,1,1,38,17,0,0,1,-1,5,4,4
2311,1,0,1,1,29,15,0,4,1,-1,8,5,4
2312,3,1,1,0,55,7,0,0,0,0,9,1,11
2313,1,0,1,0,38,6,1,0,0,-1,7,5,4
2314,3,1,1,0,79,1,0,0,0,-1,10,1,11
2315,5,2,1,1,20,2,0,2,1,-1,6,5,2
2316,1,0,1,0,31,5,1,0,0,-1,7,5,4
2317,3,1,1,1,30,4,0,1,1,-1,4,5,4
2318,1,0,1,1,32,5,0,0,1,0,0,3,9
2319,1,0,1,1,27,21,0,0,1,-1,10,4,4
2320,1,0,1,1,43,3,0,0,1,0,0,7,1
2321,1,0,1,1,63,9,0,0,1,-1,5,7,1
2322,1,0,1,1,20,3,0,3,1,-1,1,5,4
2323,3,1,1,1,36,10,0,0,1,0,11,8,8
2324,3,1,1,0,23,10,0,0,0,0,5,10,3
2325,1,0,1,1,54,22,0,0,1,-1,10,4,4
2326,7,3,1,1,38,0,0,0,1,0,2,6,2
2327,3,1,1,1,58,7,0,0,1,0,9,8,8
2328,5,2,1,0,50,2,0,0,0,0,11,5,3
2329,1,0,1,1,26,11,0,1,1,-1,4,5,4
2330,3,1,1,1,26,9,1,0,1,-1,7,8,8
2331,2,1,0,0,51,7,0,0,0,0,11,5,6
2332,1,0,1,1,35,22,0,0,1,-1,10,4,4
2333,7,3,1,1,33,2,0,0,1,0,11,6,2
2334,4,2,0,1,52,0,0,0,1,0,11,11,5
2335,0,0,0,1,30,11,0,0,1,0,11,9,5
2336,1,0,1,1,47,13,0,0,1,-1,9,7,1
2337,1,0,1,0,41,9,0,1,0,-1,4,5,4
2338,5,2,1,1,21,4,1,0,1,-1,7,6,2
2339,3,1,1,0,48,6,0,0,0,0,9,10,3
2340,2,1,0,0,48,17,0,0,0,-1,5,5,6
2341,1,0,1,1,34,20,0,1,1,-1,1,5,4
2342,5,2,1,1,24,4,1,0,1,-1,7,6,2
2343,3,1,1,0,56,6,0,0,0,0,9,1,11
2344,1,0,1,1,27,1,1,0,1,-1,7,5,4
2345,1,0,1,0,61,25,0,0,0,-1,10,5,4
2346,3,1,1,1,32,15,0,1,1,-1,4,8,4
2347,2,1,0,0,57,4,0,0,0,0,11,5,6
2348,2,1,0,0,34,4,0,0,0,0,11,5,6
2349,1,0,1,0,61,2,0,0,0,0,0,2,7
2350,1,0,1,1,56,22,0,0,1,-1,10,4,4
2351,2,1,0,1,50,3,0,0,1,0,11,9,5
2352,4,2,0,0,58,1,0,0,0,0,11,5,4
2353,1,0,1,1,28,12,0,0,1,0,0,4,0
2354,3,1,1,1,23,4,0,1,1,1,4,5,4
2355,5,2,1,1,50,3,0,0,1,0,11,6,2
2356,1,0,1,1,61,8,0,0,1,-1,5,7,1
2357,5,2,1,1,20,1,0,0,1,0,11,6,2
2358,1,0,1,0,54,21,0,0,0,-1,10,5,4
2359,3,1,1,0,20,4,0,4,0,-1,8,5,4
2360,1,0,1,1,34,9,3,1,1,-1,8,5,4
2361,3,1,1,0,36,3,0,0,0,0,11,10,3
2362,1,0,1,0,50,15,0,0,0,-1,5,5,4
2364,6,3,0,0,49,0,0,0,0,0,11,5,4
2365,0,0,0,1,25,7,0,0,1,0,11,9,5
2366,5,2,1,0,61,0,0,0,0,0,11,1,11
2367,1,0,1,0,50,10,0,0,0,0,9,5,4
2368,7,3,1,1,55,8,0,0,1,0,9,6,2
2369,5,2,1,1,43,3,0,0,1,0,11,6,2
2370,0,0,0,1,38,7,0,0,1,0,11,9,5
2371,1,0,1,0,40,20,0,0,0,-1,10,5,4
2372,6,3,0,1,55,5,0,0,1,0,11,11,5
2373,3,1,1,0,57,7,0,0,0,0,9,1,11
2374,5,2,1,0,23,2,0,1,0,1,4,5,3
2375,1,0,1,0,56,28,0,0,0,-1,10,5,4
2376,1,0,1,1,36,17,0,2,1,-1,1,5,4
2377,0,0,0,0,55,2,0,0,0,0,11,5,8
2378,1,0,1,0,38,14,0,0,0,0,9,5,4
2379,1,0,1,1,37,16,0,0,1,-1,5,4,4
2380,5,2,1,1,21,2,0,1,1,1,4,6,2
2381,3,1,1,0,32,2,0,1,0,-1,4,10,3
2382,1,0,1,0,32,7,0,3,0,-1,1,5,4
2383,2,1,0,0,57,2,0,0,0,0,11,5,6
2384,3,1,1,1,33,6,0,0,1,0,11,8,8
2385,1,0,1,1,49,29,0,0,1,-1,10,4,4
2386,0,0,0,1,37,23,0,0,1,-1,10,9,5
2387,1,0,1,1,52,16,0,0,1,-1,5,7,1
2388,3,1,1,0,60,2,0,0,0,0,11,1,11
2389,2,1,0,1,20,4,0,0,1,0,9,9,5
2390,1,0,1,0,39,9,0,0,0,0,0,0,4
2391,7,3,1,0,47,3,0,0,0,0,11,5,3
2392,3,1,1,1,38,10,1,0,1,-1,7,8,8
2393,4,2,0,1,36,9,0,0,1,0,11,11,5
2394,1,0,1,1,18,4,5,0,1,-1,3,5,4
2395,4,2,0,1,32,8,0,0,1,0,11,11,5
2396,3,1,1,1,53,9,0,0,1,0,9,8,8
2397,3,1,1,1,48,18,0,0,1,-1,5,8,8
2398,3,1,1,1,19,1,0,1,1,1,4,5,4
2399,0,0,0,0,24,7,0,0,0,0,11,5,8
2400,5,2,1,0,32,7,0,0,0,0,11,5,3
2401,1,0,1,1,30,13,0,2,1,-1,6,5,4
2402,1,0,1,1,26,27,0,2,1,-1,8,5,4
2403,0,0,0,1,28,9,0,0,1,0,11,9,5
2404,5,2,1,0,41,3,0,0,0,0,11,5,3
2405,1,0,1,1,48,3,0,0,1,0,0,7,1
2406,1,0,1,0,27,6,1,2,0,-1,1,5,4
2407,3,1,1,1,22,4,0,1,1,1,4,5,4
2408,2,1,0,0,24,7,0,2,0,-1,6,5,4
2409,6,3,0,1,36,6,0,1,1,-1,4,11,5
2410,1,0,1,1,23,8,0,0,1,0,9,4,0
2411,0,0,0,0,64,0,0,0,0,0,11,5,8
2412,1,0,1,1,32,11,0,1,1,-1,4,5,4
2413,5,2,1,0,49,2,0,0,0,0,11,5,3
2414,1,0,1,1,21,2,0,2,1,-1,6,5,4
2415,1,0,1,1,28,11,0,0,1,0,0,4,0
2416,3,1,1,1,50,16,1,0,1,-1,1,8,8
2417,1,0,1,1,41,6,0,0,1,0,0,7,1
2418,0,0,0,1,27,10,0,1,1,-1,4,9,5
2419,3,1,1,1,22,6,0,0,1,0,11,8,8
2420,1,0,1,0,63,2,0,0,0,0,0,2,7
2421,3,1,1,0,55,27,0,0,0,-1,10,5,4
2422,3,1,1,1,57,21,0,0,1,-1,10,8,8
2423,1,0,1,0,26,3,0,1,0,1,4,5,4
2424,4,2,0,1,48,4,0,0,1,0,11,11,5
2425,1,0,1,1,25,2,1,1,1,-1,1,5,4
2426,3,1,1,1,49,10,0,0,1,0,9,8,8
2427,1,0,1,0,53,20,0,0,0,-1,5,5,4
2428,1,0,1,1,29,3,0,1,1,-1,4,5,4
2429,0,0,0,0,53,3,0,0,0,0,11,5,8
2430,1,0,1,1,77,1,0,0,1,-1,10,7,1
2431,3,1,1,1,46,11,0,0,1,0,9,8,8
2432,1,0,1,0,26,15,0,0,0,-1,5,0,4
2433,1,0,1,1,23,8,0,1,1,-1,4,5,4
2434,5,2,1,0,35,13,0,0,0,0,9,5,3
2435,1,0,1,1,30,9,1,0,1,-1,7,5,4
2436,1,0,1,0,48,12,0,0,0,0,9,5,4
2437,2,1,0,1,52,23,0,0,1,-1,10,9,5
2438,1,0,1,0,39,8,0,0,0,0,0,0,10
2439,1,0,1,0,35,9,0,0,0,0,0,0,4
2440,2,1,0,1,34,10,0,0,1,0,9,9,5
2441,1,0,1,1,47,21,0,0,1,-1,10,4,4
2442,5,2,1,1,28,8,0,0,1,0,11,6,2
2443,1,0,1,1,28,11,0,1,1,-1,4,5,4
2444,0,0,0,0,26,4,0,1,0,1,4,5,8
2445,3,1,1,1,30,11,0,0,1,0,11,8,8
2446,1,0,1,1,27,14,2,0,1,-1,1,5,4
2447,1,0,1,1,24,15,0,5,1,-1,3,5,4
2448,1,0,1,0,34,10,0,0,0,0,9,0,4
2449,1,0,1,1,54,12,0,0,1,-1,9,7,1
2450,3,1,1,1,45,5,0,0,1,0,11,8,8
2451,1,0,1,1,34,13,3,1,1,-1,8,5,4
2452,3,1,1,0,42,8,0,0,0,0,11,10,3
2453,0,0,0,0,40,1,0,0,0,0,11,5,8
2454,1,0,1,1,29,9,0,0,1,0,0,4,0
2455,1,0,1,1,45,4,0,0,1,0,0,7,1
2456,1,0,1,1,60,15,0,0,1,-1,10,7,1
2457,1,0,1,1,43,8,1,0,1,-1,7,5,4
2458,1,0,1,1,23,3,0,1,1,1,4,5,4
2459,1,0,1,1,31,6,0,1,1,-1,4,5,4
2460,2,1,0,1,37,5,0,0,1,0,11,9,5
2461,1,0,1,1,63,22,0,0,1,-1,10,4,4
2462,3,1,1,1,29,8,0,1,1,-1,4,5,4
2463,1,0,1,0,34,9,0,1,0,-1,4,5,4
2464,0,0,0,0,43,6,0,0,0,0,11,5,8
2465,4,2,0,0,36,1,0,0,0,0,11,5,4
2466,3,1,1,1,41,4,0,0,1,0,11,8,8
2467,1,0,1,0,25,6,0,3,0,-1,1,5,4
2468,4,2,0,1,31,2,0,0,1,0,11,11,5
2469,2,1,0,1,44,3,0,0,1,0,11,9,5
2470,1,0,1,1,28,5,1,0,1,-1,7,5,4
2471,3,1,1,0,31,8,0,0,0,0,11,10,3
2472,0,0,0,1,41,7,0,0,1,0,11,9,5
2473,6,3,0,1,29,2,0,0,1,0,11,11,5
2474,3,1,1,1,50,18,0,0,1,-1,5,8,8
2475,5,2,1,1,50,5,0,0,1,0,11,6,2
2476,0,0,0,0,48,1,0,0,0,0,11,5,8
2477,5,2,1,1,25,6,0,0,1,0,11,6,2
2478,4,2,0,0,47,1,0,0,0,0,11,5,4
2479,1,0,1,1,41,12,0,0,1,-1,9,4,1
2480,1,0,1,1,29,8,1,0,1,-1,7,5,4
2481,1,0,1,1,23,5,1,0,1,-1,7,5,4
2482,0,0,0,1,49,25,0,0,1,-1,10,9,5
2483,7,3,1,0,35,2,0,0,0,0,11,5,3
2484,5,2,1,1,32,2,1,0,1,-1,7,6,2
2485,1,0,1,0,67,3,0,0,0,0,9,2,7
2486,1,0,1,0,23,4,1,1,0,-1,1,5,4
2487,7,3,1,1,47,5,0,0,1,0,11,6,2
2488,7,3,1,0,43,1,0,0,0,0,11,5,3
2489,1,0,1,0,27,11,1,2,0,-1,1,5,4
2490,3,1,1,1,54,11,0,0,1,-1,9,8,8
2491,0,0,0,0,31,4,0,0,0,0,11,5,8
2492,5,2,1,0,33,2,0,0,0,0,11,5,3
2493,0,0,0,0,44,1,0,0,0,0,11,5,8
2494,2,1,0,0,63,0,0,0,0,0,11,5,6
2495,7,3,1,0,34,3,0,0,0,0,11,5,3
2496,1,0,1,0,61,14,0,0,0,-1,5,5,4
2497,1,0,1,0,31,6,2,0,0,-1,1,5,4
2498,1,0,1,0,32,4,1,0,0,-1,7,5,4
2499,2,1,0,1,26,7,0,0,1,0,11,9,5
2500,1,0,1,0,62,0,0,0,0,0,0,2,7
2501,5,2,1,1,31,8,2,1,1,-1,1,6,2
2502,6,3,0,0,45,1,0,0,0,0,11,5,4
2503,1,0,1,0,46,4,0,0,0,0,0,0,10
2504,7,3,1,0,29,5,0,0,0,0,11,5,3
2505,5,2,1,0,45,3,0,0,0,0,11,5,3
2506,0,0,0,1,43,3,0,0,1,0,11,9,5
2507,0,0,0,1,42,17,3,0,1,-1,8,5,4
2508,1,0,1,1,45,38,0,0,1,-1,8,4,4
2509,2,1,0,0,61,15,0,0,0,-1,5,5,6
2510,1,0,1,0,63,16,0,0,0,-1,10,5,4
2511,5,2,1,1,32,6,0,0,1,0,11,6,2
2512,1,0,1,0,49,2,0,0,0,0,0,2,7
2513,7,3,1,1,27,2,0,0,1,0,11,6,2
2514,5,2,1,1,34,17,0,0,1,-1,5,6,2
2515,1,0,1,0,45,6,0,0,0,0,0,0,4
2516,4,2,0,0,45,0,0,0,0,0,11,5,4
2517,1,0,1,0,30,8,2,0,0,-1,1,5,4
2518,1,0,1,1,48,11,0,0,1,0,9,7,1
2519,0,0,0,0,51,3,0,0,0,0,11,5,8
2520,1,0,1,1,28,5,1,2,1,-1,1,5,4
2521,1,0,1,1,23,3,0,2,1,-1,6,5,4
2522,3,1,1,0,71,3,0,0,0,-1,5,1,11
2524,1,0,1,1,52,23,0,0,1,-1,10,4,4
2525,5,2,1,0,36,5,0,0,0,0,11,5,3
2526,1,0,1,1,52,17,0,0,1,-1,5,4,1
2527,3,1,1,1,58,12,0,0,1,-1,5,8,8
2528,4,2,0,0,25,14,0,1,0,-1,4,5,4
2529,7,3,1,0,62,0,0,0,0,0,11,5,3
2530,2,1,0,1,28,5,0,0,1,0,11,9,5
2531,1,0,1,1,31,15,0,3,1,-1,1,5,4
2532,1,0,1,1,27,17,0,2,1,-1,1,5,4
2533,2,1,0,0,67,0,0,0,0,0,9,5,6
2534,3,1,1,0,42,5,0,0,0,0,11,10,3
2535,3,1,1,1,40,8,0,0,1,0,11,8,8
2536,0,0,0,1,42,8,0,0,1,0,11,9,5
2537,0,0,0,1,27,12,0,0,1,0,9,9,5
2538,1,0,1,1,28,13,0,0,1,0,9,4,0
2539,0,0,0,0,27,1,0,1,0,-1,4,5,8
2540,1,0,1,0,24,12,0,3,0,-1,1,5,4
2541,1,0,1,0,61,11,0,0,0,-1,5,2,7
2542,2,1,0,0,29,3,0,0,0,0,11,5,6
2543,3,1,1,0,34,11,0,0,0,0,11,10,3
2544,3,1,1,1,21,3,0,2,1,-1,6,5,4
2545,1,0,1,1,28,20,0,0,1,-1,10,4,4
2546,1,0,1,1,24,1,1,0,1,2,7,5,4
2547,1,0,1,1,21,5,0,0,1,0,9,3,9
2548,7,3,1,0,22,3,0,0,0,0,11,5,3
2549,3,1,1,1,45,4,0,0,1,0,11,8,8
2550,7,3,1,1,23,6,0,0,1,0,11,6,2
2551,0,0,0,0,44,6,0,0,0,0,11,5,8
2552,7,3,1,1,59,20,0,0,1,-1,10,6,2
2553,3,1,1,0,54,7,0,0,0,0,11,1,11
2554,5,2,1,1,27,4,0,0,1,0,11,6,2
2555,6,3,0,0,42,0,0,0,0,0,11,5,4
2556,1,0,1,1,30,18,0,1,1,-1,4,5,4
2557,1,0,1,1,23,10,0,0,1,0,9,4,0
2558,0,0,0,0,45,0,0,0,0,0,11,5,8
2559,0,0,0,0,47,4,0,0,0,0,11,5,8
2560,0,0,0,1,29,7,0,1,1,-1,4,9,5
2561,1,0,1,0,32,9,2,1,0,-1,1,5,4
2562,5,2,1,1,33,11,0,0,1,0,9,6,2
2563,1,0,1,1,33,9,2,0,1,-1,1,5,4
2564,1,0,1,1,57,28,0,0,1,-1,10,4,4
2565,1,0,1,1,36,14,1,2,1,-1,1,5,4
2566,1,0,1,0,43,23,0,1,0,-1,1,5,4
2567,4,2,0,0,24,1,0,0,0,0,11,5,4
2568,3,1,1,0,50,4,0,0,0,0,11,1,11
2569,2,1,0,0,69,5,0,0,0,-1,10,5,6
2570,1,0,1,1,41,18,1,0,1,-1,1,5,4
2571,4,2,0,0,26,1,0,0,0,0,11,5,4
2572,1,0,1,1,20,2,1,0,1,2,7,5,4
2573,3,1,1,0,67,1,0,0,0,0,11,1,11
2574,0,0,0,0,45,9,0,0,0,0,11,5,8
2576,2,1,0,1,46,7,0,0,1,0,9,9,5
2577,1,0,1,1,29,15,0,0,1,0,9,4,0
2578,1,0,1,1,22,8,0,1,1,-1,4,5,4
2579,3,1,1,1,27,13,0,2,1,-1,6,5,4
2580,7,3,1,1,51,0,0,0,1,0,11,6,2
2581,2,1,0,1,36,5,0,0,1,0,11,9,5
2583,1,0,1,1,30,8,1,0,1,-1,7,5,4
2584,5,2,1,1,65,2,0,0,1,0,9,6,2
2585,1,0,1,0,47,14,0,0,0,-1,9,5,4
2586,1,0,1,1,38,16,2,3,1,-1,3,5,4
2587,1,0,1,1,56,31,0,0,1,-1,1,4,4
2588,3,1,1,0,74,2,0,0,0,-1,5,1,11
2589,0,0,0,1,28,6,0,0,1,0,11,9,5
2591,5,2,1,1,47,3,0,0,1,0,11,6,2
2592,6,3,0,0,36,1,0,0,0,0,11,5,4
2593,5,2,1,1,36,20,1,0,1,-1,1,6,2
2594,3,1,1,0,28,11,0,0,0,0,11,10,3
2595,3,1,1,0,58,8,0,0,0,0,9,1,11
2596,0,0,0,1,31,9,0,0,1,0,11,9,5
2597,1,0,1,1,35,18,0,0,1,-1,5,4,4
2598,3,1,1,0,25,5,4,0,0,-1,8,5,4
2599,3,1,1,1,29,14,0,0,1,0,9,8,8
2600,1,0,1,1,46,13,0,0,1,-1,9,4,1
2601,1,0,1,1,44,11,0,0,1,0,9,7,1
2602,5,2,1,1,31,7,1,0,1,-1,7,6,2
2603,1,0,1,1,61,4,0,0,1,0,9,7,1
2604,2,1,0,0,61,1,0,0,0,0,11,5,6
2605,1,0,1,1,51,7,0,0,1,0,0,7,1
2606,3,1,1,1,57,14,0,0,1,-1,5,8,8
2607,1,0,1,1,30,19,0,1,1,-1,4,5,4
2608,3,1,1,1,23,5,0,2,1,-1,6,5,4
2609,4,2,0,1,23,2,0,0,1,0,11,11,5
