,sex,age,priors_count,juv_fel_count,juv_misd_count,GroundTruth,GroundTruth_DB,FairDen,FairSC_normalized,FairSC
0,1,69,0,0,0,0,0,2,0,2
1,1,34,0,0,0,1,0,2,2,0
2,1,24,4,0,0,1,0,2,2,0
3,1,23,1,0,1,0,1,1,1,1
4,1,43,2,0,0,0,0,2,2,0
5,1,44,0,0,0,0,0,2,2,0
6,1,41,14,0,0,1,0,2,1,1
7,1,43,3,0,0,0,0,2,2,0
8,0,39,0,0,0,0,0,2,1,1
9,1,21,1,0,0,1,0,2,2,0
10,1,27,0,0,0,0,0,2,2,0
11,1,23,3,0,0,1,0,2,2,0
12,0,37,0,0,0,0,0,2,1,1
13,1,41,0,0,0,0,0,2,2,0
14,0,47,1,0,0,1,0,2,1,1
15,1,31,7,0,0,1,0,2,2,0
16,1,37,0,0,0,0,0,2,2,0
17,1,25,3,0,0,0,0,2,2,0
18,1,31,6,0,0,1,0,2,2,0
19,1,31,5,0,0,1,0,2,2,0
20,1,64,13,0,0,1,0,2,0,2
21,0,21,0,0,0,0,0,2,1,1
22,1,24,1,0,0,1,0,2,2,0
23,1,43,1,0,0,0,0,2,2,0
24,1,32,0,0,0,0,0,2,2,0
25,1,27,8,0,0,1,0,2,2,0
26,0,36,3,0,0,0,0,2,1,1
27,1,26,5,0,0,1,0,2,2,0
28,1,33,0,0,0,1,0,2,2,0
29,1,30,9,0,0,1,0,2,2,0
30,1,32,4,0,0,1,0,2,2,0
31,1,55,0,0,0,0,0,2,0,2
32,1,49,7,0,0,1,0,2,0,2
33,1,26,6,0,0,0,0,2,2,0
34,0,33,4,0,0,1,0,2,1,1
35,1,34,21,2,1,1,-1,0,1,1
36,1,29,0,0,0,0,0,2,2,0
37,0,21,2,0,0,0,0,2,1,1
38,1,51,2,0,0,0,0,2,0,2
39,1,29,2,0,0,1,0,2,2,0
40,0,51,7,0,0,0,0,2,1,1
41,1,25,9,0,0,1,0,2,2,0
42,1,35,13,1,0,1,-1,0,1,1
43,1,49,0,0,0,0,0,2,0,2
44,1,34,4,0,0,1,0,2,2,0
45,1,29,1,0,0,1,0,2,2,0
46,0,28,0,0,0,0,0,2,1,1
47,1,48,20,0,0,1,-1,2,1,1
48,0,63,1,0,0,0,0,2,1,1
49,1,31,15,0,0,0,0,2,1,1
50,1,24,2,0,0,1,0,2,2,0
51,1,30,0,0,0,0,0,2,2,0
52,1,49,4,0,0,0,0,2,0,2
53,1,53,8,0,0,0,0,2,0,2
54,1,35,5,0,0,0,0,2,2,0
55,1,63,10,0,0,1,0,2,0,2
56,1,27,15,1,1,1,-1,0,1,1
57,1,38,4,0,0,1,0,2,2,0
58,1,22,1,0,0,1,0,2,2,0
59,1,22,2,0,1,1,1,1,1,1
60,1,29,4,0,0,1,0,2,2,0
61,1,62,0,0,0,0,0,2,0,2
62,1,27,6,0,1,1,1,1,1,1
63,0,56,0,0,0,0,0,2,1,1
64,1,45,6,0,0,1,0,2,1,2
65,1,39,1,0,0,0,0,2,2,0
66,1,29,5,0,0,1,0,2,2,0
67,1,27,1,0,0,1,0,2,2,0
68,1,40,2,0,0,0,0,2,2,0
69,1,22,0,0,0,0,0,2,2,0
70,0,26,1,0,0,1,0,2,1,1
71,1,41,1,0,0,0,0,2,2,0
72,1,30,8,0,0,1,0,2,2,0
73,1,50,0,0,0,1,0,2,0,2
74,1,25,14,1,6,1,-1,0,1,1
75,1,20,0,0,0,1,0,2,2,0
76,1,22,2,1,0,1,2,0,1,1
77,1,23,2,0,0,1,0,2,2,0
78,0,35,1,0,0,0,0,2,1,1
79,1,36,9,0,0,1,0,2,2,0
80,1,26,7,0,0,1,0,2,2,0
81,1,71,12,0,0,0,-1,0,0,2
82,0,20,0,0,0,0,0,2,1,1
83,1,39,2,0,0,1,0,2,2,0
84,1,66,3,0,0,0,0,2,0,2
85,0,54,0,0,0,0,0,2,1,1
86,0,44,0,0,0,0,0,2,1,1
87,1,19,1,0,0,1,0,2,2,0
88,1,30,1,0,0,0,0,2,2,0
89,1,24,8,0,1,1,1,1,1,1
90,1,31,0,0,0,0,0,2,2,0
91,0,39,1,0,0,0,0,2,1,1
92,1,59,14,0,0,1,0,2,0,2
93,1,21,3,0,0,1,0,2,2,0
94,1,38,5,0,0,1,0,2,2,0
95,1,33,5,0,0,1,0,2,2,0
96,1,37,3,0,0,0,0,2,2,0
97,1,42,1,0,0,1,0,2,2,0
98,1,41,10,0,1,1,-1,1,1,1
99,1,33,28,0,12,1,-1,0,1,1
100,1,31,1,0,0,0,0,2,2,0
101,0,30,1,0,0,0,0,2,1,1
102,1,31,13,0,0,1,0,2,1,1
103,1,27,3,0,0,1,0,2,2,0
104,1,56,8,0,0,0,0,2,0,2
105,1,52,3,0,0,0,0,2,0,2
106,1,33,19,0,0,1,0,2,1,1
107,0,64,2,0,0,0,0,2,1,1
108,1,22,4,0,0,1,0,2,2,0
109,1,42,6,0,0,0,0,2,2,0
110,0,25,2,0,0,0,0,2,1,1
111,1,28,2,0,0,0,0,2,2,0
112,0,37,2,0,0,0,0,2,1,1
113,1,28,0,0,0,1,0,2,2,0
114,0,24,0,0,0,0,0,2,1,1
115,0,29,10,0,1,1,1,1,1,1
116,1,44,2,0,0,1,0,2,2,2
117,0,30,4,0,0,1,0,2,1,1
118,1,32,3,0,0,1,0,2,2,0
119,1,31,2,0,0,1,0,2,2,0
120,1,59,1,0,0,1,0,2,0,2
121,0,45,4,0,0,0,0,2,1,1
122,0,20,1,1,0,0,2,0,1,1
123,0,43,0,0,0,0,0,2,1,1
124,1,38,9,1,1,1,-1,0,1,1
125,1,32,11,0,0,1,0,2,2,0
126,1,33,8,0,0,1,0,2,2,0
127,0,31,0,0,0,1,0,2,1,1
128,0,33,7,0,0,1,0,2,1,1
129,1,27,2,0,0,1,0,2,2,0
130,0,26,0,0,0,0,0,2,1,1
131,0,61,1,0,0,1,0,2,1,1
132,1,52,13,0,0,1,0,2,1,1
133,1,63,1,0,0,0,0,2,0,2
134,0,32,4,0,0,1,0,2,1,1
135,0,46,1,0,0,0,0,2,1,1
136,0,26,2,0,0,1,0,2,1,1
137,1,55,3,0,0,0,0,2,0,2
138,1,39,1,1,0,0,-1,0,1,1
139,0,30,3,0,0,1,0,2,1,1
140,1,48,2,0,0,0,0,2,0,2
141,1,46,6,0,0,1,0,2,1,2
142,0,49,6,0,0,0,0,2,1,1
143,1,25,1,0,0,1,0,2,2,0
144,1,23,0,0,0,0,0,2,2,0
145,0,32,5,0,0,0,0,2,1,1
146,1,52,2,0,0,0,0,2,0,2
147,1,62,8,0,0,0,0,2,0,2
148,0,37,6,0,0,0,0,2,1,1
149,1,55,1,0,0,0,0,2,0,2
150,1,31,8,0,0,1,0,2,2,0
151,1,28,6,0,0,1,0,2,2,0
152,1,54,2,0,0,0,0,2,0,2
153,1,58,0,0,0,0,0,2,0,2
154,1,78,1,0,0,1,-1,2,0,2
155,1,56,0,0,0,0,0,2,0,2
156,1,24,0,0,0,0,0,2,2,0
157,1,38,22,2,2,1,-1,0,1,1
158,1,47,23,0,0,1,-1,2,1,1
159,1,57,1,0,0,0,0,2,0,2
160,0,38,2,0,0,1,0,2,1,1
161,1,45,8,0,0,1,0,2,1,2
162,0,52,0,0,0,1,0,2,1,1
163,1,32,13,0,0,1,0,2,1,1
164,1,37,2,0,0,1,0,2,2,0
165,1,39,0,0,0,1,0,2,2,0
166,1,26,9,0,0,1,0,2,2,0
167,1,45,2,0,0,0,0,2,2,2
168,1,34,2,0,0,0,0,2,2,0
169,0,23,1,0,0,0,0,2,1,1
170,1,36,2,0,0,1,0,2,2,0
171,1,50,1,0,0,0,0,2,0,2
172,1,44,4,0,0,0,0,2,1,2
173,0,35,23,0,1,1,-1,0,1,1
174,1,24,5,0,0,1,0,2,2,0
175,1,26,2,0,0,1,0,2,2,0
176,1,43,11,0,0,1,0,2,1,1
177,0,28,7,0,0,1,0,2,1,1
178,1,38,2,0,0,0,0,2,2,0
179,0,28,1,0,0,0,0,2,1,1
180,1,56,7,0,0,1,0,2,0,2
181,1,38,15,0,0,0,0,2,1,1
182,1,45,3,0,0,0,0,2,1,2
183,1,61,1,0,0,0,0,2,0,2
184,0,51,0,0,0,1,0,2,1,1
185,1,51,0,0,0,0,0,2,0,2
186,1,36,1,0,0,1,0,2,2,0
187,1,48,0,0,0,0,0,2,0,2
188,1,37,4,0,0,1,0,2,2,0
189,0,30,2,0,0,0,0,2,1,1
190,0,41,5,0,0,0,0,2,1,1
191,1,27,11,0,0,1,0,2,2,0
192,1,33,4,0,0,1,0,2,2,0
193,1,54,11,0,0,0,0,2,0,2
194,1,52,0,0,0,0,0,2,0,2
195,1,43,13,0,0,1,0,2,1,1
196,1,28,1,0,0,0,0,2,2,0
197,1,30,11,0,0,1,0,2,2,0
198,1,30,4,0,0,0,0,2,2,0
199,1,25,4,0,0,0,0,2,2,0
200,1,32,14,0,1,0,-1,1,1,1
201,1,26,4,0,1,0,1,1,1,1
202,1,53,1,0,0,0,0,2,0,2
203,1,28,25,0,0,1,-1,2,1,1
204,1,44,8,0,0,1,0,2,1,2
205,1,25,0,0,0,0,0,2,2,0
206,0,40,3,0,0,0,0,2,1,1
207,1,36,8,0,0,1,0,2,2,0
208,1,22,3,0,0,1,0,2,2,0
209,0,24,1,0,0,1,0,2,1,1
210,1,23,1,0,0,1,0,2,2,0
211,0,23,5,0,0,1,0,2,1,1
212,1,20,1,0,0,1,0,2,2,0
213,1,30,2,0,0,1,0,2,2,0
214,1,27,4,0,0,0,0,2,2,0
215,0,23,0,0,0,1,0,2,1,1
216,0,48,0,0,0,0,0,2,1,1
217,1,66,8,0,0,1,0,2,0,2
218,1,22,3,0,1,1,1,1,1,1
219,0,22,1,0,0,0,0,2,1,1
220,1,35,2,0,0,0,0,2,2,0
221,1,32,2,0,0,0,0,2,2,0
222,0,41,2,0,0,0,0,2,1,1
223,0,25,0,0,0,0,0,2,1,1
224,1,44,24,0,0,0,-1,2,1,1
225,1,43,0,0,0,0,0,2,2,0
226,1,28,3,0,0,1,0,2,2,0
227,1,70,1,0,0,0,0,2,0,2
228,1,54,6,0,0,1,0,2,0,2
229,1,46,3,0,0,0,0,2,1,2
230,1,21,0,0,0,1,0,2,2,0
231,1,26,1,0,0,1,0,2,2,0
232,1,38,3,0,0,1,0,2,2,0
233,1,34,5,0,0,0,0,2,2,0
234,1,39,6,0,0,1,0,2,2,0
235,1,33,1,0,0,1,0,2,2,0
236,1,58,2,0,0,0,0,2,0,2
237,1,23,4,0,0,1,0,2,2,0
238,1,27,4,1,0,1,2,0,1,1
239,1,37,5,0,0,0,0,2,2,0
240,0,42,0,0,0,0,0,2,1,1
241,1,24,9,0,1,1,1,1,1,1
242,1,29,7,0,0,0,0,2,2,0
243,1,53,6,0,0,0,0,2,0,2
244,1,24,2,0,1,1,1,1,1,1
245,1,53,36,0,0,1,-1,0,1,1
246,1,45,1,0,0,0,0,2,2,2
247,1,21,3,0,1,0,1,1,1,1
248,0,36,0,0,0,0,0,2,1,1
249,1,36,0,0,0,0,0,2,2,0
250,0,30,0,0,0,0,0,2,1,1
251,1,51,1,0,0,0,0,2,0,2
252,1,33,3,0,0,0,0,2,2,0
253,1,32,12,0,1,1,1,1,1,1
254,1,47,3,0,0,0,0,2,0,2
255,0,32,1,0,0,1,0,2,1,1
256,1,19,2,0,2,1,-1,0,1,1
257,1,21,2,0,0,0,0,2,2,0
258,1,49,3,0,0,0,0,2,0,2
259,0,60,0,0,0,0,0,2,1,1
260,1,23,3,2,0,1,-1,0,1,1
261,1,21,1,0,1,0,1,1,1,1
262,1,22,2,0,0,1,0,2,2,0
263,1,57,18,0,0,0,-1,2,1,1
264,1,21,4,0,0,1,0,2,2,0
265,1,34,1,0,0,0,0,2,2,0
266,0,50,1,0,0,1,0,2,1,1
267,1,40,0,0,0,1,0,2,2,0
268,1,25,7,0,0,1,0,2,2,0
269,0,53,1,0,0,0,0,2,1,1
270,1,26,6,1,1,1,-1,0,1,1
271,1,37,23,0,0,1,-1,2,1,1
272,1,53,2,0,0,0,0,2,0,2
273,1,60,1,0,0,0,0,2,0,2
274,1,48,23,1,0,1,-1,0,1,1
275,1,27,12,0,0,1,0,2,2,0
276,1,28,5,0,0,0,0,2,2,0
277,1,47,5,0,0,1,0,2,1,2
278,1,36,14,0,0,1,0,2,1,1
279,1,29,2,1,0,0,2,0,1,1
280,1,68,2,0,0,0,0,2,0,2
281,1,56,5,0,0,0,0,2,0,2
282,1,27,9,0,0,1,0,2,2,0
283,1,52,4,0,0,1,0,2,0,2
284,1,60,4,0,0,0,0,2,0,2
285,0,22,0,0,0,0,0,2,1,1
286,0,27,1,0,0,1,0,2,1,1
287,1,53,11,0,0,0,0,2,0,2
288,0,58,2,0,0,0,0,2,1,1
289,1,28,8,0,0,1,0,2,2,0
290,1,29,8,0,0,0,0,2,2,0
291,1,58,21,0,0,1,-1,2,1,1
292,1,48,1,0,0,1,0,2,0,2
293,1,26,3,0,0,0,0,2,2,0
294,1,24,3,0,1,1,1,1,1,1
295,0,24,3,0,0,1,0,2,1,1
296,1,25,2,0,0,1,0,2,2,0
297,1,20,1,1,0,1,2,0,1,1
298,1,61,4,0,0,0,0,2,0,2
299,0,50,3,0,0,0,0,2,1,1
300,1,45,16,0,0,0,0,2,1,1
301,0,46,2,0,0,1,0,2,1,1
302,1,27,13,0,0,1,0,2,2,1
303,0,51,16,0,0,0,0,2,1,1
304,1,29,3,0,0,1,0,2,2,0
305,1,52,6,0,0,1,0,2,0,2
306,0,34,4,0,0,1,0,2,1,1
307,1,55,5,0,0,1,0,2,0,2
308,1,26,10,1,1,1,-1,0,1,1
309,1,63,2,0,0,0,0,2,0,2
310,1,42,0,0,0,0,0,2,2,0
311,1,23,6,1,2,0,-1,0,1,1
312,1,54,28,0,0,1,-1,2,1,1
313,1,35,8,0,0,1,0,2,2,0
314,0,24,6,1,0,1,2,0,1,1
315,1,58,12,0,0,1,0,2,0,2
316,1,35,1,0,0,0,0,2,2,0
317,1,35,0,0,0,0,0,2,2,0
318,1,58,1,0,0,0,0,2,0,2
319,0,24,6,0,0,1,0,2,1,1
320,1,50,5,0,0,1,0,2,0,2
321,1,29,6,0,0,1,0,2,2,0
322,1,54,0,0,0,0,0,2,0,2
323,0,59,0,0,0,0,0,2,1,1
324,1,38,0,0,0,0,0,2,2,0
325,0,22,2,0,0,1,0,2,1,1
326,1,52,20,0,0,0,-1,2,1,1
327,1,66,33,0,0,1,-1,0,1,1
328,0,35,12,0,0,0,0,2,1,1
329,1,48,12,0,0,0,0,2,1,1
330,1,30,7,0,0,0,0,2,2,0
331,1,33,2,0,0,0,0,2,2,0
332,0,34,6,0,0,0,0,2,1,1
333,1,59,10,0,0,1,0,2,0,2
334,1,25,1,0,1,1,1,1,1,1
335,1,25,6,0,1,1,1,1,1,1
336,1,32,1,0,0,1,0,2,2,0
337,1,37,1,0,0,0,0,2,2,0
338,1,32,20,1,1,0,-1,0,1,1
339,1,42,14,0,0,1,0,2,1,1
340,1,24,9,0,0,1,0,2,2,0
341,1,22,6,1,0,1,2,0,1,1
342,1,47,1,0,0,0,0,2,0,2
343,1,27,5,0,0,1,0,2,2,0
344,1,46,2,0,0,1,0,2,1,2
345,1,44,1,0,0,0,0,2,2,2
346,1,42,8,0,0,0,0,2,1,0
347,1,58,6,0,0,0,0,2,0,2
348,1,39,3,0,0,1,0,2,2,0
349,1,21,3,0,2,1,-1,0,1,1
350,1,50,3,0,0,0,0,2,0,2
351,1,28,16,8,0,1,-1,0,1,1
352,1,40,5,0,0,0,0,2,2,0
353,1,24,8,0,0,0,0,2,2,0
354,1,44,11,0,0,0,0,2,1,1
355,0,35,6,0,0,1,0,2,1,1
356,1,26,4,0,0,0,0,2,2,0
357,1,64,1,0,0,0,0,2,0,2
358,0,49,2,0,0,1,0,2,1,1
359,1,66,0,0,0,1,0,2,0,2
360,0,46,0,0,0,0,0,2,1,1
361,1,30,5,0,0,1,0,2,2,0
362,1,24,10,1,0,1,-1,0,1,1
363,1,21,4,4,0,1,-1,0,1,1
364,1,28,4,0,0,0,0,2,2,0
365,1,31,3,0,0,1,0,2,2,0
366,1,59,17,0,0,1,0,2,1,1
367,1,22,11,0,0,1,0,2,2,0
368,0,38,1,0,0,0,0,2,1,1
369,1,27,6,0,0,1,0,2,2,0
370,1,30,6,0,0,1,0,2,2,0
371,1,28,10,0,0,0,0,2,2,0
372,1,55,9,0,0,1,0,2,0,2
373,0,23,3,0,0,0,0,2,1,1
374,0,19,2,0,0,1,0,2,1,1
375,1,61,15,0,0,1,0,2,0,2
376,1,20,4,0,1,1,1,1,1,1
377,1,23,3,0,2,1,-1,0,1,1
378,1,27,18,0,2,1,-1,0,1,1
379,0,35,0,0,0,1,0,2,1,1
380,0,58,4,0,0,1,0,2,1,1
381,0,57,0,0,0,1,0,2,1,1
382,0,31,10,0,0,0,0,2,1,1
383,0,45,1,0,0,0,0,2,1,1
384,0,27,9,0,0,1,0,2,1,1
385,1,38,1,0,0,1,0,2,2,0
386,1,31,23,0,0,1,-1,2,1,1
387,1,47,20,0,0,0,0,2,1,1
388,1,65,2,0,0,1,0,2,0,2
389,0,33,0,0,0,0,0,2,1,1
390,1,37,11,0,0,0,0,2,2,1
391,0,59,2,0,0,0,0,2,1,1
392,1,46,17,0,0,1,0,2,1,1
393,0,34,15,0,0,1,0,2,1,1
394,1,48,3,0,0,1,0,2,0,2
395,1,30,15,0,0,1,0,2,1,1
396,0,32,2,0,0,0,0,2,1,1
397,1,36,4,0,1,0,-1,1,1,1
398,1,44,14,0,0,1,0,2,1,1
399,1,21,2,1,0,0,2,0,1,1
400,1,47,2,0,0,1,0,2,0,2
401,1,57,20,0,0,1,-1,2,1,1
402,1,46,0,0,0,0,0,2,1,2
403,1,37,6,0,0,0,0,2,2,0
404,1,26,10,0,0,1,0,2,2,0
405,1,27,10,0,1,1,1,1,1,1
406,1,40,1,0,0,0,0,2,2,0
407,0,60,9,0,0,1,0,2,1,1
408,1,26,8,0,1,0,1,1,1,1
409,1,50,18,0,0,1,0,2,1,1
410,1,45,0,0,0,0,0,2,1,2
411,1,68,0,0,0,0,0,2,0,2
412,1,41,2,0,0,0,0,2,2,0
413,0,37,1,0,0,0,0,2,1,1
414,1,38,11,0,0,1,0,2,1,1
415,1,22,1,0,1,1,1,1,1,1
416,0,36,4,0,0,1,0,2,1,1
417,1,23,6,0,0,1,0,2,2,0
418,1,50,11,0,0,0,0,2,1,2
419,1,34,10,0,1,1,1,1,1,1
420,1,30,22,0,0,1,-1,2,1,1
421,0,53,0,0,0,0,0,2,1,1
422,1,25,7,0,1,1,1,1,1,1
423,0,25,1,0,0,0,0,2,1,1
424,1,71,8,0,0,0,-1,2,0,2
425,1,39,10,0,4,0,-1,0,1,1
426,0,29,3,0,0,0,0,2,1,1
427,0,47,19,0,0,1,0,2,1,1
428,0,20,1,0,0,1,0,2,1,1
429,1,55,18,0,0,1,-1,2,1,1
430,1,25,6,0,0,0,0,2,2,0
431,1,41,8,0,0,1,0,2,2,0
432,1,47,0,0,0,0,0,2,0,2
433,0,35,4,0,0,0,0,2,1,1
434,1,21,2,0,2,1,-1,0,1,1
435,1,57,11,0,0,0,0,2,0,2
436,0,37,3,0,0,0,0,2,1,1
437,1,32,22,0,0,1,-1,2,1,1
438,1,63,0,0,0,0,0,2,0,2
439,0,36,1,0,0,0,0,2,1,1
440,1,83,0,0,0,0,-1,0,0,2
441,1,36,3,0,0,1,0,2,2,0
442,1,30,17,0,0,1,0,2,1,1
443,0,19,1,1,1,1,-1,0,1,1
444,1,36,11,0,0,0,0,2,2,1
445,0,29,1,0,0,0,0,2,1,1
446,1,35,7,0,0,0,0,2,2,0
447,1,26,0,0,0,0,0,2,2,0
448,1,26,8,0,0,0,0,2,2,0
449,1,52,7,0,0,0,0,2,0,2
450,1,28,14,0,0,1,0,2,1,1
451,1,29,16,0,1,0,-1,1,1,1
452,1,35,13,0,0,1,0,2,1,1
453,1,43,20,1,0,0,-1,0,1,1
454,1,25,3,0,1,1,1,1,1,1
455,1,48,25,1,0,1,-1,0,1,1
456,1,52,9,1,0,1,-1,0,1,1
457,1,67,4,0,0,1,0,2,0,2
458,1,56,4,0,0,0,0,2,0,2
459,1,24,3,0,2,1,-1,0,1,1
460,1,24,5,0,1,1,1,1,1,1
461,1,24,7,0,1,0,1,1,1,1
462,1,31,25,0,3,1,-1,0,1,1
463,1,39,13,0,0,1,0,2,1,1
464,1,48,5,0,0,1,0,2,0,2
465,1,23,3,1,0,0,2,0,1,1
466,1,42,3,0,0,0,0,2,2,0
467,1,23,6,0,3,1,-1,0,1,1
468,0,37,4,0,0,0,0,2,1,1
469,1,38,25,0,0,1,-1,2,1,1
470,1,24,3,0,0,1,0,2,2,0
471,1,51,3,0,0,0,0,2,0,2
472,0,31,1,0,0,1,0,2,1,1
473,1,52,1,0,0,1,0,2,0,2
474,0,57,1,0,0,0,0,2,1,1
475,0,28,3,0,0,0,0,2,1,1
476,1,32,19,0,0,1,0,2,1,1
477,1,63,3,0,0,0,0,2,0,2
478,1,23,5,0,0,1,0,2,2,0
479,0,69,0,0,0,0,0,2,1,1
480,0,33,1,0,0,0,0,2,1,1
481,0,27,0,0,0,1,0,2,1,1
482,1,47,4,0,0,1,0,2,1,2
483,1,32,14,0,0,1,0,2,1,1
484,1,22,6,1,1,1,-1,0,1,1
485,1,33,7,0,0,1,0,2,2,0
486,1,41,5,0,0,0,0,2,2,0
487,0,21,0,0,1,1,1,1,1,1
488,1,27,10,0,0,1,0,2,2,0
489,1,36,5,0,0,1,0,2,2,0
490,0,24,2,0,0,1,0,2,1,1
491,1,29,10,0,0,1,0,2,2,0
492,1,54,4,0,0,1,0,2,0,2
493,0,23,6,0,0,0,0,2,1,1
494,1,32,8,0,0,1,0,2,2,0
495,1,32,5,0,1,1,1,1,1,1
496,1,32,8,1,0,0,-1,0,1,1
497,1,51,17,0,0,0,0,2,1,1
498,1,45,20,0,0,1,0,2,1,1
499,0,42,2,0,0,0,0,2,1,1
500,0,38,8,0,1,1,-1,1,1,1
501,1,44,6,0,0,0,0,2,1,2
502,1,35,17,0,1,1,-1,1,1,1
503,1,53,0,0,0,0,0,2,0,2
504,1,27,5,2,1,1,-1,0,1,1
505,0,26,3,0,0,0,0,2,1,1
506,1,24,3,1,2,0,-1,0,1,1
507,0,75,5,0,0,0,-1,2,1,1
508,1,36,16,0,0,1,0,2,1,1
509,0,25,5,0,0,1,0,2,1,1
510,1,42,13,1,0,1,-1,0,1,1
511,1,59,2,0,0,0,0,2,0,2
512,1,46,5,0,0,0,0,2,1,2
513,1,55,2,0,0,0,0,2,0,2
514,1,55,17,0,0,1,0,2,1,1
515,1,36,4,0,0,1,0,2,2,0
516,0,26,4,0,0,1,0,2,1,1
517,0,50,30,0,0,1,-1,0,1,1
518,0,38,0,0,0,0,0,2,1,1
519,1,57,19,0,0,0,-1,2,1,1
520,1,22,5,0,0,1,0,2,2,0
521,0,49,4,0,0,0,0,2,1,1
522,1,44,3,0,0,0,0,2,2,2
523,1,45,10,0,0,1,0,2,1,1
524,1,50,2,0,0,0,0,2,0,2
525,1,49,1,0,0,1,0,2,0,2
526,1,32,6,0,0,0,0,2,2,0
527,0,40,1,0,0,0,0,2,1,1
528,0,62,2,0,0,1,0,2,1,1
529,1,37,18,2,0,0,-1,0,1,1
530,0,30,5,0,0,1,0,2,1,1
531,0,54,1,0,0,0,0,2,1,1
532,1,50,8,0,0,0,0,2,0,2
533,1,50,7,0,0,0,0,2,0,2
534,1,40,3,0,0,0,0,2,2,0
535,1,54,3,0,0,1,0,2,0,2
536,1,46,1,0,0,0,0,2,1,2
537,0,35,10,0,0,0,0,2,1,1
538,1,33,16,0,0,1,0,2,1,1
539,0,49,0,0,0,1,0,2,1,1
540,1,30,10,0,0,0,0,2,2,0
541,1,33,12,0,0,1,0,2,2,1
542,0,40,0,0,0,0,0,2,1,1
543,1,43,9,0,0,1,0,2,1,1
544,1,26,11,0,0,0,0,2,2,0
545,1,25,11,0,1,1,1,1,1,1
546,0,52,1,0,0,0,0,2,1,1
547,0,52,6,0,0,0,0,2,1,1
548,0,41,0,0,0,0,0,2,1,1
549,0,34,14,0,0,0,0,2,1,1
550,0,62,0,0,0,0,0,2,1,1
551,0,56,1,0,0,1,0,2,1,1
552,1,41,17,0,0,1,0,2,1,1
553,1,35,4,0,0,1,0,2,2,0
554,1,37,4,0,1,0,-1,1,1,1
555,0,21,3,1,2,0,-1,0,1,1
556,0,35,2,0,0,0,0,2,1,1
557,1,41,9,2,1,0,-1,0,1,1
558,1,20,2,0,0,1,0,2,2,0
559,1,28,9,0,0,1,0,2,2,0
560,0,27,3,0,0,1,0,2,1,1
561,1,50,4,0,0,0,0,2,0,2
562,0,33,2,0,0,1,0,2,1,1
563,0,29,11,0,0,1,0,2,1,1
564,0,32,6,0,0,1,0,2,1,1
565,1,25,5,0,0,0,0,2,2,0
566,0,29,2,0,0,0,0,2,1,1
567,0,54,12,0,0,0,0,2,1,1
568,1,49,8,0,0,1,0,2,0,2
569,1,28,7,0,0,1,0,2,2,0
570,0,34,0,0,0,0,0,2,1,1
571,1,34,3,0,0,1,0,2,2,0
572,0,45,3,0,0,0,0,2,1,1
573,1,20,8,0,8,1,-1,0,1,1
574,1,24,8,1,1,1,-1,0,1,1
575,1,60,12,0,0,0,0,2,0,2
576,1,33,6,0,0,0,0,2,2,0
577,1,29,4,1,1,1,-1,0,1,1
578,1,21,1,1,0,1,2,0,1,1
579,1,30,3,0,0,0,0,2,2,0
580,1,57,0,0,0,0,0,2,0,2
581,0,32,0,0,0,1,0,2,1,1
582,0,39,22,0,0,1,-1,2,1,1
583,0,45,5,0,0,0,0,2,1,1
584,1,31,4,0,0,1,0,2,2,0
585,0,44,1,0,0,0,0,2,1,1
586,1,53,4,0,0,0,0,2,0,2
587,0,26,5,0,0,1,0,2,1,1
588,1,47,7,0,0,1,0,2,1,2
589,1,39,5,0,0,1,0,2,2,0
590,1,51,7,0,0,1,0,2,0,2
591,1,49,12,0,0,0,0,2,1,1
592,1,22,6,0,3,1,-1,0,1,1
593,1,20,2,2,0,1,-1,0,1,1
594,1,28,11,0,0,0,0,2,2,0
595,0,51,5,0,0,0,0,2,1,1
596,1,32,17,1,2,1,-1,0,1,1
597,1,21,2,2,0,1,-1,0,1,1
598,1,22,6,0,0,0,0,2,2,0
599,1,25,15,0,3,1,-1,0,1,1
600,1,36,6,0,0,0,0,2,2,0
601,0,66,1,0,0,0,0,2,1,1
602,1,43,4,0,0,1,0,2,2,0
603,1,35,3,0,0,0,0,2,2,0
604,1,19,2,3,0,1,-1,0,1,1
605,1,62,15,0,0,0,0,2,0,2
606,1,31,10,0,0,1,0,2,2,0
607,1,56,9,0,0,0,0,2,0,2
608,1,22,3,0,3,0,-1,0,1,1
609,1,20,2,0,1,1,1,1,1,1
610,0,28,4,0,0,0,0,2,1,1
611,1,48,4,0,0,1,0,2,0,2
612,1,23,1,1,0,0,2,0,1,1
613,1,34,19,0,2,1,-1,0,1,1
614,0,59,1,0,0,0,0,2,1,1
615,0,38,14,0,0,1,0,2,1,1
616,1,57,15,0,0,0,0,2,0,1
617,0,21,1,0,0,1,0,2,1,1
618,0,30,8,0,0,1,0,2,1,1
619,1,54,9,0,0,0,0,2,0,2
620,1,30,20,2,0,1,-1,0,1,1
621,1,23,5,1,0,1,2,0,1,1
622,0,27,6,0,0,1,0,2,1,1
623,1,25,8,0,0,1,0,2,2,0
624,1,26,7,1,0,1,-1,0,1,1
625,0,60,2,0,0,0,0,2,1,1
626,1,48,9,0,0,1,0,2,1,2
627,1,52,15,0,0,1,0,2,1,1
628,1,61,3,0,0,1,0,2,0,2
629,1,69,3,0,0,0,0,2,0,2
630,1,31,2,1,0,1,2,0,1,1
631,1,19,3,0,2,1,-1,0,1,1
632,1,24,12,0,5,1,-1,0,1,1
633,1,57,3,0,0,0,0,2,0,2
634,0,30,7,0,0,0,0,2,1,1
635,1,31,6,3,0,1,-1,0,1,1
636,1,30,15,1,0,1,-1,0,1,1
637,1,64,0,0,0,0,0,2,0,2
638,1,54,14,0,0,1,0,2,1,1
639,1,20,9,9,0,1,-1,0,1,1
640,1,37,12,1,0,1,-1,0,1,1
641,0,20,3,0,2,1,-1,0,1,1
642,1,72,1,0,0,0,0,2,0,2
643,1,21,5,0,0,1,0,2,2,0
644,1,55,13,0,0,1,0,2,0,2
645,1,23,5,0,3,1,-1,0,1,1
646,1,56,1,0,0,0,0,2,0,2
647,1,55,11,0,0,0,0,2,0,2
648,1,56,3,0,0,0,0,2,0,2
649,1,34,15,0,0,0,0,2,1,1
650,1,32,12,0,0,0,0,2,2,1
651,1,47,14,4,0,1,-1,0,1,1
652,1,25,14,0,4,1,-1,0,1,1
653,1,59,0,0,0,0,0,2,0,2
654,1,72,3,0,0,0,0,2,0,2
655,1,51,6,0,0,1,0,2,0,2
656,0,34,2,0,0,1,0,2,1,1
657,1,26,14,0,1,1,-1,1,1,1
658,0,28,2,0,0,0,0,2,1,1
659,1,58,24,0,0,1,-1,2,1,1
660,0,20,2,0,0,1,0,2,1,1
661,1,32,15,2,0,1,-1,0,1,1
662,1,38,10,0,0,1,0,2,2,0
663,1,42,2,0,0,1,0,2,2,0
664,1,30,11,0,2,0,-1,0,1,1
665,1,46,15,0,0,1,0,2,1,1
666,1,36,5,2,0,0,-1,0,1,1
667,0,70,1,0,0,0,0,2,1,1
668,0,39,6,0,1,0,-1,1,1,1
669,1,35,12,0,4,0,-1,0,1,1
670,1,54,8,0,0,1,0,2,0,2
671,1,67,0,0,0,0,0,2,0,2
672,1,24,8,0,2,1,-1,0,1,1
673,1,61,0,0,0,0,0,2,0,2
674,1,58,3,0,0,1,0,2,0,2
675,1,57,12,0,0,0,0,2,0,2
676,1,51,8,0,0,0,0,2,0,2
677,1,45,4,0,0,0,0,2,1,2
678,1,26,13,0,1,1,1,1,1,1
679,1,34,9,1,0,1,-1,0,1,1
680,0,31,2,0,0,0,0,2,1,1
681,1,37,8,0,0,1,0,2,2,0
682,0,23,2,0,0,1,0,2,1,1
683,1,49,2,0,0,0,0,2,0,2
684,0,31,7,0,0,1,0,2,1,1
685,1,30,21,0,2,1,-1,0,1,1
686,1,22,13,0,0,1,0,2,2,0
687,1,35,23,0,1,1,-1,0,1,1
688,1,28,11,2,1,0,-1,0,1,1
689,1,44,9,0,0,0,0,2,1,1
690,1,32,24,1,3,1,-1,0,1,1
691,1,34,6,0,0,1,0,2,2,0
692,1,19,0,0,0,1,0,2,2,0
693,1,57,27,0,0,0,-1,2,1,1
694,1,66,1,0,0,0,0,2,0,2
695,0,25,4,0,0,1,0,2,1,1
696,1,38,6,0,0,1,0,2,2,0
697,1,37,24,2,3,0,-1,0,1,1
698,1,44,13,0,0,1,0,2,1,1
699,0,49,8,0,0,0,0,2,1,1
700,1,33,14,0,0,0,0,2,1,1
701,1,48,14,0,0,1,0,2,1,1
702,1,24,4,0,1,1,1,1,1,1
703,0,44,4,0,0,1,0,2,1,1
704,0,34,1,0,0,1,0,2,1,1
705,1,20,1,0,1,1,1,1,1,1
706,1,63,23,0,0,1,-1,2,1,1
707,0,34,5,0,0,0,0,2,1,1
708,0,47,0,0,0,0,0,2,1,1
709,1,47,6,0,0,0,0,2,1,2
710,1,34,7,0,0,1,0,2,2,0
711,1,34,27,0,0,1,-1,0,1,1
712,1,28,8,0,1,0,1,1,1,1
713,1,45,15,0,0,1,0,2,1,1
714,1,19,1,1,0,0,2,0,1,1
715,0,48,9,0,0,0,0,2,1,1
716,1,59,4,0,0,0,0,2,0,2
717,0,44,11,0,0,1,0,2,1,1
718,0,35,3,0,1,0,-1,1,1,1
719,1,65,4,0,0,0,0,2,0,2
720,1,29,7,0,2,1,-1,0,1,1
721,1,30,5,1,0,1,-1,0,1,1
722,0,53,4,0,0,1,0,2,1,1
723,1,32,5,0,0,1,0,2,2,0
724,1,25,24,20,0,1,-1,-1,1,1
725,1,35,12,0,1,0,-1,1,1,1
726,1,69,6,0,0,1,0,2,0,2
727,1,29,13,0,1,1,1,1,1,1
728,1,42,7,0,0,0,0,2,2,0
729,1,67,2,0,0,1,0,2,0,2
730,0,49,14,0,0,1,0,2,1,1
731,1,32,9,0,0,1,0,2,2,0
732,1,41,9,0,0,0,0,2,1,0
733,0,57,3,0,0,0,0,2,1,1
734,1,44,19,2,0,1,-1,0,1,1
735,1,30,11,4,1,0,-1,0,1,1
736,1,27,4,0,1,1,1,1,1,1
737,1,44,10,0,0,1,0,2,1,1
738,1,51,4,0,0,0,0,2,0,2
739,1,24,11,0,0,1,0,2,2,0
740,1,26,8,2,1,1,-1,0,1,1
741,1,53,9,0,0,1,0,2,0,2
742,0,58,3,0,0,0,0,2,1,1
743,1,20,3,0,0,1,0,2,2,0
744,1,46,10,0,0,1,0,2,1,1
745,1,31,19,0,0,1,0,2,1,1
746,1,33,10,0,0,1,0,2,2,0
747,0,23,4,0,0,1,0,2,1,1
748,1,37,13,0,1,1,-1,1,1,1
749,0,52,21,0,0,1,-1,2,1,1
750,1,30,11,0,1,1,1,1,1,1
751,1,30,18,0,3,0,-1,0,1,1
752,1,51,5,0,0,0,0,2,0,2
753,1,27,1,0,1,0,1,1,1,1
754,1,46,9,0,0,0,0,2,1,2
755,1,59,3,0,0,1,0,2,0,2
756,1,57,8,0,0,1,0,2,0,2
757,0,51,1,0,0,0,0,2,1,1
758,1,57,2,0,0,0,0,2,0,2
759,1,58,16,0,0,0,0,2,1,1
760,1,32,21,0,0,1,0,2,1,1
761,0,44,11,0,1,1,-1,0,1,1
762,1,30,14,0,1,1,-1,1,1,1
763,1,37,12,0,0,0,0,2,1,1
764,0,64,7,0,0,0,0,2,1,1
765,0,40,4,0,0,0,0,2,1,1
766,1,61,5,0,0,0,0,2,0,2
767,1,31,9,0,0,0,0,2,2,0
768,0,41,4,0,0,1,0,2,1,1
769,0,50,7,0,0,0,0,2,1,1
770,1,31,16,0,0,1,0,2,1,1
771,1,60,0,0,0,0,0,2,0,2
772,1,28,6,4,0,0,-1,0,1,1
773,0,40,7,0,0,0,0,2,1,1
774,1,41,19,0,0,0,-1,2,1,1
775,1,40,8,0,0,1,0,2,2,0
776,1,33,11,0,0,1,0,2,2,0
777,1,58,38,0,0,1,-1,0,1,1
778,1,30,7,0,1,1,1,1,1,1
779,0,43,7,0,0,0,0,2,1,1
780,1,39,4,0,1,1,-1,1,1,1
781,1,27,13,0,2,1,-1,0,1,1
782,1,25,4,2,0,1,-1,0,1,1
783,1,41,4,0,0,0,0,2,2,0
784,0,27,2,0,0,0,0,2,1,1
785,1,33,23,0,0,1,-1,2,1,1
786,1,38,9,0,0,0,0,2,2,0
787,1,29,6,0,1,0,1,1,1,1
788,1,45,9,0,0,1,0,2,1,1
789,0,46,4,0,0,0,0,2,1,1
790,1,39,8,0,0,0,0,2,2,0
791,1,29,12,0,0,1,0,2,2,0
792,1,29,11,0,0,1,0,2,2,0
793,1,23,2,1,0,0,2,0,1,1
794,1,70,11,0,0,1,-1,2,0,2
795,0,45,15,0,0,1,0,2,1,1
796,1,55,21,0,0,1,-1,2,1,1
797,0,49,1,0,0,0,0,2,1,1
798,0,26,9,0,0,1,0,2,1,1
799,1,25,5,0,2,1,-1,0,1,1
800,1,37,26,0,0,1,-1,2,1,1
801,1,70,0,0,0,0,0,2,0,2
802,1,40,4,0,0,1,0,2,2,0
803,1,43,18,0,0,1,0,2,1,1
804,1,48,13,0,0,1,0,2,1,1
805,0,49,3,0,0,0,0,2,1,1
806,1,31,1,0,1,0,-1,1,1,1
807,0,27,4,0,0,1,0,2,1,1
808,0,21,1,1,0,1,2,0,1,1
809,1,38,37,0,5,1,-1,0,1,1
810,0,36,7,0,0,1,0,2,1,1
811,1,60,3,0,0,0,0,2,0,2
812,1,31,15,0,2,1,-1,0,1,1
813,1,24,17,0,0,1,-1,2,1,1
814,1,52,9,0,0,1,0,2,0,2
815,1,50,7,1,0,0,-1,0,1,1
816,1,35,6,0,0,1,0,2,2,0
817,0,29,9,0,0,1,0,2,1,1
818,1,62,1,0,0,0,0,2,0,2
819,1,21,3,1,2,1,-1,0,1,1
820,1,35,13,3,0,0,-1,0,1,1
821,0,39,7,0,1,0,-1,1,1,1
822,0,19,0,0,0,1,0,2,1,1
823,1,27,7,0,0,1,0,2,2,0
824,1,24,6,1,0,1,2,0,1,1
825,1,25,21,0,1,1,-1,0,1,1
826,1,27,25,0,0,1,-1,0,1,1
827,1,36,19,0,0,1,0,2,1,1
828,1,43,5,0,0,0,0,2,2,0
829,0,21,4,1,0,1,2,0,1,1
830,1,47,22,0,0,1,-1,2,1,1
831,0,30,14,0,3,1,-1,0,1,1
832,1,24,6,0,0,1,0,2,2,0
833,1,36,10,1,0,1,-1,0,1,1
834,1,46,8,0,0,1,0,2,1,2
835,1,19,1,0,1,1,1,1,1,1
836,1,26,8,0,3,1,-1,0,1,1
837,0,39,4,0,0,1,0,2,1,1
838,1,67,3,0,0,0,0,2,0,2
839,1,45,17,0,0,1,0,2,1,1
840,1,46,4,0,0,0,0,2,1,2
841,1,54,1,0,0,1,0,2,0,2
842,0,28,10,0,0,1,0,2,1,1
843,1,35,10,0,0,1,0,2,2,0
844,1,61,10,0,0,0,0,2,0,2
845,1,48,10,1,0,1,-1,0,1,1
846,1,42,4,0,0,0,0,2,2,0
847,1,39,4,0,0,0,0,2,2,0
848,1,44,16,3,0,0,-1,0,1,1
849,0,54,7,0,0,0,0,2,1,1
850,1,41,3,0,0,1,0,2,2,0
851,1,31,11,0,0,1,0,2,2,0
852,1,49,10,0,0,1,0,2,1,2
853,0,41,12,0,0,1,0,2,1,1
854,1,37,9,0,0,1,0,2,2,0
855,0,52,8,0,0,0,0,2,1,1
856,1,26,5,0,1,1,1,1,1,1
857,1,45,13,0,0,1,0,2,1,1
858,1,61,30,0,0,0,-1,0,1,1
859,1,74,0,0,0,0,0,2,0,2
860,1,75,2,0,0,0,0,2,0,2
861,1,23,2,0,1,0,1,1,1,1
862,1,55,33,0,0,1,-1,0,1,1
863,0,64,1,0,0,0,0,2,1,1
864,1,36,15,0,0,0,0,2,1,1
865,1,41,18,2,0,1,-1,0,1,1
866,0,31,14,0,0,0,0,2,1,1
867,1,26,20,0,2,1,-1,0,1,1
868,1,25,5,0,1,1,1,1,1,1
869,1,32,16,0,0,1,0,2,1,1
870,1,65,6,0,0,0,0,2,0,2
871,1,44,7,1,0,0,-1,0,1,1
872,0,21,4,0,3,1,-1,0,1,1
873,1,30,3,0,1,0,1,1,1,1
874,0,45,2,0,0,0,0,2,1,1
875,1,57,6,0,0,1,0,2,0,2
876,1,62,3,0,0,1,0,2,0,2
877,1,28,5,1,1,0,-1,0,1,1
878,0,56,2,0,0,1,0,2,1,1
879,0,37,7,1,0,0,-1,0,1,1
880,0,33,3,0,0,1,0,2,1,1
881,1,69,22,0,0,0,-1,0,1,1
882,1,31,10,0,1,1,1,1,1,1
883,0,50,5,0,0,0,0,2,1,1
884,1,37,11,2,0,0,-1,0,1,1
885,1,29,13,0,0,1,0,2,2,1
886,1,30,13,0,0,1,0,2,2,1
887,0,37,13,0,0,0,0,2,1,1
888,0,33,5,0,0,1,0,2,1,1
889,1,43,6,0,0,1,0,2,2,0
890,1,26,3,1,0,1,2,0,1,1
891,0,50,2,0,0,1,0,2,1,1
892,1,48,7,0,0,1,0,2,1,2
893,1,29,17,0,1,1,-1,1,1,1
894,1,96,2,0,0,1,-1,0,0,2
895,1,27,8,0,1,1,1,1,1,1
896,1,26,12,0,0,1,0,2,2,0
897,1,27,7,0,1,1,1,1,1,1
898,1,34,11,1,0,1,-1,0,1,1
899,0,22,2,0,1,0,1,1,1,1
900,1,31,3,0,1,0,1,1,1,1
901,1,45,19,0,0,1,0,2,1,1
902,0,55,0,0,0,0,0,2,1,1
903,1,41,13,0,0,0,0,2,1,1
904,1,30,10,0,1,0,1,1,1,1
905,1,26,13,0,0,1,0,2,2,1
906,0,41,6,0,1,0,-1,1,1,1
907,1,31,8,0,2,1,-1,0,1,1
908,1,41,25,0,0,1,-1,2,1,1
909,0,48,1,0,0,0,0,2,1,1
910,1,35,14,0,1,1,-1,1,1,1
911,0,41,1,0,0,0,0,2,1,1
912,1,19,3,3,0,1,-1,0,1,1
913,1,25,13,4,0,1,-1,0,1,1
914,1,50,10,0,0,0,0,2,1,2
915,0,38,6,0,0,1,0,2,1,1
916,0,38,20,0,0,1,-1,2,1,1
917,1,32,26,2,0,1,-1,0,1,1
918,1,30,19,0,0,1,0,2,1,1
919,1,26,9,0,1,1,1,1,1,1
920,1,30,9,0,1,1,1,1,1,1
921,1,40,7,0,0,0,0,2,2,0
922,1,37,22,0,0,1,-1,2,1,1
923,1,38,8,0,0,1,0,2,2,0
924,1,36,10,0,0,1,0,2,2,0
925,0,30,9,0,0,1,0,2,1,1
926,1,34,16,0,0,1,0,2,1,1
927,1,31,4,0,1,1,1,1,1,1
928,1,51,9,0,0,1,0,2,0,2
929,1,46,12,0,0,0,0,2,1,1
930,1,60,9,0,0,0,0,2,0,2
931,1,30,12,0,0,1,0,2,2,0
932,0,54,2,0,0,0,0,2,1,1
933,0,51,14,0,0,0,0,2,1,1
934,1,27,6,2,0,1,-1,0,1,1
935,1,28,14,0,1,1,-1,1,1,1
936,1,49,6,0,0,1,0,2,0,2
937,1,56,2,0,0,0,0,2,0,2
938,1,34,22,0,0,0,-1,2,1,1
939,1,50,24,0,0,1,-1,2,1,1
940,1,54,12,0,0,1,0,2,0,2
941,1,50,5,1,0,0,-1,0,1,1
942,1,33,5,0,1,1,1,1,1,1
943,0,64,0,0,0,0,0,2,1,1
944,0,35,3,0,0,1,0,2,1,1
945,1,53,18,0,0,1,0,2,1,1
946,1,28,6,0,1,1,1,1,1,1
947,1,60,18,0,0,1,-1,2,1,1
948,1,73,0,0,0,0,0,2,0,2
949,1,40,6,0,0,0,0,2,2,0
950,1,32,11,1,0,1,-1,0,1,1
951,0,53,10,0,0,1,0,2,1,1
952,1,71,1,0,0,0,0,2,0,2
953,0,61,0,0,0,0,0,2,1,1
954,1,24,6,0,2,0,-1,0,1,1
955,1,64,8,0,0,0,0,2,0,2
956,0,45,7,0,1,1,-1,0,1,1
957,1,60,19,0,0,1,-1,2,1,1
958,1,56,24,0,0,0,-1,2,1,1
959,1,25,9,0,1,1,1,1,1,1
960,1,47,15,0,0,0,0,2,1,1
961,1,18,2,3,0,1,-1,0,1,1
962,1,34,8,3,0,0,-1,0,1,1
963,1,64,20,0,0,0,-1,2,1,1
964,1,40,24,0,1,1,-1,0,1,1
965,1,51,14,0,0,1,0,2,1,1
966,1,60,10,0,0,0,0,2,0,2
967,0,46,7,0,0,0,0,2,1,1
968,1,57,10,0,0,1,0,2,0,2
969,1,25,9,0,2,0,-1,0,1,1
970,1,59,13,0,0,1,0,2,0,2
971,1,21,2,1,1,0,-1,0,1,1
972,1,28,7,1,0,1,-1,0,1,1
973,0,39,10,0,0,1,0,2,1,1
974,1,25,10,0,1,1,1,1,1,1
975,1,43,8,0,0,0,0,2,1,1
976,1,49,5,0,0,1,0,2,1,2
977,0,65,1,0,0,0,0,2,1,1
978,1,63,6,0,0,0,0,2,0,2
979,0,50,0,0,0,0,0,2,1,1
980,1,54,10,0,0,0,0,2,0,2
981,1,38,17,0,0,0,0,2,1,1
982,1,56,6,0,0,0,0,2,0,2
983,1,35,12,0,0,1,0,2,1,1
984,0,51,10,1,0,0,-1,0,1,1
985,0,58,0,0,0,0,0,2,1,1
986,1,25,21,0,13,1,-1,0,1,1
987,1,34,12,0,0,0,0,2,1,1
988,1,42,33,0,0,1,-1,0,1,1
989,1,40,15,1,0,0,-1,0,1,1
990,1,37,10,0,0,1,0,2,2,0
991,0,22,3,0,1,0,1,1,1,1
992,1,33,9,0,0,0,0,2,2,0
993,0,30,10,0,3,1,-1,0,1,1
994,1,31,5,0,1,0,1,1,1,1
995,1,57,23,0,0,1,-1,2,1,1
996,0,39,8,0,0,1,0,2,1,1
997,1,65,3,0,0,0,0,2,0,2
998,1,29,2,0,1,1,1,1,1,1
999,1,62,13,0,0,1,0,2,0,2
1000,0,30,4,0,1,0,1,1,1,1
1001,1,30,14,0,0,1,0,2,1,1
1002,0,32,3,0,0,0,0,2,1,1
1003,1,53,3,0,0,0,0,2,0,2
1004,1,24,9,1,0,1,-1,0,1,1
1005,1,31,16,2,1,1,-1,0,1,1
1006,1,23,7,0,1,1,1,1,1,1
1007,0,47,2,0,0,0,0,2,1,1
1008,1,52,19,0,0,0,0,2,1,1
1009,1,37,14,0,0,0,0,2,1,1
1010,1,28,21,0,2,0,-1,0,1,1
1011,1,34,9,0,0,1,0,2,2,0
1012,1,46,9,1,0,1,-1,0,1,1
1013,0,51,2,0,0,0,0,2,1,1
1014,1,23,4,0,1,1,1,1,1,1
1015,1,56,10,0,0,1,0,2,0,2
1016,1,32,10,0,3,1,-1,0,1,1
1017,1,68,1,0,0,0,0,2,0,2
1018,1,19,2,0,1,1,1,1,1,1
1019,1,39,17,6,1,1,-1,0,1,1
1020,1,32,10,0,2,1,-1,0,1,1
1021,1,58,10,0,0,1,0,2,0,2
1022,1,42,9,0,0,1,0,2,1,1
1023,1,25,4,0,1,1,1,1,1,1
1024,1,34,14,0,0,1,0,2,1,1
1025,0,29,0,0,0,0,0,2,1,1
1026,1,38,19,0,0,1,0,2,1,1
1027,1,59,8,0,0,0,0,2,0,2
1028,0,33,6,0,0,1,0,2,1,1
1029,0,40,5,0,0,0,0,2,1,1
1030,0,37,7,0,0,1,0,2,1,1
1031,1,23,7,0,2,1,-1,0,1,1
1032,1,24,2,1,0,1,2,0,1,1
1033,1,55,12,0,0,0,0,2,0,2
1034,1,26,24,1,3,1,-1,0,1,1
1035,1,48,6,0,0,0,0,2,1,2
1036,1,50,26,0,0,1,-1,2,1,1
1037,1,28,10,0,1,1,1,1,1,1
1038,1,33,9,1,0,1,-1,0,1,1
1039,1,31,10,5,0,1,-1,0,1,1
1040,1,22,7,0,4,1,-1,0,1,1
1041,1,43,7,0,0,0,0,2,1,0
1042,1,27,18,0,0,1,0,2,1,1
1043,0,38,3,0,0,1,0,2,1,1
1044,0,50,4,0,0,0,0,2,1,1
1045,1,27,2,1,0,1,2,0,1,1
1046,1,37,23,1,8,1,-1,0,1,1
1047,1,36,25,0,2,1,-1,0,1,1
1048,1,28,18,0,0,1,0,2,1,1
1049,1,40,9,1,0,0,-1,0,1,1
1050,1,21,7,1,0,1,-1,0,1,1
1051,0,31,3,0,0,0,0,2,1,1
1052,1,36,26,1,0,1,-1,0,1,1
1053,1,71,13,0,0,0,-1,0,0,2
1054,1,27,9,0,4,1,-1,0,1,1
1055,1,46,8,1,0,1,-1,0,1,1
1056,0,36,5,0,0,1,0,2,1,1
1057,0,31,10,0,2,0,-1,0,1,1
1058,0,56,10,0,0,1,0,2,1,1
1059,1,35,27,0,0,0,-1,0,1,1
1060,1,48,10,0,0,0,0,2,1,2
1061,1,25,8,0,1,0,1,1,1,1
1062,1,25,4,1,0,0,2,0,1,1
1063,1,50,9,0,0,1,0,2,0,2
1064,0,48,2,0,0,0,0,2,1,1
1065,1,19,3,2,1,1,-1,0,1,1
1066,1,75,1,0,0,1,0,2,0,2
1067,0,32,11,0,0,0,0,2,1,1
1068,1,44,7,0,0,0,0,2,1,2
1069,0,30,15,0,0,1,0,2,1,1
1070,1,28,9,0,1,0,1,1,1,1
1071,1,52,5,0,0,1,0,2,0,2
1072,1,38,8,1,0,0,-1,0,1,1
1073,1,46,7,0,0,1,0,2,1,2
1074,1,34,27,0,1,0,-1,0,1,1
1075,1,42,5,0,0,0,0,2,2,0
1076,1,52,8,0,0,0,0,2,0,2
1077,1,52,16,0,0,1,0,2,1,1
1078,1,20,3,0,2,1,-1,0,1,1
1079,1,27,11,0,1,0,1,1,1,1
1080,1,28,11,1,0,1,-1,0,1,1
1081,0,19,1,0,0,1,0,2,1,1
1082,1,37,7,0,0,1,0,2,2,0
1083,0,36,2,0,0,0,0,2,1,1
1084,1,39,21,0,0,0,-1,2,1,1
1085,0,43,2,0,0,0,0,2,1,1
1086,1,36,19,3,0,1,-1,0,1,1
1087,0,43,3,0,0,1,0,2,1,1
1088,1,25,28,0,0,1,-1,0,1,1
1089,1,25,2,1,0,0,2,0,1,1
1090,0,42,1,0,0,1,0,2,1,1
1091,1,34,9,0,2,1,-1,0,1,1
1092,1,34,21,1,0,1,-1,0,1,1
1093,0,24,4,0,0,1,0,2,1,1
1094,1,37,20,0,0,1,-1,2,1,1
1095,1,25,9,1,2,1,-1,0,1,1
1096,1,44,5,0,0,0,0,2,1,2
1097,1,24,7,0,0,1,0,2,2,0
1098,1,60,13,0,0,0,0,2,0,2
1099,1,72,7,0,0,0,-1,2,0,2
1100,1,41,7,0,0,0,0,2,2,0
1101,1,24,14,0,4,1,-1,0,1,1
1102,1,51,22,0,0,1,-1,2,1,1
1103,1,47,19,0,0,1,0,2,1,1
1104,1,65,11,0,0,0,0,2,0,2
1105,1,53,13,0,0,0,0,2,1,1
1106,1,39,9,0,0,1,0,2,2,0
1107,1,59,22,0,0,1,-1,2,1,1
1108,1,57,9,0,0,0,0,2,0,2
1109,1,25,11,0,0,1,0,2,2,0
1110,0,42,5,0,0,1,0,2,1,1
1111,0,52,3,0,0,0,0,2,1,1
1112,1,38,12,0,0,0,0,2,1,1
1113,1,32,7,0,0,1,0,2,2,0
1114,0,51,4,0,0,0,0,2,1,1
1115,1,32,17,0,0,1,0,2,1,1
1116,1,18,4,5,0,1,-1,0,1,1
1117,1,32,10,0,0,1,0,2,2,0
1118,1,38,16,0,1,1,-1,1,1,1
1119,1,36,14,10,0,1,-1,0,1,1
1120,0,65,0,0,0,0,0,2,1,1
1121,1,40,21,0,0,0,-1,2,1,1
1122,1,21,4,0,1,1,1,1,1,1
1123,0,39,22,0,2,1,-1,0,1,1
1124,0,45,0,0,0,0,0,2,1,1
1125,1,34,13,0,0,1,0,2,1,1
1126,1,51,19,1,0,0,-1,0,1,1
1127,1,65,7,0,0,0,0,2,0,2
1128,0,23,7,0,3,1,-1,0,1,1
1129,0,36,4,2,0,1,-1,0,1,1
1130,1,52,10,0,0,0,0,2,0,2
1131,1,45,20,1,0,0,-1,0,1,1
1132,1,42,10,0,0,1,0,2,1,1
1133,1,25,2,0,1,1,1,1,1,1
1134,1,39,7,0,0,1,0,2,2,0
1135,1,24,1,0,1,0,1,1,1,1
1136,1,29,16,0,0,1,0,2,1,1
1137,0,55,1,0,0,0,0,2,1,1
1138,1,39,19,2,2,1,-1,0,1,1
1139,1,50,13,0,0,1,0,2,1,1
1140,1,26,2,1,0,0,2,0,1,1
1141,1,35,8,0,1,0,-1,1,1,1
1142,0,52,2,0,0,1,0,2,1,1
1143,1,24,5,5,0,1,-1,0,1,1
1144,1,40,13,0,0,0,0,2,1,1
1145,0,24,7,0,0,1,0,2,1,1
1146,0,40,13,0,0,1,0,2,1,1
1147,1,65,0,0,0,0,0,2,0,2
1148,1,29,29,0,0,1,-1,0,1,1
1149,1,34,8,0,0,0,0,2,2,0
1150,1,58,5,0,0,1,0,2,0,2
1151,1,19,3,0,0,1,0,2,2,0
1152,1,49,13,2,0,0,-1,0,1,1
1153,1,31,17,0,0,1,0,2,1,1
1154,1,45,11,0,0,0,0,2,1,1
1155,1,29,12,0,2,1,-1,0,1,1
1156,0,34,3,0,0,0,0,2,1,1
1157,1,53,26,0,0,1,-1,2,1,1
1158,0,55,6,0,0,0,0,2,1,1
1159,1,31,15,3,0,1,-1,0,1,1
1160,1,33,17,0,0,1,0,2,1,1
1161,0,41,3,0,0,0,0,2,1,1
1162,0,50,12,0,0,1,0,2,1,1
1163,1,29,8,0,1,1,1,1,1,1
1164,1,23,4,1,0,0,2,0,1,1
1165,0,27,1,1,0,0,2,0,1,1
1166,1,45,7,0,0,0,0,2,1,2
1167,0,24,3,0,1,1,1,1,1,1
1168,1,20,2,1,1,1,-1,0,1,1
1169,1,53,15,0,0,1,0,2,1,1
1170,1,33,2,0,2,0,-1,0,1,1
1171,1,42,17,0,0,1,0,2,1,1
1172,1,28,16,0,0,1,0,2,1,1
1173,0,38,5,0,0,1,0,2,1,1
1174,0,25,6,0,0,0,0,2,1,1
1175,0,40,2,0,0,0,0,2,1,1
1176,0,68,5,0,0,0,0,2,1,1
1177,1,49,11,0,0,1,0,2,1,1
1178,0,61,8,0,0,1,0,2,1,1
1179,1,48,8,0,0,1,0,2,1,2
1180,1,26,10,0,1,1,1,1,1,1
1181,1,60,2,0,0,0,0,2,0,2
1182,1,41,16,2,0,1,-1,0,1,1
1183,1,33,13,0,0,1,0,2,1,1
1184,1,21,6,0,1,1,1,1,1,1
1185,0,29,6,0,0,1,0,2,1,1
1186,1,45,5,0,0,0,0,2,1,2
1187,1,50,12,0,0,1,0,2,1,1
1188,1,83,4,0,0,0,-1,0,0,2
1189,1,47,9,0,0,0,0,2,1,2
1190,0,43,22,0,0,1,-1,2,1,1
1191,0,42,3,0,0,0,0,2,1,1
1192,1,51,11,0,0,1,0,2,1,2
1193,1,39,13,0,1,1,-1,1,1,1
1194,1,59,15,0,0,1,0,2,0,2
1195,1,47,28,0,0,1,-1,0,1,1
1196,1,58,4,0,0,1,0,2,0,2
1197,1,36,16,3,0,1,-1,0,1,1
1198,1,56,13,0,0,0,0,2,0,2
1199,0,74,0,0,0,0,0,2,1,1
1200,1,39,8,0,1,1,-1,1,1,1
1201,0,35,5,0,0,0,0,2,1,1
1202,1,61,13,0,0,1,0,2,0,2
1203,0,39,11,0,1,1,-1,1,1,1
1204,1,29,6,1,2,1,-1,0,1,1
1205,0,23,2,0,1,0,1,1,1,1
1206,1,19,5,1,3,1,-1,0,1,1
1207,1,56,12,0,0,1,0,2,0,2
1208,0,48,8,0,0,1,0,2,1,1
1209,1,59,5,0,0,0,0,2,0,2
1210,0,54,6,0,0,0,0,2,1,1
1211,1,51,12,0,0,1,0,2,1,1
1212,1,77,3,0,0,0,-1,2,0,2
1213,1,29,3,1,0,1,2,0,1,1
1214,0,53,6,0,0,1,0,2,1,1
1215,1,34,10,1,0,1,-1,0,1,1
1216,1,24,15,0,0,1,0,2,1,1
1217,1,61,2,0,0,1,0,2,0,2
1218,1,33,21,0,0,1,0,2,1,1
1219,0,40,15,0,0,1,0,2,1,1
1220,1,39,35,0,0,0,-1,0,1,1
1221,1,26,3,0,3,1,-1,0,1,1
1222,1,39,10,0,0,1,0,2,2,0
1223,1,26,18,1,1,1,-1,0,1,1
1224,1,30,12,4,0,1,-1,0,1,1
1225,1,27,9,0,1,1,1,1,1,1
1226,1,22,1,1,0,0,2,0,1,1
1227,0,47,21,0,1,1,-1,0,1,1
1228,1,61,12,0,0,0,0,2,0,2
1229,1,21,2,0,1,0,1,1,1,1
1230,1,36,2,1,0,1,-1,0,1,1
1231,1,46,13,0,0,0,0,2,1,1
1232,1,62,22,0,0,1,-1,2,1,1
1233,0,22,3,0,0,1,0,2,1,1
1234,0,34,9,0,0,1,0,2,1,1
1235,0,39,2,0,0,1,0,2,1,1
1236,0,23,1,0,1,0,1,1,1,1
1237,1,29,17,0,0,1,0,2,1,1
1238,1,62,4,0,0,0,0,2,0,2
1239,1,30,21,0,0,1,0,2,1,1
1240,1,33,18,0,0,1,0,2,1,1
1241,1,38,10,0,1,0,-1,1,1,1
1242,1,62,2,0,0,0,0,2,0,2
1243,0,45,6,0,0,1,0,2,1,1
1244,0,28,13,0,0,1,0,2,1,1
1245,1,54,5,0,0,0,0,2,0,2
1246,1,26,1,1,0,1,2,0,1,1
1247,1,61,20,0,0,1,-1,2,1,1
1248,1,45,12,1,0,1,-1,0,1,1
1249,0,58,1,0,0,0,0,2,1,1
1250,1,26,6,0,1,1,1,1,1,1
1251,0,35,9,2,0,0,-1,0,1,1
1252,1,66,5,0,0,1,0,2,0,2
1253,1,61,29,0,0,1,-1,0,1,1
1254,1,50,13,1,0,1,-1,0,1,1
1255,1,25,8,2,3,0,-1,0,1,1
1256,1,27,15,0,0,1,0,2,1,1
1257,1,33,15,0,0,1,0,2,1,1
1258,1,55,10,0,0,1,0,2,0,2
1259,0,29,5,0,0,0,0,2,1,1
1260,1,38,7,0,0,1,0,2,2,0
1261,1,42,5,0,1,1,-1,1,1,1
1262,1,33,6,0,1,1,1,1,1,1
1263,1,38,14,1,0,0,-1,0,1,1
1264,0,70,0,0,0,0,0,2,1,1
1265,1,32,7,0,1,1,1,1,1,1
1266,1,30,4,3,0,1,-1,0,1,1
1267,1,31,12,1,1,1,-1,0,1,1
1268,1,35,29,0,0,0,-1,0,1,1
1269,1,56,16,0,0,0,0,2,1,1
1270,1,68,4,0,0,0,0,2,0,2
1271,0,22,5,0,0,1,0,2,1,1
1272,1,39,19,0,0,1,-1,2,1,1
1273,0,25,3,0,0,0,0,2,1,1
1274,1,26,20,0,0,1,-1,2,1,1
1275,0,35,13,0,0,0,0,2,1,1
1276,1,34,19,0,6,0,-1,0,1,1
1277,1,41,31,0,0,1,-1,0,1,1
1278,1,26,9,1,2,1,-1,0,1,1
1279,1,41,24,1,1,1,-1,0,1,1
1280,1,22,3,0,2,1,-1,0,1,1
1281,1,26,24,0,1,1,-1,0,1,1
1282,1,20,4,1,1,1,-1,0,1,1
1283,0,24,11,0,0,1,0,2,1,1
1284,1,40,15,0,0,1,0,2,1,1
1285,1,43,12,0,0,0,0,2,1,1
1286,1,28,4,1,1,1,-1,0,1,1
1287,0,24,9,0,0,1,0,2,1,1
1288,0,29,20,0,0,1,0,2,1,1
1289,1,34,5,1,0,0,-1,0,1,1
1290,1,36,13,0,0,1,0,2,1,1
1291,1,80,0,0,0,0,-1,2,0,2
1292,1,68,6,0,0,0,0,2,0,2
1293,1,41,11,0,0,1,0,2,1,1
1294,1,36,7,0,0,1,0,2,2,0
1295,0,43,9,0,0,0,0,2,1,1
1296,1,63,5,0,0,0,0,2,0,2
1297,0,66,11,0,0,1,-1,2,1,1
1298,1,19,2,2,0,1,-1,0,1,1
1299,0,20,3,0,3,0,-1,0,1,1
1300,1,33,16,0,2,1,-1,0,1,1
1301,1,20,4,2,2,1,-1,0,1,1
1302,1,29,6,3,0,0,-1,0,1,1
1303,1,46,26,0,0,1,-1,2,1,1
1304,1,35,16,0,1,1,-1,1,1,1
1305,1,46,18,0,0,0,0,2,1,1
1306,1,55,4,0,0,0,0,2,0,2
1307,0,47,28,0,0,1,-1,0,1,1
1308,1,39,3,0,1,1,-1,1,1,1
1309,1,28,7,0,2,1,-1,0,1,1
1310,1,46,14,0,0,1,0,2,1,1
1311,1,34,11,0,0,1,0,2,2,0
1312,0,55,2,0,0,0,0,2,1,1
1313,1,34,8,2,0,1,-1,0,1,1
1314,1,77,0,0,0,0,0,2,0,2
1315,1,53,5,0,0,1,0,2,0,2
1316,1,38,8,1,5,0,-1,0,1,1
1317,0,31,9,0,0,1,0,2,1,1
1318,1,28,12,1,0,0,-1,0,1,1
1319,0,28,6,0,0,1,0,2,1,1
1320,1,32,19,0,3,1,-1,0,1,1
1321,1,27,27,0,5,1,-1,0,1,1
1322,0,42,4,0,0,1,0,2,1,1
1323,1,40,11,0,0,1,0,2,1,1
1324,1,47,12,0,0,1,0,2,1,1
1325,1,39,17,0,0,1,0,2,1,1
1326,1,20,5,1,2,1,-1,0,1,1
1327,1,67,8,0,0,0,-1,2,0,2
1328,1,47,17,0,0,0,0,2,1,1
1329,1,68,7,0,0,1,-1,2,0,2
1330,0,41,8,0,0,1,0,2,1,1
1331,0,62,1,0,0,1,0,2,1,1
1332,1,33,12,4,0,1,-1,0,1,1
1333,1,23,11,8,2,1,-1,0,1,1
1334,1,45,21,0,0,1,-1,2,1,1
1335,1,37,13,1,6,0,-1,0,1,1
1336,1,29,10,4,1,1,-1,0,1,1
1337,1,41,6,2,0,1,-1,0,1,1
1338,1,34,5,2,1,0,-1,0,1,1
1339,1,31,13,1,1,1,-1,0,1,1
1340,1,40,10,0,0,1,0,2,1,1
1341,0,67,0,0,0,0,0,2,1,1
1342,1,51,15,0,0,1,0,2,1,1
1343,0,42,16,0,0,0,0,2,1,1
1344,1,69,1,0,0,1,0,2,0,2
1345,1,19,3,1,2,1,-1,0,1,1
1346,1,24,7,2,0,1,-1,0,1,1
1347,1,37,12,3,0,0,-1,0,1,1
1348,1,34,19,0,0,1,0,2,1,1
1349,1,31,16,3,0,1,-1,0,1,1
1350,1,32,17,0,6,1,-1,0,1,1
1351,1,37,17,0,0,0,0,2,1,1
1352,1,45,16,1,0,0,-1,0,1,1
1353,0,21,1,0,1,1,1,1,1,1
1354,0,26,6,0,0,1,0,2,1,1
1355,0,29,7,0,0,1,0,2,1,1
1356,1,20,6,4,2,1,-1,0,1,1
1357,1,61,9,0,0,0,0,2,0,2
1358,0,29,11,0,1,1,1,1,1,1
1359,0,39,3,0,0,0,0,2,1,1
1360,1,26,10,1,0,1,-1,0,1,1
1361,0,21,3,0,3,1,-1,0,1,1
1362,1,22,12,1,0,1,-1,0,1,1
1363,1,28,12,0,8,1,-1,0,1,1
1364,1,43,15,0,0,1,0,2,1,1
1365,0,53,5,0,0,0,0,2,1,1
1366,1,27,6,1,0,1,-1,0,1,1
1367,1,24,3,2,1,1,-1,0,1,1
1368,0,48,18,0,0,1,0,2,1,1
1369,0,36,13,0,0,1,0,2,1,1
1370,1,41,14,2,0,1,-1,0,1,1
1371,0,28,1,1,0,1,2,0,1,1
1372,1,29,9,1,0,1,-1,0,1,1
1373,1,66,2,0,0,0,0,2,0,2
1374,1,51,21,0,0,1,-1,2,1,1
1375,1,76,0,0,0,0,0,2,0,2
1376,1,38,7,1,0,1,-1,0,1,1
1377,1,28,18,0,1,1,-1,1,1,1
1378,1,39,16,0,0,1,0,2,1,1
1379,1,33,8,2,0,1,-1,0,1,1
1380,1,57,16,0,0,1,0,2,1,1
1381,1,30,18,0,0,1,0,2,1,1
1382,0,34,12,0,0,1,0,2,1,1
1383,1,29,4,0,1,1,1,1,1,1
1384,1,34,15,0,1,0,-1,1,1,1
1385,0,47,7,0,0,1,0,2,1,1
1386,1,44,29,0,0,1,-1,0,1,1
1387,1,25,10,1,4,1,-1,0,1,1
1388,0,44,10,0,0,1,0,2,1,1
1389,1,38,22,1,2,1,-1,0,1,1
1390,1,62,5,0,0,0,0,2,0,2
1391,1,55,8,0,0,1,0,2,0,2
1392,1,25,10,0,0,1,0,2,2,0
1393,0,69,2,0,0,0,0,2,1,1
1394,1,25,8,0,3,1,-1,0,1,1
1395,1,47,11,0,0,0,0,2,1,1
1396,1,23,4,0,2,1,-1,0,1,1
1397,1,59,9,0,0,1,0,2,0,2
1398,0,21,2,0,1,0,1,1,1,1
1399,1,77,1,0,0,0,-1,2,0,2
1400,0,22,1,0,1,0,1,1,1,1
1401,1,35,16,0,0,1,0,2,1,1
1402,1,37,17,1,0,1,-1,0,1,1
1403,0,22,4,0,0,1,0,2,1,1
1404,1,44,12,0,0,0,0,2,1,1
1405,1,42,7,1,0,1,-1,0,1,1
1406,1,36,12,0,0,0,0,2,1,1
1407,0,27,8,0,0,0,0,2,1,1
1408,1,30,8,6,0,1,-1,0,1,1
1409,1,65,1,0,0,1,0,2,0,2
1410,1,21,8,0,2,1,-1,0,1,1
1411,1,47,13,0,0,1,0,2,1,1
1412,1,40,23,2,0,1,-1,0,1,1
1413,1,30,1,0,1,0,1,1,1,1
1414,0,41,9,0,0,1,0,2,1,1
1415,0,28,5,0,0,0,0,2,1,1
1416,1,24,10,5,1,1,-1,0,1,1
1417,1,36,26,0,1,1,-1,0,1,1
1418,1,54,13,0,0,0,0,2,1,1
1419,1,33,11,0,2,1,-1,0,1,1
1420,1,31,19,0,1,1,-1,1,1,1
1421,0,56,3,0,0,0,0,2,1,1
1422,0,27,5,0,0,1,0,2,1,1
1423,1,56,17,0,0,1,-1,2,1,1
1424,0,35,7,0,0,1,0,2,1,1
1425,1,32,13,0,1,1,-1,1,1,1
1426,1,24,10,2,1,0,-1,0,1,1
1427,1,33,7,0,1,1,1,1,1,1
1428,1,29,15,0,4,1,-1,0,1,1
1429,1,55,7,0,0,0,0,2,0,2
1430,1,38,6,1,0,0,-1,0,1,1
1431,1,79,1,0,0,0,-1,2,0,2
1432,1,20,2,0,2,1,-1,0,1,1
1433,1,31,5,1,0,0,-1,0,1,1
1434,1,30,4,0,1,1,1,1,1,1
1435,1,27,21,0,0,1,-1,2,1,1
1436,1,63,9,0,0,1,0,2,0,2
1437,1,20,3,0,3,1,-1,0,1,1
1438,1,23,10,0,0,0,0,2,2,0
1439,1,54,22,0,0,1,-1,2,1,1
1440,1,58,7,0,0,1,0,2,0,2
1441,1,26,11,0,1,1,1,1,1,1
1442,1,26,9,1,0,1,-1,0,1,1
1443,1,35,22,0,0,1,-1,2,1,1
1444,0,30,11,0,0,1,0,2,1,1
1445,1,41,9,0,1,0,-1,1,1,1
1446,1,21,4,1,0,1,2,0,1,1
1447,0,48,17,0,0,0,0,2,1,1
1448,1,34,20,0,1,1,-1,0,1,1
1449,1,24,4,1,0,1,2,0,1,1
1450,1,27,1,1,0,1,2,0,1,1
1451,1,61,25,0,0,0,-1,2,1,1
1452,1,32,15,0,1,1,-1,1,1,1
1453,0,57,4,0,0,0,0,2,1,1
1454,1,56,22,0,0,1,-1,2,1,1
1455,1,28,12,0,0,1,0,2,2,0
1456,1,61,8,0,0,1,0,2,0,2
1457,1,54,21,0,0,0,-1,2,1,1
1458,1,20,4,0,4,0,-1,0,1,1
1459,1,34,9,3,1,1,-1,0,1,1
1460,1,50,15,0,0,0,0,2,1,1
1461,1,47,22,4,0,1,-1,0,1,1
1462,0,25,7,0,0,1,0,2,1,1
1463,0,38,7,0,0,1,0,2,1,1
1464,1,40,20,0,0,0,-1,2,1,1
1465,0,55,5,0,0,1,0,2,1,1
1466,1,57,7,0,0,0,0,2,0,2
1467,1,56,28,0,0,0,-1,2,1,1
1468,1,36,17,0,2,1,-1,0,1,1
1469,1,38,14,0,0,0,0,2,1,1
1470,1,37,16,0,0,1,0,2,1,1
1471,1,32,2,0,1,0,1,1,1,1
1472,1,32,7,0,3,0,-1,0,1,1
1473,0,57,2,0,0,0,0,2,1,1
1474,1,49,29,0,0,1,-1,0,1,1
1475,0,37,23,0,0,1,-1,2,1,1
1476,0,20,4,0,0,1,0,2,1,1
1477,1,38,10,1,0,1,-1,0,1,1
1478,0,36,9,0,0,1,0,2,1,1
1479,0,32,8,0,0,1,0,2,1,1
1480,1,48,18,0,0,1,0,2,1,1
1481,1,30,13,0,2,1,-1,0,1,1
1482,1,26,27,0,2,1,-1,0,1,1
1483,0,28,9,0,0,1,0,2,1,1
1484,1,27,6,1,2,0,-1,0,1,1
1485,1,22,4,0,1,1,1,1,1,1
1486,0,24,7,0,2,0,-1,0,1,1
1487,0,36,6,0,1,1,-1,1,1,1
1488,1,23,8,0,0,1,0,2,2,0
1489,1,32,11,0,1,1,1,1,1,1
1490,1,50,16,1,0,1,-1,0,1,1
1491,1,41,6,0,0,1,0,2,2,0
1492,0,27,10,0,1,1,1,1,1,1
1493,1,55,27,0,0,0,-1,2,1,1
1494,1,57,21,0,0,1,-1,2,1,1
1495,1,26,3,0,1,0,1,1,1,1
1496,0,48,4,0,0,1,0,2,1,1
1497,1,25,2,1,1,1,-1,0,1,1
1498,1,53,20,0,0,0,-1,2,1,1
1499,1,29,3,0,1,1,1,1,1,1
1500,0,53,3,0,0,0,0,2,1,1
1501,1,46,11,0,0,1,0,2,1,1
1502,1,26,15,0,0,0,0,2,1,1
1503,1,23,8,0,1,1,1,1,1,1
1504,1,30,9,1,0,1,-1,0,1,1
1505,0,52,23,0,0,1,-1,2,1,1
1506,1,35,9,0,0,0,0,2,2,0
1507,0,34,10,0,0,1,0,2,1,1
1508,1,47,21,0,0,1,-1,2,1,1
1509,1,28,11,0,1,1,1,1,1,1
1510,0,26,4,0,1,0,1,1,1,1
1511,1,27,14,2,0,1,-1,0,1,1
1512,1,24,15,0,5,1,-1,0,1,1
1513,1,34,10,0,0,0,0,2,2,0
1514,1,34,13,3,1,1,-1,0,1,1
1515,1,29,9,0,0,1,0,2,2,0
1516,1,60,15,0,0,1,0,2,0,2
1517,1,43,8,1,0,1,-1,0,1,1
1518,1,23,3,0,1,1,1,1,1,1
1519,1,31,6,0,1,1,1,1,1,1
1520,0,37,5,0,0,1,0,2,1,1
1521,1,63,22,0,0,1,-1,2,1,1
1522,1,34,9,0,1,0,1,1,1,1
1523,0,43,6,0,0,0,0,2,1,1
1524,1,25,6,0,3,0,-1,0,1,1
1525,0,44,3,0,0,1,0,2,1,1
1526,1,28,5,1,0,1,2,0,1,1
1527,0,41,7,0,0,1,0,2,1,1
1528,1,41,12,0,0,1,0,2,1,1
1529,1,29,8,1,0,1,-1,0,1,1
1530,0,49,25,0,0,1,-1,2,1,1
1531,1,32,2,1,0,1,-1,0,1,1
1532,1,23,4,1,1,0,-1,0,1,1
1533,1,27,11,1,2,0,-1,0,1,1
1534,0,31,4,0,0,0,0,2,1,1
1535,0,63,0,0,0,0,0,2,1,1
1536,1,61,14,0,0,0,0,2,0,2
1537,1,31,6,2,0,0,-1,0,1,1
1538,1,32,4,1,0,0,-1,0,1,1
1539,0,26,7,0,0,1,0,2,1,1
1540,1,31,8,2,1,1,-1,0,1,1
1541,0,42,17,3,0,1,-1,0,1,1
1542,1,45,38,0,0,1,-1,0,1,1
1543,0,61,15,0,0,0,0,2,1,1
1544,1,63,16,0,0,0,0,2,0,2
1545,1,34,17,0,0,1,0,2,1,1
1546,1,30,8,2,0,0,-1,0,1,1
1547,1,48,11,0,0,1,0,2,1,1
1548,0,51,3,0,0,0,0,2,1,1
1549,1,28,5,1,2,1,-1,0,1,1
1550,1,71,3,0,0,0,0,2,0,2
1551,1,52,23,0,0,1,-1,2,1,1
1552,1,52,17,0,0,1,0,2,1,1
1553,0,25,14,0,1,0,-1,1,1,1
1554,1,31,15,0,3,1,-1,0,1,1
1555,1,27,17,0,2,1,-1,0,1,1
1556,0,42,8,0,0,1,0,2,1,1
1557,0,27,12,0,0,1,0,2,1,1
1558,1,28,13,0,0,1,0,2,2,1
1559,0,27,1,0,1,0,1,1,1,1
1560,1,24,12,0,3,0,-1,0,1,1
1561,1,61,11,0,0,0,0,2,0,2
1562,1,28,20,0,0,1,0,2,1,1
1563,1,24,1,1,0,1,2,0,1,1
1564,0,44,6,0,0,0,0,2,1,1
1565,1,59,20,0,0,1,-1,2,1,1
1566,1,54,7,0,0,0,0,2,0,2
1567,1,30,18,0,1,1,-1,1,1,1
1568,0,47,4,0,0,0,0,2,1,1
1569,0,29,7,0,1,1,1,1,1,1
1570,1,32,9,2,1,0,-1,0,1,1
1571,1,33,9,2,0,1,-1,0,1,1
1572,1,57,28,0,0,1,-1,2,1,1
1573,1,36,14,1,2,1,-1,0,1,1
1574,1,43,23,0,1,0,-1,0,1,1
1575,0,69,5,0,0,0,0,2,1,1
1576,1,41,18,1,0,1,-1,0,1,1
1577,1,20,2,1,0,1,2,0,1,1
1578,1,67,1,0,0,0,0,2,0,2
1579,0,45,9,0,0,0,0,2,1,1
1580,1,29,15,0,0,1,0,2,1,1
1581,1,22,8,0,1,1,1,1,1,1
1582,1,30,8,1,0,1,-1,0,1,1
1583,1,47,14,0,0,0,0,2,1,1
1584,1,38,16,2,3,1,-1,0,1,1
1585,1,56,31,0,0,1,-1,0,1,1
1586,1,74,2,0,0,0,0,2,0,2
1587,1,36,20,1,0,1,-1,0,1,1
1588,1,58,8,0,0,0,0,2,0,2
1589,1,35,18,0,0,1,0,2,1,1
1590,1,25,5,4,0,0,-1,0,1,1
1591,1,29,14,0,0,1,0,2,1,1
1592,1,31,7,1,0,1,-1,0,1,1
1593,1,57,14,0,0,1,0,2,0,2
1594,1,30,19,0,1,1,-1,1,1,1
1595,1,23,5,0,2,1,-1,0,1,1
