,race,age,priors_count,juv_fel_count,juv_misd_count,GroundTruth,GroundTruth_DB,FairDen,FairSC_normalized,FairSC
1005,0,60,0,0,0,0,0,0,1,0
1078,0,47,22,0,0,1,0,0,0,0
67,0,56,0,0,0,0,0,0,1,0
867,1,61,0,0,0,0,0,0,1,0
650,0,57,19,0,0,0,0,0,0,0
985,3,21,2,0,0,1,0,0,0,0
552,2,36,11,0,0,0,0,0,1,0
1860,3,26,3,0,0,0,0,0,1,0
982,1,59,3,0,0,1,0,0,1,0
1573,0,39,13,0,1,1,0,1,0,0
1395,2,50,9,0,0,1,0,0,1,0
494,0,33,4,0,0,1,0,0,1,1
1974,1,34,10,0,0,1,0,0,1,0
1993,1,41,4,0,0,1,0,0,1,0
529,1,20,1,0,0,1,0,0,1,0
1488,0,24,11,0,0,1,0,0,1,0
70,0,39,1,0,0,0,0,0,1,1
1610,2,61,1,0,0,0,0,0,1,0
571,0,24,7,0,1,0,0,1,0,0
420,1,40,5,0,0,0,0,0,1,0
1726,1,34,13,0,0,1,0,0,1,0
952,0,51,4,0,0,0,0,0,1,0
2006,0,67,3,0,0,0,0,0,1,0
1192,0,41,6,0,1,0,0,1,0,0
1979,0,27,14,2,0,1,0,1,0,0
1413,0,27,11,0,1,0,0,1,0,0
583,1,31,1,0,0,1,0,0,1,0
51,2,63,1,0,0,0,0,0,1,0
1047,1,39,3,0,0,1,0,0,1,0
1286,2,39,10,0,0,1,0,0,1,0
29,0,33,0,0,0,1,0,0,1,1
1764,0,31,16,3,0,1,0,1,0,0
479,1,59,2,0,0,0,0,0,1,0
1609,0,30,12,4,0,1,0,1,0,0
2010,0,27,11,1,2,0,0,1,0,0
231,2,23,1,0,0,1,0,0,1,0
1258,1,25,9,0,1,1,0,1,0,0
212,1,43,13,0,0,1,0,0,1,0
307,0,22,4,0,0,1,0,0,1,1
727,1,44,1,0,0,0,0,0,1,0
1933,0,18,4,5,0,1,0,1,0,0
447,2,43,1,0,0,0,0,0,1,0
381,1,51,1,0,0,0,0,0,1,0
1151,3,38,2,0,0,1,0,0,1,0
694,0,28,9,0,0,1,0,0,1,1
567,1,26,4,0,0,1,0,0,1,0
588,2,28,1,0,0,0,0,0,1,0
859,0,30,9,0,0,1,0,0,1,1
2028,0,45,6,0,0,0,0,0,1,0
1686,1,53,3,0,0,1,0,0,1,0
1418,1,43,8,0,0,1,0,0,1,0
1449,1,39,9,0,0,1,0,0,1,0
120,1,42,6,0,0,0,0,0,1,0
744,1,49,12,0,0,0,0,0,1,0
1774,1,31,14,0,0,0,0,0,1,0
1930,3,47,3,0,0,0,0,0,1,0
1803,1,39,16,0,0,1,0,0,0,0
1102,1,61,10,0,0,0,0,0,1,0
1940,0,26,27,0,2,1,0,1,0,0
785,2,35,0,0,0,0,0,0,1,0
1935,1,53,9,0,0,1,0,0,1,0
564,1,26,5,0,0,1,0,0,1,0
973,0,58,1,0,0,0,0,0,1,0
618,0,51,17,0,0,0,0,0,0,0
251,1,70,1,0,0,0,0,0,1,0
297,2,36,1,0,0,0,0,0,1,0
366,1,34,4,0,0,1,0,0,1,0
411,0,42,8,0,0,0,0,0,1,0
538,0,37,4,0,0,0,0,0,1,1
233,2,24,0,0,0,0,0,0,1,0
1581,0,74,0,0,0,0,0,0,1,0
100,1,39,1,0,0,0,0,0,1,0
367,2,34,4,0,0,1,0,0,1,0
1941,2,41,3,0,0,0,0,0,1,0
2022,1,61,15,0,0,0,0,0,1,0
111,0,31,1,0,0,0,0,0,1,1
254,0,21,0,0,0,1,0,0,1,1
1864,0,24,10,2,1,0,0,1,0,0
849,1,42,2,0,0,1,0,0,1,0
1814,0,50,9,0,0,0,0,0,1,0
1548,2,40,2,0,0,0,0,0,1,0
979,0,24,6,0,0,0,0,0,1,1
1391,0,35,27,0,0,0,0,0,0,0
361,0,24,6,1,0,1,0,1,0,0
1237,3,40,8,0,0,1,0,0,1,0
555,0,52,7,0,0,0,0,0,1,0
184,1,50,1,0,0,0,0,0,1,0
210,0,54,11,0,0,0,0,0,1,0
478,3,54,0,0,0,0,0,0,1,0
1676,0,26,24,0,1,1,0,1,0,0
1378,2,26,9,0,0,1,0,0,1,0
1963,0,29,3,0,1,1,0,1,0,0
2085,2,36,20,1,0,1,0,1,0,0
298,0,21,1,0,1,0,0,1,0,0
56,1,53,8,0,0,0,0,0,1,0
535,3,27,1,0,0,1,0,0,1,0
109,0,22,0,0,0,1,0,0,1,1
350,0,51,16,0,0,0,0,0,0,0
670,0,50,7,0,0,0,0,0,1,0
128,1,44,2,0,0,1,0,0,1,0
1640,0,35,9,2,0,0,0,1,0,0
651,0,22,5,0,0,1,0,0,1,1
1755,2,27,6,0,0,1,0,0,1,0
1619,0,21,2,0,1,0,0,1,0,0
611,0,32,5,0,1,1,0,1,0,0
1374,0,37,23,1,8,1,-1,1,0,0
1646,0,25,8,2,3,0,0,1,0,0
1472,1,21,4,0,1,1,0,1,0,0
508,1,68,0,0,0,0,0,0,1,0
1133,0,41,18,2,0,1,0,1,0,0
1989,0,31,6,0,1,1,0,1,0,0
289,0,26,6,0,0,1,0,0,1,1
916,0,34,27,0,0,1,0,1,0,0
1578,0,36,16,3,0,1,0,1,0,0
429,1,66,0,0,0,1,0,0,1,0
1737,0,47,17,0,0,0,0,0,0,0
1651,0,55,10,0,0,1,0,0,1,0
196,0,38,15,0,0,0,0,0,1,0
1531,0,60,3,0,0,0,0,0,1,0
354,0,55,5,0,0,1,0,0,1,0
2018,3,29,5,0,0,0,0,0,1,0
1383,1,71,13,0,0,0,0,1,1,0
1050,1,35,7,0,0,1,0,0,1,0
1503,1,40,2,0,0,0,0,0,1,0
1303,0,34,12,0,0,0,0,0,1,0
925,1,35,3,0,1,0,0,1,0,0
69,2,22,1,0,0,0,0,0,1,0
1315,1,65,3,0,0,0,0,0,1,0
937,0,29,13,0,1,1,0,1,0,0
432,3,30,0,0,0,1,0,0,1,0
240,1,25,0,0,0,0,0,0,1,0
2068,0,20,2,1,0,1,0,1,0,0
387,3,28,2,0,0,0,0,0,1,0
306,0,26,6,1,1,1,0,1,0,0
1602,0,39,35,0,0,0,0,1,0,0
680,0,25,11,0,1,1,0,1,0,0
888,0,30,21,0,2,1,0,1,0,0
1605,1,39,10,0,0,1,0,0,1,0
1216,1,43,3,0,0,1,0,0,1,0
1948,0,32,11,0,1,1,0,1,0,0
1432,0,25,9,1,2,1,0,1,0,0
1713,1,46,14,0,0,1,0,0,1,0
1866,3,33,7,0,1,1,0,1,0,0
211,1,52,0,0,0,0,0,0,1,0
247,0,52,3,0,0,1,0,0,1,0
561,0,25,3,0,1,1,0,1,0,0
1943,0,27,6,1,2,0,0,1,0,0
259,0,39,6,0,0,1,0,0,1,1
342,2,28,2,0,0,1,0,0,1,0
1829,1,47,11,0,0,0,0,0,1,0
845,0,20,2,0,0,1,0,0,1,1
1455,1,42,5,0,0,1,0,0,1,0
1376,0,28,18,0,0,1,0,0,0,0
124,3,37,2,0,0,0,0,0,1,0
1736,0,67,8,0,0,0,0,0,1,0
1341,2,31,1,0,0,0,0,0,1,0
765,3,66,0,0,0,0,0,0,1,0
1453,0,57,9,0,0,0,0,0,1,0
613,1,32,8,1,0,0,0,1,0,0
590,0,32,19,0,0,1,0,0,0,0
65,0,27,6,0,1,1,0,1,0,0
1817,1,50,7,0,0,1,0,0,1,0
1159,2,67,0,0,0,0,0,0,1,0
710,1,45,3,0,0,0,0,0,1,0
617,0,30,6,0,0,1,0,0,1,1
1843,0,21,8,0,2,1,0,1,0,0
482,2,29,7,0,0,1,0,0,1,0
602,0,27,10,0,0,1,0,0,1,1
1502,2,42,1,0,0,0,0,0,1,0
1138,1,65,6,0,0,0,0,0,1,0
585,1,52,1,0,0,1,0,0,1,0
1656,3,30,2,0,0,0,0,0,1,0
1120,3,19,0,0,0,1,0,0,0,0
275,0,45,1,0,0,0,0,0,1,0
816,2,53,4,0,0,0,0,0,1,0
997,1,64,7,0,0,0,0,0,1,0
1558,0,60,2,0,0,0,0,0,1,0
999,0,40,4,0,0,0,0,0,1,1
281,0,25,2,0,0,0,0,0,1,1
1995,0,28,5,1,0,1,0,1,0,0
1554,2,35,3,0,0,1,0,0,1,0
792,0,26,7,1,0,1,0,1,0,0
321,0,27,9,0,0,1,0,0,1,1
188,0,27,0,0,0,0,0,0,1,1
1507,1,24,7,0,0,1,0,0,1,0
1719,0,38,8,1,5,0,0,1,0,0
599,1,35,2,0,0,0,0,0,1,0
450,0,28,10,0,0,0,0,0,1,1
1289,1,49,5,0,0,1,0,0,1,0
1883,2,50,2,0,0,0,0,0,1,0
1541,3,54,2,0,0,0,0,0,1,0
1964,0,77,1,0,0,1,0,0,1,0
1721,0,45,7,0,0,0,0,0,1,0
2052,3,23,6,0,0,1,0,0,1,0
1029,1,39,8,0,0,0,0,0,1,0
438,0,31,3,0,0,1,0,0,1,1
1189,0,41,13,0,0,0,0,0,1,0
806,1,30,6,0,0,0,0,0,1,0
290,0,49,3,0,0,0,0,0,1,0
1588,1,19,5,1,3,1,0,1,0,0
893,0,32,24,1,3,1,0,1,0,0
2086,1,28,11,0,0,0,0,0,1,0
135,1,43,0,0,0,0,0,0,1,0
1089,0,19,1,0,1,1,0,1,0,0
99,1,31,0,0,0,0,0,0,1,0
707,0,34,3,0,0,1,0,0,1,1
1601,0,40,15,0,0,1,0,0,1,0
1509,2,21,1,1,0,1,0,1,0,0
433,0,24,10,1,0,1,0,1,0,0
1538,0,20,2,1,1,1,0,1,0,0
807,0,43,4,0,0,1,0,0,1,0
220,1,53,1,0,0,0,0,0,1,0
923,2,48,9,0,0,0,0,0,1,0
630,2,51,0,0,0,1,0,0,1,0
2002,0,23,5,1,0,1,0,1,0,0
237,0,27,4,0,0,0,0,0,1,1
13,0,41,0,0,0,0,0,0,1,1
767,1,43,4,0,0,1,0,0,1,0
1322,0,30,4,0,1,0,0,1,0,0
1564,1,83,4,0,0,0,0,1,1,0
1730,2,25,3,0,0,1,0,0,1,0
519,1,30,22,0,0,1,0,0,0,0
239,0,66,8,0,0,1,0,0,1,0
756,1,43,2,0,0,0,0,0,1,0
1255,2,60,4,0,0,0,0,0,1,0
1684,0,34,5,1,0,0,0,1,0,0
1911,2,61,0,0,0,0,0,0,1,0
1783,3,33,5,0,0,0,0,0,1,0
1818,1,44,10,0,0,1,0,0,1,0
1331,2,48,0,0,0,0,0,0,1,0
1357,1,37,7,0,0,1,0,0,1,0
1411,1,52,16,0,0,1,0,0,1,0
1128,1,64,1,0,0,0,0,0,1,0
674,2,35,10,0,0,0,0,0,0,0
1549,0,39,21,0,0,1,0,0,0,0
787,3,39,1,0,0,1,0,0,1,0
576,0,23,3,1,0,0,0,1,0,0
1337,0,21,3,0,1,1,0,1,0,0
1345,2,56,4,0,0,0,0,0,1,0
332,0,57,1,0,0,1,0,0,1,0
1338,2,51,2,0,0,0,0,0,1,0
1287,0,25,10,0,1,1,0,1,0,0
1902,1,23,4,0,1,1,0,1,0,0
2090,1,29,14,0,0,1,0,0,1,0
932,2,41,1,0,0,0,0,0,1,0
1657,0,38,14,1,0,0,0,1,0,0
1423,3,24,2,0,0,1,0,0,0,0
1103,0,48,10,1,0,1,0,1,0,0
584,2,43,0,0,0,0,0,0,1,0
1121,0,61,30,0,0,0,0,1,0,0
944,1,32,9,0,0,1,0,0,1,0
1037,1,70,0,0,0,0,0,0,1,0
121,1,25,2,0,0,0,0,0,1,0
316,1,47,5,0,0,1,0,0,1,0
486,0,32,2,0,0,0,0,0,1,1
1333,0,37,14,0,0,0,0,0,1,0
840,1,51,6,0,0,1,0,0,1,0
1239,3,64,0,0,0,0,0,0,1,0
668,1,54,1,0,0,0,0,0,1,0
115,0,56,8,0,0,0,0,0,1,0
1617,0,57,3,0,0,0,0,0,1,0
554,1,26,8,0,0,0,0,0,1,0
1085,1,40,4,0,0,0,0,0,1,0
1795,1,29,9,1,0,1,0,1,0,0
1674,2,50,0,0,0,0,0,0,1,0
1761,0,24,7,2,0,1,0,1,0,0
988,2,20,2,2,0,1,0,1,0,0
721,1,32,0,0,0,1,0,0,1,0
1779,0,58,0,0,0,0,0,0,1,0
619,2,45,20,0,0,1,0,0,0,0
1360,0,55,12,0,0,0,0,0,1,0
426,1,49,2,0,0,1,0,0,1,0
679,1,26,11,0,0,0,0,0,1,0
1456,3,60,1,0,0,0,0,0,1,0
1925,1,33,6,0,0,1,0,0,1,0
2040,3,62,0,0,0,0,0,0,1,0
892,2,25,5,0,0,0,0,0,1,0
1711,0,28,7,0,2,1,0,1,0,0
1107,1,44,16,3,0,0,0,1,0,0
1900,0,56,22,0,0,1,0,0,0,0
1420,0,36,19,3,0,1,0,1,0,0
544,0,63,0,0,0,0,0,0,1,0
1359,0,24,2,1,0,1,0,1,0,0
715,1,24,4,0,0,0,0,0,1,0
984,0,50,0,0,0,0,0,0,1,0
757,0,22,6,0,0,0,0,0,1,1
1117,0,52,8,0,0,0,0,0,1,0
299,1,22,2,0,0,1,0,0,1,0
1125,0,53,4,0,0,0,0,0,1,0
1576,1,58,4,0,0,1,0,0,1,0
63,0,29,4,0,0,1,0,0,1,1
324,0,27,1,0,0,1,0,0,1,1
1387,0,31,10,0,2,0,0,1,0,0
1177,0,26,12,0,0,1,0,0,1,0
1229,0,49,6,0,0,1,0,0,1,0
1421,1,56,9,0,0,1,0,0,1,0
1000,0,61,5,0,0,0,0,0,1,0
1394,0,25,4,1,0,0,0,1,0,0
605,0,29,10,0,0,1,0,0,1,1
993,0,30,14,0,1,1,0,1,0,0
427,1,50,5,0,0,1,0,0,1,0
1226,1,51,14,0,0,0,0,0,1,0
1380,1,29,8,0,0,0,0,0,1,0
1493,1,34,16,0,0,1,0,0,0,0
23,2,24,1,0,0,1,0,0,1,0
1623,1,34,9,0,0,1,0,0,1,0
198,0,45,3,0,0,0,0,0,1,0
49,3,28,0,0,0,0,0,0,1,0
173,1,38,2,0,0,1,0,0,1,0
620,1,24,2,0,0,0,0,0,1,0
1823,0,25,10,0,0,1,0,0,1,1
817,1,54,14,0,0,1,0,0,1,0
915,0,57,0,0,0,0,0,0,1,0
1670,0,34,19,0,6,0,0,1,0,0
1010,2,40,8,0,0,1,0,0,1,0
1075,1,43,5,0,0,0,0,0,1,0
71,0,29,5,0,0,1,0,0,1,1
1375,0,36,25,0,2,1,0,1,0,0
1781,0,29,11,0,1,1,0,1,0,0
514,0,48,2,0,0,0,0,0,1,0
1242,0,28,6,0,1,1,0,1,0,0
383,0,35,12,0,0,0,0,0,1,0
1957,1,57,21,0,0,1,0,0,0,0
1954,1,22,6,0,0,1,0,0,1,0
1745,1,37,13,1,6,0,0,1,0,0
485,0,30,15,0,0,1,0,0,1,0
1292,3,42,6,0,0,0,0,0,1,0
596,1,47,4,0,0,1,0,0,1,0
256,1,34,5,0,0,0,0,0,1,0
1271,3,25,2,0,0,0,0,0,0,0
458,1,25,1,0,0,0,0,0,1,0
1113,3,56,0,0,0,0,0,0,1,0
1164,0,19,0,0,0,1,0,0,1,1
20,0,64,13,0,0,1,0,0,1,0
1575,1,47,28,0,0,1,0,1,0,0
2005,2,32,2,1,0,1,0,1,0,0
1170,1,67,0,0,0,0,0,0,1,0
507,1,26,1,0,0,1,0,0,1,0
1091,1,39,4,0,0,1,0,0,1,0
781,0,38,14,0,0,1,0,0,1,0
874,2,45,4,0,0,0,0,0,1,0
374,0,54,0,0,0,0,0,0,1,0
1574,0,59,15,0,0,1,0,0,1,0
1894,2,24,4,1,0,1,0,1,0,0
1855,2,26,5,0,0,0,0,0,1,0
1611,2,38,2,0,0,0,0,0,1,0
873,0,51,8,0,0,0,0,0,1,0
270,0,29,7,0,0,0,0,0,1,1
1847,0,40,23,2,0,1,0,1,0,0
1124,0,19,1,1,0,1,0,1,0,0
736,0,37,1,0,0,0,0,0,1,1
382,1,35,1,0,0,0,0,0,1,0
495,1,47,2,0,0,1,0,0,1,0
25,3,32,0,0,0,0,0,0,1,0
78,0,30,8,0,0,1,0,0,1,1
1501,0,40,13,0,0,0,0,0,1,0
32,1,55,0,0,0,0,0,0,1,0
1765,3,45,1,0,0,0,0,0,1,0
436,0,28,4,0,0,0,0,0,1,1
1739,1,62,1,0,0,1,0,0,1,0
1655,0,33,6,0,1,1,0,1,0,0
163,0,28,6,0,0,1,0,0,1,1
203,0,48,0,0,0,0,0,0,1,0
1992,0,34,9,0,1,0,0,1,0,0
1907,1,20,4,0,4,0,0,1,0,0
772,1,31,10,0,0,1,0,0,1,0
1053,0,54,6,0,0,1,0,0,1,0
305,0,42,1,0,0,0,0,0,1,1
900,0,33,14,0,0,0,0,0,1,0
1283,1,31,4,0,0,1,0,0,1,0
2080,0,38,16,2,3,1,0,1,0,0
192,0,38,2,0,0,0,0,0,1,1
1909,0,50,15,0,0,0,0,0,1,0
416,1,63,1,0,0,0,0,0,1,0
786,0,54,9,0,0,0,0,0,1,0
2089,1,25,5,4,0,0,0,1,0,0
218,0,32,14,0,1,0,0,1,0,0
1904,0,61,8,0,0,1,0,0,1,0
2064,0,43,23,0,1,0,0,1,0,0
351,0,29,3,0,0,1,0,0,1,1
1013,1,25,6,0,0,1,0,0,1,0
1793,0,41,14,2,0,1,0,1,0,0
836,0,25,14,0,4,1,0,1,0,0
1593,1,77,3,0,0,0,0,0,1,0
59,0,27,15,1,1,1,0,1,0,0
1087,2,49,1,0,0,1,0,0,1,0
422,1,44,11,0,0,0,0,0,1,0
409,1,23,2,0,0,0,0,0,1,0
73,0,40,2,0,0,0,0,0,1,1
1489,0,39,7,0,0,1,0,0,1,0
162,2,31,8,0,0,1,0,0,1,0
1198,0,25,13,4,0,1,0,1,0,0
581,2,24,3,0,0,1,0,0,1,0
2048,0,28,20,0,0,1,0,0,0,0
464,1,57,0,0,0,1,0,0,1,0
610,2,25,0,0,0,0,0,0,1,0
865,0,24,8,0,2,1,0,1,0,0
1556,0,48,8,0,0,1,0,0,1,0
1132,0,36,15,0,0,0,0,0,1,0
1709,2,57,0,0,0,0,0,0,1,0
548,0,39,0,0,0,0,0,0,1,1
45,0,35,13,1,0,1,0,1,0,0
1067,0,39,7,0,1,0,0,1,0,0
1808,1,34,12,0,0,1,0,0,1,0
294,0,23,3,2,0,1,0,1,0,0
1746,1,29,10,4,1,1,0,1,0,0
76,0,32,0,0,0,0,0,0,1,1
205,0,30,2,0,0,0,0,0,1,1
1653,0,38,7,0,0,1,0,0,1,0
1591,0,59,5,0,0,0,0,0,1,0
1379,1,40,9,1,0,0,0,1,0,0
414,0,39,3,0,0,1,0,0,1,1
704,1,49,8,0,0,1,0,0,1,0
755,0,21,2,2,0,1,0,1,0,0
1231,0,34,22,0,0,0,0,0,0,0
2075,3,51,0,0,0,1,0,0,1,0
393,0,52,4,0,0,0,0,0,1,0
1342,0,32,10,0,3,1,0,1,0,0
30,1,30,9,0,0,1,0,0,1,0
2021,0,45,38,0,0,1,0,1,0,0
1889,0,41,9,0,1,0,0,1,0,0
445,1,37,2,0,0,0,0,0,1,0
1336,0,46,9,1,0,1,0,1,0,0
949,0,30,11,4,1,0,0,1,0,0
1572,0,51,11,0,0,1,0,0,1,0
940,0,42,7,0,0,0,0,0,1,0
1532,0,50,12,0,0,1,0,0,1,0
1669,0,26,20,0,0,1,0,0,0,0
1687,1,80,0,0,0,0,0,1,1,0
1433,3,30,5,0,0,1,0,0,1,0
1182,2,40,7,0,0,1,0,0,1,0
1732,3,29,8,0,0,1,0,0,1,0
344,0,50,3,0,0,0,0,0,1,0
44,1,25,9,0,0,1,0,0,1,0
1618,1,25,13,4,0,1,0,1,0,0
1985,0,45,4,0,0,1,0,0,1,0
168,3,24,0,0,0,0,0,0,0,0
303,1,40,0,0,0,1,0,0,1,0
1926,0,49,29,0,0,1,0,1,0,0
1384,0,27,9,0,4,1,0,1,0,0
352,1,52,6,0,0,1,0,0,1,0
91,1,66,3,0,0,0,0,0,1,0
968,2,36,0,0,0,0,0,0,1,0
1530,1,54,7,0,0,0,0,0,1,0
1343,0,68,1,0,0,0,0,0,1,0
527,0,47,19,0,0,1,0,0,0,0
261,1,58,2,0,0,0,0,0,1,0
678,0,43,9,0,0,1,0,0,1,0
743,0,44,0,0,0,0,0,0,1,1
649,3,35,0,0,0,0,0,0,1,0
1068,0,27,7,0,0,1,0,0,1,1
1975,0,47,21,0,0,1,0,0,0,0
1202,0,32,26,2,0,1,0,1,0,0
2009,3,43,1,0,0,0,0,0,1,0
1740,0,33,12,4,0,1,0,1,0,0
185,1,44,4,0,0,0,0,0,1,0
1944,1,22,4,0,1,1,0,1,0,0
637,0,36,16,0,0,1,0,0,0,0
572,0,31,25,0,3,1,0,1,0,0
1298,0,56,6,0,0,0,0,0,1,0
300,0,57,18,0,0,0,0,0,0,0
1200,3,38,6,0,0,1,0,0,1,0
1190,0,30,10,0,1,0,0,1,0,0
2060,2,33,11,0,0,1,0,0,0,0
480,0,46,17,0,0,1,0,0,0,0
1555,0,54,3,0,0,1,0,0,1,0
1720,3,25,3,0,0,1,0,0,1,0
1805,0,57,16,0,0,1,0,0,1,0
1953,0,41,6,0,0,1,0,0,1,0
315,1,33,3,0,0,0,0,0,1,0
1474,1,27,13,0,0,1,0,0,1,0
453,1,19,2,0,0,1,0,0,1,0
1175,2,27,8,0,1,1,0,1,0,0
175,1,45,8,0,0,1,0,0,1,0
1961,1,49,10,0,0,1,0,0,1,0
812,0,50,1,0,0,0,0,0,1,0
1731,2,25,2,0,1,1,0,1,0,0
1261,2,23,3,0,0,1,0,0,1,0
123,1,28,2,0,0,0,0,0,1,0
471,2,23,2,0,0,1,0,0,1,0
532,0,53,0,0,0,0,0,0,1,0
607,2,56,0,0,0,0,0,0,1,0
394,1,25,4,0,0,1,0,0,1,0
930,2,50,11,0,0,0,0,0,1,0
1424,3,36,3,0,0,1,0,0,1,0
39,0,21,2,0,0,0,0,0,1,1
462,3,22,0,0,0,0,0,0,0,0
1786,0,22,12,1,0,1,0,1,0,0
582,0,51,3,0,0,0,0,0,1,0
331,2,48,1,0,0,1,0,0,1,0
534,3,23,2,0,0,0,0,0,0,0
408,0,44,1,0,0,0,0,0,1,1
194,0,28,1,0,0,0,0,0,1,1
614,0,29,6,0,0,1,0,0,1,1
907,2,31,3,0,0,0,0,0,1,0
705,0,28,7,0,0,1,0,0,1,1
1846,2,46,1,0,0,0,0,0,1,0
322,1,52,4,0,0,1,0,0,1,0
266,1,44,0,0,0,1,0,0,1,0
1545,0,42,17,0,0,1,0,0,0,0
1435,0,24,7,0,0,1,0,0,1,1
2070,0,45,9,0,0,0,0,0,1,0
1052,0,31,15,0,2,1,0,1,0,0
1526,1,55,6,0,0,0,0,0,1,0
1728,0,40,8,0,0,1,0,0,1,0
636,0,75,5,0,0,0,0,0,1,0
1034,0,55,21,0,0,1,0,0,0,0
543,0,32,22,0,0,1,0,0,0,0
2004,3,35,2,0,0,0,0,0,1,0
1692,2,19,2,2,0,1,0,1,0,0
1649,0,27,15,0,0,1,0,0,1,0
1699,0,29,6,3,0,0,0,1,0,0
1613,0,22,1,1,0,0,0,1,0,0
782,0,42,2,0,0,0,0,0,1,1
1137,0,32,16,0,0,1,0,0,0,0
1009,0,41,19,0,0,0,0,0,0,0
1706,0,46,18,0,0,0,0,0,0,0
978,0,27,1,0,1,0,0,1,0,0
1671,3,41,31,0,0,1,0,1,0,0
1273,3,51,14,0,0,1,0,0,1,0
1173,2,96,2,0,0,1,0,1,1,0
834,0,32,12,0,0,0,0,0,1,0
365,1,47,3,0,0,0,0,0,1,0
1165,0,43,6,0,0,1,0,0,1,0
1565,2,46,15,0,0,0,0,0,1,0
686,1,56,1,0,0,1,0,0,1,0
1840,0,42,7,1,0,1,0,1,0,0
1427,0,34,9,0,2,1,0,1,0,0
1467,1,65,0,0,0,0,0,0,1,0
1858,2,31,19,0,1,1,0,1,0,0
1590,1,48,8,0,0,1,0,0,1,0
964,3,39,6,0,0,0,0,0,1,0
318,0,29,2,1,0,0,0,1,0,0
1630,0,38,10,0,1,0,0,1,0,0
1888,0,47,13,0,0,1,0,0,1,0
1055,2,41,0,0,0,1,0,0,1,0
1054,0,24,17,0,0,1,0,0,0,0
2077,0,30,8,1,0,1,0,1,0,0
343,1,61,4,0,0,0,0,0,1,0
398,1,32,1,0,0,1,0,0,1,0
1550,0,68,5,0,0,0,0,0,1,0
292,1,60,0,0,0,0,0,0,1,0
1465,0,38,16,0,1,1,0,1,0,0
1798,0,51,21,0,0,1,0,0,0,0
1058,1,21,1,0,1,0,0,1,0,0
141,0,27,2,0,0,1,0,0,1,1
1524,0,29,12,0,2,1,0,1,0,0
2,0,24,4,0,0,1,0,0,1,1
1251,1,71,1,0,0,0,0,0,1,0
339,1,36,2,0,0,0,0,0,1,0
741,0,39,5,0,0,1,0,0,1,1
265,1,37,5,0,0,0,0,0,1,0
376,0,38,0,0,0,0,0,0,1,1
809,0,31,6,3,0,1,0,1,0,0
439,0,59,17,0,0,1,0,0,1,0
271,1,53,6,0,0,0,0,0,1,0
244,0,41,2,0,0,0,0,0,1,1
1163,0,37,13,0,0,0,0,0,1,0
712,0,24,8,1,1,1,0,1,0,0
1018,0,27,13,0,2,1,0,1,0,0
1466,0,36,14,10,0,1,-1,1,0,0
415,0,21,3,0,2,1,0,1,0,0
273,0,24,2,0,1,1,0,1,0,0
1571,1,29,4,0,0,1,0,0,1,0
250,0,28,3,0,0,1,0,0,1,1
413,3,48,0,0,0,0,0,0,1,0
1683,1,29,20,0,0,1,0,0,0,0
1412,3,20,3,0,2,1,0,1,0,0
310,0,53,2,0,0,0,0,0,1,0
1339,0,23,4,0,1,1,0,1,0,0
1385,3,34,1,0,0,1,0,0,1,0
425,2,64,1,0,0,0,0,0,1,0
2023,0,63,16,0,0,0,0,0,1,0
926,1,65,4,0,0,0,0,0,1,0
1447,0,43,5,0,0,0,0,0,1,0
1463,0,32,10,0,0,1,0,0,1,0
818,3,37,6,0,0,0,0,0,1,0
1641,0,66,5,0,0,1,0,0,1,0
1476,0,34,13,0,0,1,0,0,1,0
526,2,35,5,0,0,0,0,0,1,0
1599,2,61,2,0,0,1,0,0,1,0
759,2,39,0,0,0,0,0,0,1,0
182,0,23,1,0,0,0,0,0,1,1
170,0,47,23,0,0,1,0,0,0,0
1921,0,37,16,0,0,1,0,0,1,0
1791,0,24,3,2,1,1,0,1,0,0
2025,0,49,2,0,0,0,0,0,1,0
1778,0,34,8,0,0,0,0,0,1,1
1624,1,27,7,0,0,1,0,0,1,0
746,0,20,2,2,0,1,0,1,0,0
272,1,27,8,0,0,0,0,0,1,0
1668,0,39,19,0,0,1,0,0,0,0
966,1,37,11,0,0,1,0,0,1,0
1043,2,31,1,0,1,0,0,1,0,0
371,1,24,6,0,0,1,0,0,1,0
222,1,44,8,0,0,1,0,0,1,0
593,2,69,0,0,0,0,0,0,1,0
1090,1,26,8,0,3,1,0,1,0,0
654,0,34,1,0,0,0,0,0,1,1
914,1,28,6,0,0,0,0,0,1,0
518,3,36,0,0,0,0,0,0,1,0
334,0,26,3,0,0,0,0,0,1,1
819,1,63,0,0,0,1,0,0,1,0
1259,0,47,15,0,0,0,0,0,1,0
1688,0,68,6,0,0,0,0,0,1,0
771,1,59,17,0,0,1,0,0,1,0
15,0,31,7,0,0,1,0,0,1,1
942,1,67,2,0,0,1,0,0,1,0
990,0,32,21,0,0,1,0,0,0,0
1658,3,70,0,0,0,0,0,0,1,0
1816,2,25,10,1,4,1,0,1,0,0
570,2,30,1,0,0,0,0,0,1,0
948,0,44,19,2,0,1,0,1,0,0
1044,1,48,9,0,0,0,0,0,1,0
465,1,29,3,0,0,1,0,0,1,0
905,3,63,23,0,0,1,0,0,1,0
199,2,28,0,0,0,0,0,0,1,0
1301,3,58,0,0,0,0,0,0,1,0
1776,3,38,0,0,0,0,0,0,1,0
1223,1,51,2,0,0,0,0,0,1,0
1405,1,52,7,0,0,0,0,0,1,0
998,0,56,1,0,0,0,0,0,1,0
591,0,63,3,0,0,0,0,0,1,0
856,0,39,6,0,1,0,0,1,0,0
1512,0,31,11,0,0,1,0,0,1,0
2069,1,67,1,0,0,0,0,0,1,0
2074,1,27,13,0,2,1,0,1,0,0
788,0,30,20,2,0,1,0,1,0,0
1419,1,39,21,0,0,0,0,0,0,0
43,0,29,0,0,0,1,0,0,1,1
1991,1,29,8,0,1,1,0,1,0,0
274,1,53,36,0,0,1,0,1,0,0
1187,0,36,6,0,0,0,0,0,1,1
101,0,59,14,0,0,1,0,0,1,0
1025,2,30,3,0,0,1,0,0,1,0
1233,0,50,24,0,0,1,0,0,0,0
1185,2,33,1,0,0,0,0,0,1,0
107,1,42,1,0,0,1,0,0,1,0
808,1,30,7,0,0,0,0,0,1,0
497,0,46,0,0,0,0,0,0,1,0
2088,0,35,18,0,0,1,0,0,0,0
1404,0,38,8,1,0,0,0,1,0,0
889,0,22,13,0,0,1,0,0,1,0
730,2,60,1,0,0,0,0,0,1,0
1414,0,28,11,1,0,1,0,1,0,0
1492,2,34,3,0,0,0,0,0,1,0
857,1,25,6,0,1,0,0,1,0,0
693,2,20,2,0,0,1,0,0,1,0
72,1,27,1,0,0,1,0,0,1,0
886,1,55,3,0,0,1,0,0,1,0
1673,0,41,24,1,1,1,0,1,0,0
1949,2,49,2,0,0,0,0,0,1,0
1594,0,29,3,1,0,1,0,1,0,0
481,1,34,15,0,0,1,0,0,1,0
1429,0,34,21,1,0,1,0,1,0,0
506,0,45,0,0,0,0,0,0,1,0
1221,0,30,12,0,0,1,0,0,1,0
906,1,58,1,0,0,0,0,0,1,0
2092,0,44,11,0,0,1,0,0,1,0
1340,2,56,10,0,0,1,0,0,1,0
780,0,34,19,0,2,1,0,1,0,0
1302,0,25,21,0,13,1,-1,1,0,0
311,0,60,1,0,0,0,0,0,1,0
976,0,51,5,0,0,0,0,0,1,0
405,0,27,5,0,0,1,0,0,1,1
1441,2,44,4,0,0,1,0,0,1,0
1521,1,57,12,0,0,0,0,0,1,0
1309,0,57,2,0,0,0,0,0,1,0
1235,0,50,5,1,0,0,0,1,0,0
309,0,37,23,0,0,1,0,0,0,0
226,3,40,3,0,0,0,0,0,1,0
1831,0,59,9,0,0,1,0,0,1,0
838,0,29,11,0,0,0,0,0,1,0
1335,0,34,9,0,0,1,0,0,1,0
1647,0,20,3,0,0,1,0,0,1,1
974,1,30,11,0,1,1,0,1,0,0
936,3,59,1,0,0,0,0,0,1,0
148,0,26,2,0,0,1,0,0,1,1
764,1,66,1,0,0,0,0,0,1,0
1114,3,46,2,0,0,0,0,0,1,0
2087,1,58,8,0,0,0,0,0,1,0
692,0,41,9,2,1,0,0,1,0,0
963,1,46,10,0,0,1,0,0,1,0
986,0,57,8,0,0,1,0,0,1,0
575,0,48,5,0,0,1,0,0,1,0
557,0,29,16,0,1,0,0,1,0,0
1196,0,35,14,0,1,1,0,1,0,0
1112,0,55,1,0,0,0,0,0,1,0
1937,1,19,1,0,1,1,0,1,0,0
987,1,57,2,0,0,0,0,0,1,0
1454,0,25,11,0,0,1,0,0,1,0
1915,0,40,20,0,0,0,0,0,0,0
1320,1,50,3,0,0,1,0,0,1,0
167,1,56,0,0,0,0,0,0,1,0
1569,0,24,9,0,1,1,0,1,0,0
286,2,27,0,0,0,0,0,0,1,0
2037,0,52,17,0,0,1,0,0,0,0
869,1,43,9,0,0,0,0,0,1,0
628,1,60,1,0,0,0,0,0,1,0
598,0,22,6,1,1,1,0,1,0,0
1057,0,46,10,0,0,1,0,0,1,0
941,2,46,2,0,0,0,0,0,1,0
1977,0,28,11,0,1,1,0,1,0,0
1546,0,44,3,0,0,0,0,0,1,0
1856,0,33,11,0,2,1,0,1,0,0
1665,0,35,29,0,0,0,0,1,0,0
1351,2,52,3,0,0,0,0,0,1,0
1872,1,79,1,0,0,0,0,1,1,0
41,1,29,2,0,0,1,0,0,1,0
1319,1,33,10,0,0,0,0,0,1,0
1299,0,64,1,0,0,1,0,0,1,0
903,0,24,4,0,1,1,0,1,0,0
752,0,32,17,1,2,1,0,1,0,0
609,1,32,8,0,0,1,0,0,1,0
1131,1,28,14,0,0,0,0,0,1,0
938,1,36,14,0,0,1,0,0,1,0
1537,1,45,7,0,0,0,0,0,1,0
879,1,34,9,1,0,1,0,1,0,0
1100,0,35,10,0,0,1,0,0,1,0
493,0,21,2,1,0,0,0,1,0,0
1425,0,25,28,0,0,1,0,1,0,0
277,0,36,0,0,0,0,0,0,1,1
1994,0,25,6,0,3,0,0,1,0,0
358,0,23,6,1,2,0,0,1,0,0
1332,0,52,19,0,0,0,0,0,0,0
236,3,39,0,0,0,0,0,0,1,0
551,1,19,1,1,1,1,0,1,0,0
2015,0,32,4,1,0,0,0,1,0,0
1780,0,61,9,0,0,0,0,0,1,0
208,0,37,0,0,0,0,0,0,1,1
1525,0,53,26,0,0,1,0,0,0,0
720,1,51,3,0,0,1,0,0,1,0
861,0,54,8,0,0,1,0,0,1,0
1506,3,30,6,0,0,1,0,0,1,0
58,0,63,10,0,0,1,0,0,1,0
631,2,25,1,0,0,0,0,0,1,0
1753,0,31,5,0,1,1,0,1,0,0
1582,0,39,8,0,1,1,0,1,0,0
2007,0,23,4,1,1,0,0,1,0,0
1697,2,30,14,0,1,1,0,1,0,0
363,0,58,12,0,0,1,0,0,1,0
505,0,50,18,0,0,1,0,0,0,0
1518,0,49,13,2,0,0,0,1,0,0
1724,0,32,19,0,3,1,0,1,0,0
733,1,45,0,0,0,0,0,0,1,0
1313,2,67,2,0,0,0,0,0,1,0
1036,0,37,26,0,0,1,0,0,0,0
1084,1,36,10,1,0,1,0,1,0,0
962,2,20,3,0,0,1,0,0,1,0
118,1,64,2,0,0,0,0,0,1,0
1347,0,42,6,0,0,1,0,0,1,0
706,0,38,3,0,0,0,0,0,1,1
1073,0,48,1,0,0,0,0,0,1,0
745,0,22,6,0,3,1,0,1,0,0
522,0,71,8,0,0,0,0,0,1,0
1281,0,59,13,0,0,1,0,0,1,0
513,0,36,4,0,0,1,0,0,1,1
81,3,20,0,0,0,1,0,0,0,0
1690,1,63,5,0,0,0,0,0,1,0
1637,0,45,12,1,0,1,0,1,0,0
1105,1,38,10,0,0,1,0,0,1,0
380,0,66,33,0,0,1,0,1,0,0
1116,0,37,9,0,0,1,0,0,1,0
1820,2,62,5,0,0,0,0,0,1,0
84,0,35,1,0,0,0,0,0,1,1
1807,0,30,18,0,0,1,0,0,0,0
672,1,54,3,0,0,1,0,0,1,0
774,0,22,3,0,3,0,0,1,0,0
329,0,29,8,0,0,0,0,0,1,1
6,1,41,14,0,0,1,0,0,1,0
1452,3,29,4,0,0,1,0,0,1,0
1760,0,19,3,1,2,1,0,1,0,0
1959,2,48,4,0,0,1,0,0,1,0
164,2,54,2,0,0,0,0,0,1,0
1402,1,34,3,0,0,1,0,0,1,0
451,0,55,9,0,0,1,0,0,1,0
490,0,44,14,0,0,1,0,0,1,0
1956,1,55,27,0,0,0,0,1,0,0
287,1,69,0,0,0,0,0,0,1,0
1491,0,29,16,0,0,1,0,0,1,0
87,3,21,1,0,0,1,0,0,0,0
1477,0,51,19,1,0,0,0,1,0,0
1110,1,31,11,0,0,1,0,0,1,0
832,0,27,6,0,0,1,0,0,1,1
943,0,49,14,0,0,1,0,0,1,0
1834,0,35,16,0,0,1,0,0,0,0
939,0,32,8,0,0,1,0,0,1,1
1942,0,48,3,0,0,1,0,0,1,0
1106,0,39,4,0,0,0,0,0,1,1
1176,2,41,2,0,0,0,0,0,1,0
1208,0,38,8,0,0,1,0,0,1,0
327,0,28,8,0,0,1,0,0,1,1
1431,0,37,20,0,0,1,0,0,0,0
442,0,38,1,0,0,0,0,0,1,1
1111,0,49,10,0,0,1,0,0,1,0
1553,1,61,8,0,0,1,0,0,1,0
1852,0,24,10,5,1,1,0,1,0,0
348,1,41,0,0,0,1,0,0,1,0
1027,1,45,9,0,0,1,0,0,1,0
177,0,32,13,0,0,1,0,0,1,0
829,1,55,11,0,0,0,0,0,1,0
1329,0,23,7,0,1,1,0,1,0,0
831,0,56,3,0,0,0,0,0,1,0
86,1,26,7,0,0,1,0,0,1,0
2008,3,47,5,0,0,1,0,0,1,0
2050,0,21,5,0,0,1,0,0,1,1
457,1,27,5,0,0,0,0,0,1,0
777,3,48,4,0,0,1,0,0,1,0
1040,1,48,13,0,0,1,0,0,1,0
1973,0,35,9,0,0,0,0,0,1,0
54,2,30,0,0,0,0,0,0,1,0
1620,2,36,2,1,0,1,0,1,0,0
643,3,25,1,0,0,0,0,0,0,0
921,3,31,0,0,0,0,0,0,1,0
677,0,33,12,0,0,1,0,0,1,0
221,0,28,25,0,0,1,0,0,0,0
113,1,31,13,0,0,1,0,0,1,0
1083,2,60,0,0,0,0,0,0,1,0
1326,2,53,3,0,0,0,0,0,1,0
1701,1,46,26,0,0,1,0,1,0,0
174,0,66,3,0,0,0,0,0,1,0
1871,0,38,6,1,0,0,0,1,0,0
589,1,57,1,0,0,1,0,0,1,0
862,3,28,3,0,0,0,0,0,1,0
1679,1,43,12,0,0,0,0,0,1,0
18,1,31,6,0,0,1,0,0,1,0
423,0,35,6,0,0,1,0,0,1,1
1448,0,53,13,0,0,0,0,0,1,0
285,0,19,2,0,2,1,0,1,0,0
1703,0,24,3,0,1,1,0,1,0,0
428,1,28,8,0,0,1,0,0,1,0
1628,0,30,21,0,0,1,0,0,0,0
2013,0,61,14,0,0,0,0,0,1,0
669,1,50,8,0,0,0,0,0,1,0
31,0,32,4,0,0,1,0,0,1,1
1061,0,29,9,0,0,1,0,0,1,1
722,0,39,22,0,0,1,0,0,0,0
1232,2,35,7,0,0,0,0,0,1,0
214,1,28,1,0,0,0,0,0,1,0
1978,1,30,11,0,0,1,0,0,1,0
1344,0,19,2,0,1,1,0,1,0,0
1838,0,44,12,0,0,0,0,0,1,0
326,2,21,0,0,0,0,0,0,1,0
560,0,43,20,1,0,0,0,1,0,0
1540,0,53,15,0,0,1,0,0,1,0
700,0,32,6,0,0,1,0,0,1,1
881,1,50,0,0,0,0,0,0,1,0
1878,0,63,9,0,0,1,0,0,1,0
341,2,25,2,0,0,1,0,0,1,0
629,2,53,0,0,0,0,0,0,1,0
147,3,46,1,0,0,0,0,0,1,0
1290,1,65,1,0,0,0,0,0,1,0
360,0,35,8,0,0,1,0,0,1,1
83,0,23,2,0,0,1,0,0,1,1
1505,2,55,0,0,0,0,0,0,1,0
48,1,29,1,0,0,1,0,0,1,0
468,1,38,1,0,0,1,0,0,1,0
155,0,25,1,0,0,1,0,0,1,1
1118,0,26,5,0,1,1,0,1,0,0
2043,1,40,8,0,0,1,0,0,1,0
1514,1,35,8,0,0,1,0,0,1,0
1468,2,49,0,0,0,0,0,0,1,0
1752,0,44,8,0,0,1,0,0,1,0
855,2,33,2,0,0,0,0,0,1,0
500,0,27,10,0,1,1,0,1,0,0
1903,2,50,3,0,0,1,0,0,1,0
179,0,26,9,0,0,1,0,0,1,1
1134,0,31,14,0,0,0,0,0,1,0
1893,0,34,20,0,1,1,0,1,0,0
1318,0,31,6,0,0,0,0,0,1,1
178,0,37,2,0,0,1,0,0,1,1
1249,0,53,10,0,0,1,0,0,1,0
1393,0,25,8,0,1,0,0,1,0,0
1741,0,41,14,0,0,1,0,0,1,0
528,3,23,0,0,0,0,0,0,0,0
346,0,45,16,0,0,0,0,0,0,0
1499,0,24,5,5,0,1,0,1,0,0
2078,2,65,2,0,0,1,0,0,1,0
1511,0,29,29,0,0,1,0,1,0,0
385,1,48,0,0,0,0,0,0,1,0
1004,0,31,13,0,0,1,0,0,1,0
1788,0,43,15,0,0,1,0,0,1,0
601,1,21,0,0,1,1,0,1,0,0
1875,1,30,4,0,1,1,0,1,0,0
243,1,32,2,0,0,0,0,0,1,0
1178,1,27,7,0,1,1,0,1,0,0
802,0,19,3,0,2,1,0,1,0,0
1891,1,48,6,0,0,0,0,0,1,0
1592,0,51,12,0,0,1,0,0,1,0
312,1,48,23,1,0,1,0,1,0,0
435,0,21,4,4,0,1,0,1,0,0
2049,0,24,1,1,0,1,0,1,0,0
136,0,38,9,1,1,1,0,1,0,0
308,1,21,3,0,0,0,0,0,1,0
430,1,46,0,0,0,0,0,0,1,0
660,1,32,6,0,0,0,0,0,1,0
1368,0,22,7,0,4,1,0,1,0,0
370,2,29,2,0,0,0,0,0,1,0
566,1,56,4,0,0,0,0,0,1,0
1361,0,26,24,1,3,1,0,1,0,0
1080,0,30,14,0,3,1,0,1,0,0
824,1,72,1,0,0,0,0,0,1,0
181,0,34,2,0,0,0,0,0,1,1
1023,0,38,9,0,0,0,0,0,1,0
621,3,42,2,0,0,0,0,0,1,0
965,0,31,19,0,0,1,0,0,0,0
1285,0,28,7,1,0,1,0,1,0,0
1288,0,43,8,0,0,0,0,0,1,0
1536,0,27,1,1,0,0,0,1,0,0
1987,0,43,8,1,0,1,0,1,0,0
778,3,22,5,0,0,1,0,0,1,0
1161,2,45,8,0,0,0,0,0,1,0
296,3,20,1,1,0,0,0,1,0,0
1461,0,32,17,0,0,1,0,0,0,0
461,1,35,0,0,0,1,0,0,1,0
1451,0,59,22,0,0,1,0,0,0,0
1269,0,64,20,0,0,0,0,0,0,0
904,1,20,1,0,1,1,0,1,0,0
377,2,22,2,0,0,1,0,0,1,0
798,1,61,3,0,0,1,0,0,1,0
1193,0,31,8,0,2,1,0,1,0,0
105,0,33,5,0,0,1,0,0,1,1
126,0,24,0,0,0,0,0,0,1,1
839,1,72,3,0,0,0,0,0,1,0
1984,1,42,8,0,0,0,0,0,1,0
887,2,37,2,0,0,0,0,0,1,0
1222,3,53,4,0,0,1,0,0,1,0
1920,0,55,2,0,0,0,0,0,1,0
355,0,26,10,1,1,1,0,1,0,0
1738,1,68,7,0,0,1,0,0,1,0
682,0,47,5,0,0,0,0,0,1,0
1654,0,42,5,0,1,1,0,1,0,0
1718,0,53,5,0,0,1,0,0,1,0
1615,3,41,0,0,0,0,0,0,1,0
209,3,33,4,0,0,1,0,0,1,0
1557,0,26,10,0,1,1,0,1,0,0
1041,0,40,3,0,0,0,0,0,1,1
140,0,33,7,0,0,1,0,0,1,1
1552,0,49,11,0,0,1,0,0,1,0
1444,0,51,22,0,0,1,0,0,0,0
1832,1,77,1,0,0,0,0,0,1,0
1694,0,20,3,0,3,0,0,1,0,0
1428,0,48,4,0,0,0,0,0,1,0
1001,0,31,9,0,0,0,0,0,1,1
1544,1,33,14,0,0,0,0,0,1,0
711,3,20,8,0,8,1,-1,1,0,0
2014,0,31,6,2,0,0,0,1,0,0
1660,0,32,7,0,1,1,0,1,0,0
1811,3,30,13,0,0,1,0,0,1,0
1809,1,40,6,0,0,0,0,0,1,0
10,1,27,0,0,0,0,0,0,1,0
1826,1,24,5,0,0,1,0,0,1,0
1710,1,39,3,0,1,1,0,1,0,0
282,0,32,12,0,1,1,0,1,0,0
810,0,30,15,1,0,1,0,1,0,0
1181,1,22,2,0,1,0,0,1,0,0
291,0,29,2,0,0,0,0,0,1,1
931,1,32,5,0,0,1,0,0,1,0
754,2,39,3,0,0,0,0,0,1,0
626,0,35,17,0,1,1,0,1,0,0
1473,0,39,22,0,2,1,0,1,0,0
1998,2,50,5,0,0,1,0,0,1,0
129,2,30,4,0,0,1,0,0,1,0
1268,3,24,1,0,0,1,0,0,0,0
843,0,58,24,0,0,1,0,0,0,0
323,3,60,4,0,0,0,0,0,1,0
1179,0,34,11,1,0,1,0,1,0,0
994,0,46,5,0,0,1,0,0,1,0
1560,0,33,13,0,0,1,0,0,1,0
2012,3,34,3,0,0,0,0,0,1,0
1022,3,21,1,1,0,0,0,1,0,0
2020,0,42,17,3,0,1,0,1,0,0
1442,0,24,14,0,4,1,0,1,0,0
215,0,30,11,0,0,1,0,0,1,0
1583,1,29,5,0,0,0,0,0,1,0
1323,0,30,14,0,0,1,0,0,1,0
1362,0,48,6,0,0,0,0,0,1,0
158,2,52,2,0,0,0,0,0,1,0
1317,0,62,13,0,0,1,0,0,1,0
1146,0,62,3,0,0,1,0,0,1,0
1494,0,39,19,2,2,1,0,1,0,0
864,0,46,1,0,0,0,0,0,1,0
841,1,49,1,0,0,0,0,0,1,0
634,2,55,1,0,0,1,0,0,1,0
516,0,50,11,0,0,0,0,0,1,0
1543,1,33,2,0,2,0,0,1,0,0
597,0,32,14,0,0,1,0,0,1,0
195,1,56,7,0,0,1,0,0,1,0
1906,0,54,21,0,0,0,0,0,0,0
2003,0,49,25,0,0,1,0,0,0,0
950,1,27,4,0,1,1,0,1,0,0
410,2,50,1,0,0,0,0,0,1,0
1278,3,57,10,0,0,1,0,0,1,0
96,0,30,1,0,0,0,0,0,1,1
440,0,40,0,0,0,0,0,0,1,1
549,3,29,3,0,0,0,0,0,1,0
156,2,23,0,0,0,0,0,0,1,0
419,0,30,0,0,0,0,0,0,1,1
922,2,19,1,1,0,0,0,1,0,0
477,0,31,2,0,0,0,0,0,1,1
553,0,35,7,0,0,0,0,0,1,1
390,0,59,10,0,0,1,0,0,1,0
578,0,23,6,0,3,1,0,1,0,0
1839,2,37,9,0,0,0,0,0,1,0
1769,3,27,6,0,0,1,0,0,1,0
820,0,20,9,9,0,1,-1,1,0,0
1969,0,30,9,1,0,1,0,1,0,0
1006,0,28,6,4,0,0,0,1,0,0
1766,0,32,17,0,6,1,0,1,0,0
664,1,62,2,0,0,1,0,0,1,0
1621,2,46,13,0,0,0,0,0,1,0
142,0,20,0,0,0,0,0,0,1,1
1635,2,26,1,1,0,1,0,1,0,0
421,2,24,8,0,0,0,0,0,1,0
799,0,69,3,0,0,0,0,0,1,0
615,1,36,4,0,0,1,0,0,1,0
2036,2,36,5,0,0,0,0,0,1,0
401,0,35,0,0,0,0,0,0,1,1
88,0,71,12,0,0,0,0,0,1,0
2066,1,69,5,0,0,0,0,0,1,0
131,1,31,2,0,0,1,0,0,1,0
1094,2,20,1,1,0,1,0,1,0,0
1157,0,59,0,0,0,0,0,0,1,0
1519,1,31,17,0,0,1,0,0,0,0
1616,0,61,12,0,0,0,0,0,1,0
724,1,45,5,0,0,0,0,0,1,0
1234,3,37,4,0,0,1,0,0,1,0
2046,1,34,11,0,0,0,0,0,1,0
1469,0,56,7,0,0,0,0,0,1,0
917,0,51,0,0,0,1,0,0,1,0
2056,0,30,18,0,1,1,0,1,0,0
1422,0,50,2,0,0,1,0,0,1,0
375,1,59,0,0,0,0,0,0,1,0
333,1,27,3,0,0,0,0,0,1,0
1355,0,59,8,0,0,0,0,0,1,0
910,0,47,6,0,0,0,0,0,1,0
776,1,31,7,0,0,0,0,0,1,0
1912,0,50,10,0,0,0,0,0,1,0
328,3,42,1,0,0,0,0,0,1,0
2033,1,71,3,0,0,0,0,0,1,0
12,1,37,0,0,0,0,0,0,1,0
897,0,37,24,2,3,0,0,1,0,0
171,0,23,0,0,0,1,0,0,1,1
260,1,33,1,0,0,1,0,0,1,0
1310,1,33,9,0,0,0,0,0,1,0
1523,3,48,7,0,0,0,0,0,1,0
901,3,35,3,0,0,1,0,0,1,0
258,1,23,0,0,0,1,0,0,1,0
844,3,29,0,0,0,0,0,0,1,0
138,0,33,8,0,0,1,0,0,1,1
319,1,68,2,0,0,0,0,0,1,0
1645,3,57,0,0,0,0,0,0,1,0
1334,0,28,21,0,2,0,0,1,0,0
1270,1,28,5,0,0,1,0,0,1,0
558,0,35,13,0,0,1,0,0,1,0
139,0,31,0,0,0,1,0,0,1,1
1869,0,29,15,0,4,1,0,1,0,0
531,1,55,18,0,0,1,0,0,1,0
224,1,22,1,0,0,1,0,0,1,0
723,3,40,0,0,0,0,0,0,1,0
1892,1,48,17,0,0,0,0,0,0,0
325,0,53,11,0,0,0,0,0,1,0
1922,2,21,2,0,1,1,0,1,0,0
1169,1,38,3,0,0,1,0,0,1,0
714,0,33,6,0,0,0,0,0,1,1
846,3,26,0,0,0,0,0,0,1,0
193,1,27,2,0,0,0,0,0,1,0
573,0,39,13,0,0,1,0,0,1,0
946,1,57,3,0,0,0,0,0,1,0
503,0,26,8,0,1,0,0,1,0,0
1307,0,40,15,1,0,0,0,1,0,0
1352,0,25,4,0,1,1,0,1,0,0
1927,0,52,16,0,0,1,0,0,1,0
3,0,23,1,0,1,0,0,1,0,0
1970,0,48,12,0,0,0,0,0,1,0
467,1,45,1,0,0,0,0,0,1,0
5,3,44,0,0,0,0,0,0,1,0
1483,2,52,10,0,0,0,0,0,1,0
547,0,36,3,0,0,1,0,0,1,1
228,1,30,4,0,0,0,0,0,1,0
1063,0,62,1,0,0,0,0,0,1,0
542,0,22,1,0,1,1,0,1,0,0
242,0,35,2,0,0,0,0,0,1,1
898,1,44,13,0,0,1,0,0,1,0
1225,2,37,5,0,0,0,0,0,1,0
1284,0,21,2,1,1,0,0,1,0,0
1517,0,19,3,0,0,1,0,0,1,1
842,0,26,14,0,1,1,0,1,0,0
1879,1,36,10,0,0,1,0,0,1,0
1247,0,42,3,0,0,0,0,0,1,1
276,2,21,3,0,1,0,0,1,0,0
661,2,40,0,0,0,0,0,0,1,0
1305,1,50,11,0,0,1,0,0,1,0
314,0,28,5,0,0,0,0,0,1,1
691,0,21,3,1,2,0,0,1,0,0
1622,0,62,22,0,0,1,0,0,0,0
424,2,26,4,0,0,0,0,0,1,0
594,2,47,0,0,0,0,0,0,1,0
2079,0,47,14,0,0,0,0,0,1,0
622,0,38,8,0,1,1,0,1,0,0
1263,0,49,0,0,0,0,0,0,1,0
2095,1,57,14,0,0,1,0,0,1,0
227,1,36,8,0,0,1,0,0,1,0
1901,0,28,12,0,0,1,0,0,1,0
1436,2,53,1,0,0,1,0,0,1,0
1406,1,46,7,0,0,1,0,0,1,0
66,3,33,0,0,0,0,0,0,1,0
24,1,43,1,0,0,0,0,0,1,0
144,0,61,1,0,0,1,0,0,1,0
536,0,41,8,0,0,1,0,0,1,0
811,1,64,0,0,0,0,0,0,1,0
1211,3,20,1,0,0,1,0,0,0,0
85,0,36,9,0,0,1,0,0,1,0
1437,0,60,13,0,0,0,0,0,1,0
1316,0,29,2,0,1,1,0,1,0,0
1744,1,45,21,0,0,1,0,0,0,0
1947,0,23,8,0,0,1,0,0,1,1
1962,0,53,20,0,0,0,0,0,0,0
1481,1,35,3,0,0,1,0,0,1,0
1358,3,23,7,0,2,1,0,1,0,0
362,0,54,2,0,0,0,0,0,1,0
1884,0,26,11,0,1,1,0,1,0,0
1245,2,42,0,0,0,0,0,0,1,0
1026,0,29,6,0,1,0,0,1,0,0
1030,0,29,12,0,0,1,0,0,1,0
1314,0,57,23,0,0,1,0,0,0,0
1849,0,30,1,0,1,0,0,1,0,0
1160,1,30,13,0,0,1,0,0,1,0
665,0,37,18,2,0,0,0,1,0,0
364,1,23,1,0,0,1,0,0,1,0
77,0,41,1,0,0,0,0,0,1,1
27,1,36,3,0,0,0,0,0,1,0
1551,0,51,14,0,0,0,0,0,1,0
525,0,26,4,0,0,1,0,0,1,1
1980,0,24,15,0,5,1,0,1,0,0
55,0,49,4,0,0,0,0,0,1,0
638,3,34,0,0,0,1,0,0,1,0
302,1,34,1,0,0,0,0,0,1,0
718,1,30,10,0,0,1,0,0,1,0
624,2,59,1,0,0,0,0,0,1,0
7,3,43,3,0,0,0,0,0,1,0
803,0,24,12,0,5,1,0,1,0,0
1049,0,36,7,0,0,1,0,0,1,1
336,1,33,0,0,0,0,0,0,1,0
47,0,34,4,0,0,1,0,0,1,1
1929,0,39,9,0,0,0,0,0,1,0
106,0,37,3,0,0,0,0,0,1,1
349,0,27,13,0,0,1,0,0,1,0
1079,1,49,7,0,0,0,0,0,1,0
238,2,22,0,0,0,0,0,0,1,0
213,0,52,0,0,0,0,0,0,1,0
1144,3,30,3,0,1,0,0,1,0,0
1353,2,34,14,0,0,1,0,0,0,0
1244,1,73,0,0,0,0,0,0,1,0
793,1,60,2,0,0,0,0,0,1,0
1096,1,36,9,0,0,0,0,0,1,0
1272,0,40,24,0,1,1,0,1,0,0
1775,0,20,6,4,2,1,0,1,0,0
1702,0,54,1,0,0,0,0,0,1,0
1800,3,44,6,0,0,1,0,0,1,0
523,0,39,10,0,4,0,0,1,0,0
232,1,23,5,0,0,1,0,0,1,0
644,1,55,2,0,0,0,0,0,1,0
1626,0,29,17,0,0,1,0,0,0,0
533,0,25,6,0,0,0,0,0,1,1
1627,0,62,4,0,0,0,0,0,1,0
603,0,36,5,0,0,1,0,0,1,1
1304,0,42,33,0,0,1,0,1,0,0
1074,3,49,2,0,0,0,0,0,1,0
1667,1,68,4,0,0,0,0,0,1,0
60,1,38,4,0,0,1,0,0,1,0
1364,1,50,26,0,0,1,0,1,0,0
92,1,54,0,0,0,0,0,0,1,0
666,1,30,5,0,0,1,0,0,1,0
280,3,33,3,0,0,0,0,0,1,0
1204,0,26,9,0,1,1,0,1,0,0
359,0,54,28,0,0,1,0,0,0,0
1220,3,49,0,0,0,1,0,0,1,0
2067,0,41,18,1,0,1,0,1,0,0
847,0,32,15,2,0,1,0,1,0,0
1206,0,37,22,0,0,1,0,0,0,0
1487,0,25,2,0,1,1,0,1,0,0
110,0,33,28,0,12,1,-1,1,0,0
42,0,51,7,0,0,0,0,0,1,0
125,1,28,0,0,0,1,0,0,1,0
204,1,37,4,0,0,1,0,0,1,0
52,0,31,15,0,0,0,0,0,1,0
545,1,26,2,0,0,1,0,0,1,0
68,2,45,6,0,0,1,0,0,1,0
1228,0,28,14,0,1,1,0,1,0,0
1666,0,56,16,0,0,0,0,0,1,0
183,3,36,2,0,0,1,0,0,1,0
137,0,32,11,0,0,1,0,0,1,0
899,0,64,0,0,0,0,0,0,1,0
796,1,32,3,0,0,0,0,0,1,0
132,1,59,1,0,0,1,0,0,1,0
80,0,25,14,1,6,1,0,1,0,0
1600,0,33,21,0,0,1,0,0,0,0
1659,2,37,6,0,0,1,0,0,1,0
541,0,57,11,0,0,0,0,0,1,0
2045,0,61,11,0,0,0,0,0,1,0
165,2,58,0,0,0,0,0,0,1,0
248,0,43,0,0,0,0,0,0,1,1
446,1,38,0,0,0,0,0,0,1,0
1293,0,63,6,0,0,0,0,0,1,0
858,1,56,5,0,0,1,0,0,1,0
1563,1,35,5,0,0,0,0,0,1,0
97,1,24,8,0,1,1,0,1,0,0
805,2,57,3,0,0,0,0,0,1,0
1356,1,30,3,0,1,0,0,1,0,0
102,0,21,3,0,0,1,0,0,1,1
434,3,31,1,0,0,0,0,0,1,0
74,1,22,0,0,0,0,0,0,1,0
1932,2,36,9,0,0,1,0,0,1,0
1960,0,25,2,1,1,1,0,1,0,0
1230,1,56,2,0,0,0,0,0,1,0
918,2,51,3,0,0,0,0,0,1,0
1844,1,47,13,0,0,1,0,0,1,0
1742,1,23,11,8,2,1,-1,1,0,0
762,1,34,2,0,0,0,0,0,1,0
989,0,58,16,0,0,0,0,0,1,0
388,0,33,2,0,0,0,0,0,1,1
235,0,20,1,0,0,1,0,0,1,1
1625,1,32,11,0,0,0,0,0,1,0
267,1,28,3,0,0,1,0,0,1,0
117,0,33,19,0,0,1,0,0,0,0
1727,0,27,27,0,5,1,0,1,0,0
673,1,46,1,0,0,0,0,0,1,0
249,1,37,3,0,0,0,0,0,1,0
1568,2,31,4,0,0,0,0,0,1,0
2094,0,61,4,0,0,1,0,0,1,0
94,0,19,1,0,0,1,0,0,1,1
33,3,49,7,0,0,1,0,0,1,0
2001,0,29,8,1,0,1,0,1,0,0
448,0,25,4,0,0,1,0,0,1,1
716,0,29,4,1,1,1,0,1,0,0
1403,1,39,5,0,0,0,0,0,1,0
1874,0,31,5,1,0,0,0,1,0,0
0,3,69,0,0,0,0,0,0,1,0
1958,0,26,3,0,1,0,0,1,0,0
1101,3,53,1,0,0,0,0,0,1,0
1108,0,54,7,0,0,0,0,0,1,0
1735,0,20,5,1,2,1,0,1,0,0
82,0,22,2,1,0,1,0,1,0,0
1389,2,33,3,0,0,0,0,0,1,0
676,0,30,10,0,0,0,0,0,1,0
1566,3,23,4,0,0,0,0,0,1,0
1046,0,21,1,1,0,1,0,1,0,0
770,0,62,15,0,0,0,0,0,1,0
1547,2,28,16,0,0,1,0,0,0,0
1381,0,21,7,1,0,1,0,1,0,0
1898,1,57,4,0,0,0,0,0,1,0
1606,0,26,18,1,1,1,0,1,0,0
404,1,22,6,1,0,1,0,1,0,0
1861,3,27,5,0,0,1,0,0,1,0
1401,2,52,5,0,0,1,0,0,1,0
1770,0,37,17,0,0,0,0,0,0,0
104,1,34,0,0,0,0,0,0,1,0
688,1,35,4,0,0,1,0,0,1,0
1876,0,27,21,0,0,1,0,0,0,0
826,1,27,4,0,0,1,0,0,1,0
1240,0,20,1,0,1,1,0,1,0,0
62,0,22,2,0,1,1,0,1,0,0
852,0,46,15,0,0,1,0,0,1,0
1460,1,51,4,0,0,0,0,0,1,0
1262,0,32,9,0,0,0,0,0,1,1
223,0,25,0,0,0,0,0,0,1,1
145,3,52,13,0,0,1,0,0,1,0
1088,0,46,8,0,0,1,0,0,1,0
373,1,29,6,0,0,1,0,0,1,0
1708,3,55,4,0,0,0,0,0,1,0
1142,3,23,5,0,0,1,0,0,1,0
1971,1,52,23,0,0,1,0,0,0,0
1612,0,27,9,0,1,1,0,1,0,0
1274,1,31,9,0,0,1,0,0,1,0
1265,0,18,2,3,0,1,0,1,0,0
1936,1,48,18,0,0,1,0,0,0,0
1917,1,57,7,0,0,0,0,0,1,0
9,1,21,1,0,0,1,0,0,1,0
449,2,30,6,0,0,1,0,0,1,0
708,2,32,0,0,0,0,0,0,1,0
255,2,38,3,0,0,1,0,0,1,0
882,1,33,7,0,0,0,0,0,1,0
389,0,34,6,0,0,0,0,0,1,1
1865,1,22,3,0,1,1,0,1,0,0
908,2,34,5,0,0,0,0,0,1,0
924,0,59,4,0,0,0,0,0,1,0
2019,2,45,3,0,0,0,0,0,1,0
1330,2,47,2,0,0,0,0,0,1,0
460,0,27,18,0,2,1,0,1,0,0
1370,2,39,1,0,0,0,0,0,1,0
1833,2,21,2,0,0,1,0,0,1,0
1168,3,40,1,0,0,0,0,0,1,0
501,1,40,1,0,0,0,0,0,1,0
739,1,54,4,0,0,0,0,0,1,0
1997,1,50,18,0,0,1,0,0,0,0
868,3,32,1,0,0,0,0,0,1,0
731,2,26,1,0,0,1,0,0,1,0
539,0,35,4,0,0,0,0,0,1,1
1201,2,38,20,0,0,1,0,0,0,0
697,1,33,2,0,0,1,0,0,1,0
1717,0,77,0,0,0,0,0,0,1,0
1486,0,42,10,0,0,1,0,0,1,0
1145,0,57,6,0,0,1,0,0,1,0
1031,0,23,2,1,0,0,0,1,0,0
667,1,29,7,0,0,1,0,0,1,0
1644,0,50,13,1,0,1,0,1,0,0
357,0,42,0,0,0,0,0,0,1,1
967,3,21,3,0,2,1,0,1,0,0
783,1,57,15,0,0,0,0,0,1,0
735,1,23,6,0,0,1,0,0,1,0
1035,1,25,5,0,2,1,0,1,0,0
970,0,33,10,0,0,1,0,0,1,0
1924,0,32,7,0,3,0,0,1,0,0
1604,0,26,3,0,3,1,0,1,0,0
1905,2,20,1,0,0,1,0,0,0,0
1642,0,61,29,0,0,1,0,1,0,0
1328,0,31,16,2,1,1,0,1,0,0
1457,1,42,4,0,0,1,0,0,1,0
1608,1,20,1,1,0,1,0,1,0,0
1252,1,24,6,0,2,0,0,1,0,0
1825,1,69,2,0,0,0,0,0,1,0
1848,1,25,7,0,0,1,0,0,1,0
1236,2,41,19,0,0,1,0,0,0,0
885,3,52,2,0,0,0,0,0,1,0
79,3,50,0,0,0,1,0,0,1,0
1172,2,29,17,0,1,1,0,1,0,0
814,1,25,5,0,0,0,0,0,1,0
1386,0,46,8,1,0,1,0,1,0,0
671,1,40,3,0,0,0,0,0,1,0
1650,0,33,15,0,0,1,0,0,1,0
57,0,35,5,0,0,0,0,0,1,1
133,1,45,4,0,0,0,0,0,1,0
1140,0,44,7,1,0,0,0,1,0,0
933,3,25,24,20,0,1,-1,-1,0,0
1815,0,44,29,0,0,1,0,1,0,0
823,1,20,3,0,2,1,0,1,0,0
1214,0,39,2,0,0,0,0,0,1,1
504,0,37,5,0,0,1,0,0,1,1
1914,2,43,3,0,0,1,0,0,1,0
347,0,46,2,0,0,1,0,0,1,0
386,2,30,7,0,0,0,0,0,0,0
1024,3,61,0,0,0,0,0,0,1,0
894,1,19,0,0,0,1,0,0,1,0
828,0,23,5,0,3,1,0,1,0,0
2042,0,27,17,0,2,1,0,1,0,0
475,3,30,4,0,0,1,0,0,1,0
1587,2,23,2,0,1,0,0,1,0,0
1562,0,45,5,0,0,0,0,0,1,0
1508,1,57,9,0,0,1,0,0,1,0
652,1,49,4,0,0,0,0,0,1,0
172,2,57,1,0,0,0,0,0,1,0
1149,2,56,2,0,0,1,0,0,1,0
38,1,29,0,0,0,0,0,0,1,0
713,0,60,12,0,0,0,0,0,1,0
90,1,39,2,0,0,1,0,0,1,0
166,1,78,1,0,0,1,0,0,1,0
1205,0,30,9,0,1,1,0,1,0,0
875,1,28,9,0,0,0,0,0,1,0
1567,0,47,9,0,0,0,0,0,1,0
2039,2,25,14,0,1,0,0,1,0,0
1093,2,33,0,0,0,0,0,0,1,0
1155,3,37,11,2,0,0,0,1,0,0
1324,3,50,5,0,0,0,0,0,1,0
1471,0,40,21,0,0,0,0,0,0,0
1350,0,42,9,0,0,1,0,0,1,0
510,2,37,1,0,0,0,0,0,1,0
499,0,26,10,0,0,1,0,0,1,1
1464,1,63,10,0,0,1,0,0,1,0
1758,0,42,16,0,0,0,0,0,0,0
338,1,19,1,0,0,1,0,0,1,0
1188,1,28,4,0,0,1,0,0,1,0
28,0,26,5,0,0,1,0,0,1,1
1217,2,33,8,0,0,1,0,0,1,0
1946,3,36,6,0,1,1,0,1,0,0
1965,1,46,11,0,0,1,0,0,1,0
945,1,41,9,0,0,0,0,0,1,0
169,0,38,22,2,2,1,0,1,0,0
1197,0,19,3,3,0,1,0,1,0,0
1253,1,64,8,0,0,0,0,0,1,0
1510,1,39,6,0,0,0,0,0,1,0
912,0,25,9,0,0,0,0,0,1,1
491,1,53,2,0,0,0,0,0,1,0
953,2,24,11,0,0,1,0,0,0,0
1097,1,46,4,0,0,0,0,0,1,0
1032,1,70,11,0,0,1,0,1,1,0
587,2,45,0,0,0,1,0,0,1,0
750,0,43,2,0,0,0,0,0,1,1
657,1,50,2,0,0,0,0,0,1,0
234,0,29,1,0,0,0,0,0,1,1
732,0,44,2,0,0,0,0,0,1,1
2091,0,46,13,0,0,1,0,0,1,0
1756,1,58,10,0,0,0,0,0,1,0
1156,2,23,6,0,0,1,0,0,1,0
1586,0,29,6,1,2,1,0,1,0,0
1712,3,54,1,0,0,0,0,0,1,0
1749,2,37,8,0,0,1,0,0,1,0
934,2,35,12,0,1,0,0,1,0,0
1209,0,36,10,0,0,1,0,0,1,0
1065,0,46,3,0,0,1,0,0,1,0
108,0,41,10,0,1,1,0,1,0,0
1859,2,31,5,0,0,1,0,0,1,0
568,1,24,3,0,2,1,0,1,0,0
1167,2,35,1,0,0,1,0,0,1,0
1174,2,29,0,0,0,0,0,0,1,0
890,0,28,11,2,1,0,0,1,0,0
947,1,58,0,0,0,0,0,0,1,0
1048,0,38,37,0,5,1,0,1,0,0
1459,0,32,7,0,0,1,0,0,1,1
1480,0,36,4,2,0,1,0,1,0,0
1561,0,21,6,0,1,1,0,1,0,0
884,3,22,1,0,0,0,0,0,0,0
1801,2,38,7,1,0,1,0,1,0,0
2065,1,50,4,0,0,0,0,0,1,0
850,2,32,2,0,0,1,0,0,1,0
1407,0,34,27,0,1,0,0,1,0,0
717,1,21,1,1,0,1,0,1,0,0
454,0,61,15,0,0,1,0,0,1,0
264,0,27,4,1,0,1,0,1,0,0
75,0,26,1,0,0,1,0,0,1,1
1785,1,21,3,0,3,1,0,1,0,0
444,0,43,1,0,0,0,0,0,1,1
395,1,27,6,0,1,0,0,1,0,0
176,3,52,0,0,0,1,0,0,1,0
1042,1,49,3,0,0,0,0,0,1,0
1870,1,55,7,0,0,0,0,0,1,0
2000,0,41,12,0,0,1,0,0,1,0
1629,0,33,18,0,0,1,0,0,0,0
1490,0,24,1,0,1,0,0,1,0,0
595,2,45,1,0,0,0,0,0,1,0
61,0,22,1,0,0,1,0,0,1,1
1296,0,54,10,0,0,0,0,0,1,0
872,0,44,6,0,0,0,0,0,1,0
1607,2,44,7,0,0,1,0,0,1,0
2027,2,34,17,0,0,1,0,0,0,0
278,1,36,0,0,0,0,0,0,1,0
1392,0,48,10,0,0,0,0,0,1,0
36,1,24,1,0,0,1,0,0,1,0
1804,0,33,8,2,0,1,0,1,0,0
662,2,54,0,0,0,0,0,0,1,0
1950,0,21,2,0,2,1,0,1,0,0
1559,0,41,16,2,0,1,0,1,0,0
977,0,26,8,0,0,1,0,0,1,1
1691,0,66,11,0,0,1,0,0,1,0
738,1,65,2,0,0,0,0,0,1,0
191,1,28,7,0,0,1,0,0,1,0
919,0,28,8,0,1,0,0,1,0,0
456,1,26,3,0,0,1,0,0,1,0
1417,2,31,2,0,0,0,0,0,1,0
675,0,33,16,0,0,1,0,0,0,0
760,0,59,1,0,0,0,0,0,1,0
1951,0,28,11,0,0,1,0,0,1,0
1723,0,28,12,1,0,0,0,1,0,0
728,1,53,4,0,0,0,0,0,1,0
1771,1,51,8,0,0,1,0,0,1,0
1399,1,28,9,0,1,0,0,1,0,0
412,0,58,6,0,0,0,0,0,1,0
1098,0,38,4,0,0,0,0,0,1,1
825,1,21,5,0,0,1,0,0,1,0
1614,0,47,21,0,1,1,0,1,0,0
616,2,45,2,0,0,0,0,0,1,0
114,0,27,3,0,0,1,0,0,1,1
417,1,41,1,0,0,0,0,0,1,0
2055,3,42,0,0,0,0,0,0,1,0
969,1,32,15,2,0,1,0,1,0,0
604,2,24,2,0,0,1,0,0,1,0
2059,0,32,9,2,1,0,0,1,0,0
89,1,20,0,0,0,0,0,0,1,0
848,0,38,10,0,0,1,0,0,1,0
2093,2,31,7,1,0,1,0,1,0,0
2058,0,29,7,0,1,1,0,1,0,0
753,3,32,4,0,0,0,0,0,1,0
498,0,37,6,0,0,0,0,0,1,1
1276,0,46,7,0,0,0,0,0,1,0
1325,0,59,3,0,0,0,0,0,1,0
11,0,23,3,0,0,1,0,0,1,1
396,0,25,1,0,1,1,0,1,0,0
284,2,32,1,0,0,1,0,0,1,0
1066,0,52,2,0,0,0,0,0,1,0
1191,0,26,13,0,0,1,0,0,1,0
1440,0,41,7,0,0,0,0,0,1,0
2017,2,31,8,2,1,1,0,1,0,0
1450,1,22,3,0,0,1,0,0,1,0
690,1,23,1,0,1,0,0,1,0,0
1754,0,67,0,0,0,0,0,0,1,0
2024,2,32,6,0,0,1,0,0,1,0
689,2,37,4,0,1,0,0,1,0,0
851,0,30,11,0,2,0,0,1,0,0
1498,1,38,8,0,0,0,0,0,1,0
159,0,62,8,0,0,0,0,0,1,0
895,0,57,27,0,0,0,0,0,0,0
1854,0,54,13,0,0,0,0,0,1,0
257,0,34,5,0,0,0,0,0,1,1
335,1,24,3,0,1,1,0,1,0,0
2029,0,30,8,2,0,0,0,1,0,0
1039,0,43,18,0,0,1,0,0,0,0
515,0,23,6,0,0,1,0,0,1,1
1348,1,32,10,0,2,1,0,1,0,0
1015,0,30,7,0,1,1,0,1,0,0
768,0,35,3,0,0,0,0,0,1,1
1882,1,58,7,0,0,1,0,0,1,0
761,0,53,8,0,0,1,0,0,1,0
1246,0,40,6,0,0,0,0,0,1,0
1203,1,30,19,0,0,1,0,0,0,0
1584,0,61,13,0,0,1,0,0,1,0
1123,1,75,2,0,0,0,0,0,1,0
521,0,25,7,0,1,1,0,1,0,0
22,1,21,0,0,0,0,0,0,1,0
356,1,63,2,0,0,0,0,0,1,0
1277,1,62,3,0,0,0,0,0,1,0
1312,3,31,5,0,1,0,0,1,0,0
1813,1,34,15,0,1,0,0,1,0,0
340,1,24,0,0,0,0,0,0,1,0
431,0,30,5,0,0,1,0,0,1,1
473,2,52,0,0,0,0,0,0,1,0
217,2,25,4,0,0,0,0,0,1,0
911,0,34,7,0,0,1,0,0,1,1
1227,0,27,6,2,0,1,0,1,0,0
1716,0,34,8,2,0,1,0,1,0,0
1011,2,30,5,0,0,1,0,0,1,0
957,0,56,4,0,0,0,0,0,1,0
93,2,44,0,0,0,0,0,0,1,0
1008,0,40,7,0,0,0,0,0,1,0
1070,0,25,21,0,1,1,0,1,0,0
1092,1,67,3,0,0,0,0,0,1,0
1705,2,41,9,0,0,0,0,0,1,0
1308,0,37,10,0,0,1,0,0,1,0
696,0,50,4,0,0,0,0,0,1,0
1934,2,32,8,0,0,1,0,0,1,0
996,3,31,5,0,0,0,0,0,1,0
1458,1,38,12,0,0,0,0,0,1,0
153,1,46,6,0,0,1,0,0,1,0
1099,2,39,2,0,0,1,0,0,1,0
1851,2,32,3,0,0,0,0,0,1,0
2097,1,23,5,0,2,1,0,1,0,0
789,1,23,5,1,0,1,0,1,0,0
580,0,32,1,0,0,0,0,0,1,1
1470,0,46,9,0,0,0,0,0,1,0
703,1,37,1,0,0,0,0,0,1,0
1212,0,34,16,0,0,1,0,0,0,0
1295,2,44,8,0,0,1,0,0,1,0
1827,0,25,8,0,3,1,0,1,0,0
1260,1,23,2,0,1,1,0,1,0,0
487,0,31,5,0,0,0,0,0,1,1
559,3,21,0,0,0,1,0,0,0,0
1141,1,26,9,0,0,1,0,0,1,0
1119,0,45,13,0,0,1,0,0,1,0
801,1,31,2,1,0,1,0,1,0,0
512,1,22,1,0,1,1,0,1,0,0
633,1,24,3,1,2,0,0,1,0,0
1596,0,34,10,1,0,1,0,1,0,0
1928,1,20,4,0,0,1,0,0,1,0
1664,2,75,1,0,0,0,0,0,1,0
1150,0,37,7,1,0,0,0,1,0,0
790,2,42,3,0,0,0,0,0,1,0
116,1,52,3,0,0,0,0,0,1,0
1497,0,35,8,0,1,0,0,1,0,0
740,0,47,7,0,0,1,0,0,1,0
1822,0,55,8,0,0,1,0,0,1,0
1081,2,34,1,0,0,1,0,0,1,0
830,3,31,2,0,0,1,0,0,1,0
119,1,22,4,0,0,1,0,0,1,0
656,2,38,0,0,0,0,0,0,1,0
2054,2,27,4,0,0,1,0,0,1,0
635,2,26,0,0,0,0,0,0,1,0
369,2,58,1,0,0,0,0,0,1,0
268,1,42,0,0,0,0,0,0,1,0
655,0,45,10,0,0,1,0,0,1,0
935,1,69,6,0,0,1,0,0,1,0
822,0,37,12,1,0,1,0,1,0,0
866,0,45,2,0,0,0,0,0,1,0
46,1,49,0,0,0,0,0,0,1,0
1373,0,27,2,1,0,1,0,1,0,0
1841,1,36,12,0,0,0,0,0,1,0
991,2,56,8,0,0,0,0,0,1,0
876,0,45,8,0,0,1,0,0,1,0
773,3,56,9,0,0,0,0,0,1,0
1219,0,60,9,0,0,0,0,0,1,0
1126,0,23,2,0,1,0,0,1,0,0
4,3,43,2,0,0,0,0,0,1,0
1003,2,31,16,0,0,1,0,0,0,0
1797,1,66,2,0,0,0,0,0,1,0
1857,0,33,9,0,0,1,0,0,1,1
263,1,62,0,0,0,0,0,0,1,0
1689,1,41,11,0,0,1,0,0,1,0
1976,2,28,8,0,0,1,0,0,1,0
443,1,27,6,0,0,1,0,0,1,0
1002,0,41,4,0,0,1,0,0,1,1
1077,0,53,1,0,0,0,0,0,1,0
837,2,59,0,0,0,0,0,0,1,0
1931,1,38,10,1,0,1,0,1,0,0
304,0,25,7,0,0,1,0,0,1,1
1365,0,28,10,0,1,1,0,1,0,0
1677,0,20,4,1,1,1,0,1,0,0
313,0,27,12,0,0,1,0,0,1,0
149,0,55,3,0,0,0,0,0,1,0
1148,2,35,2,0,0,0,0,0,1,0
1213,1,31,4,0,1,1,0,1,0,0
574,3,46,0,0,0,0,0,0,1,0
50,1,48,20,0,0,1,0,0,0,0
1672,0,26,9,1,2,1,0,1,0,0
726,2,23,4,0,0,0,0,0,1,0
833,0,34,15,0,0,0,0,0,1,0
1377,0,36,11,0,0,0,0,0,1,0
1115,1,41,12,0,0,1,0,0,1,0
1166,0,26,3,1,0,1,0,1,0,0
470,0,47,20,0,0,0,0,0,0,0
971,0,37,13,0,1,1,0,1,0,0
653,1,44,3,0,0,0,0,0,1,0
399,3,37,1,0,0,0,0,0,1,0
511,1,38,11,0,0,1,0,0,1,0
320,0,56,5,0,0,0,0,0,1,0
19,1,31,5,0,0,1,0,0,1,0
684,0,24,5,0,0,1,0,0,1,1
35,1,33,4,0,0,1,0,0,1,0
902,0,48,14,0,0,1,0,0,1,0
1918,0,56,28,0,0,0,0,0,0,0
827,1,55,13,0,0,1,0,0,1,0
1939,0,30,13,0,2,1,0,1,0,0
407,1,46,2,0,0,1,0,0,1,0
920,0,45,15,0,0,1,0,0,1,0
537,1,47,0,0,0,0,0,0,1,0
758,0,25,15,0,3,1,0,1,0,0
2053,3,59,20,0,0,1,0,0,1,0
1062,0,47,0,0,0,0,0,0,1,0
1199,1,50,10,0,0,0,0,0,1,0
245,3,25,0,0,0,0,0,0,0,0
1416,0,25,9,0,1,0,0,1,0,0
1127,1,55,33,0,0,1,0,1,0,0
784,1,52,2,0,0,0,0,0,1,0
1877,0,43,3,0,0,1,0,0,1,1
489,0,36,1,0,0,0,0,0,1,1
154,1,49,6,0,0,0,0,0,1,0
1662,1,30,4,3,0,1,0,1,0,0
961,0,58,3,0,0,0,0,0,1,0
853,0,36,5,2,0,0,0,1,0,0
1311,0,30,10,0,3,1,0,1,0,0
625,1,44,6,0,0,0,0,0,1,0
685,1,31,3,0,0,0,0,0,1,0
1681,1,28,4,1,1,1,0,1,0,0
569,0,24,5,0,1,1,0,1,0,0
565,0,67,4,0,0,1,0,0,1,0
17,0,25,3,0,0,0,0,0,1,1
127,1,29,10,0,1,1,0,1,0,0
1346,1,39,17,6,1,1,0,1,0,0
1279,1,25,9,0,2,0,0,1,0,0
2082,1,74,2,0,0,0,0,0,1,0
927,0,29,7,0,2,1,0,1,0,0
980,1,46,9,0,0,0,0,0,1,0
252,1,54,6,0,0,1,0,0,1,0
190,1,43,11,0,0,1,0,0,1,0
1139,1,36,1,0,0,1,0,0,1,0
992,0,44,11,0,1,1,0,1,0,0
699,1,29,11,0,0,1,0,0,1,0
1784,0,26,10,1,0,1,0,1,0,0
606,0,54,4,0,0,1,0,0,1,0
180,1,45,2,0,0,0,0,0,1,0
301,0,21,4,0,0,1,0,0,1,1
496,0,57,20,0,0,1,0,0,0,0
1828,1,32,5,0,1,1,0,1,0,0
1896,0,61,25,0,0,0,0,0,0,0
1789,0,27,6,1,0,1,0,1,0,0
1763,0,34,19,0,0,1,0,0,0,0
517,0,34,10,0,1,1,0,1,0,0
1396,0,19,3,2,1,1,0,1,0,0
1069,2,24,6,1,0,1,0,1,0,0
476,1,33,5,0,0,0,0,0,1,0
157,0,32,5,0,0,0,0,0,1,1
1243,1,60,18,0,0,1,0,0,1,0
1195,0,56,9,0,0,0,0,0,1,0
16,2,37,0,0,0,0,0,0,1,0
1535,0,23,4,1,0,0,0,1,0,0
1072,0,36,19,0,0,1,0,0,0,0
2084,2,47,3,0,0,1,0,0,1,0
546,2,83,0,0,0,0,0,1,1,0
1539,2,37,4,0,0,1,0,0,1,0
658,2,44,2,0,0,0,0,0,1,0
1747,0,41,6,2,0,1,0,1,0,0
1019,0,25,4,2,0,1,0,1,0,0
1790,3,56,6,0,0,1,0,0,1,0
1504,2,53,18,0,0,0,0,0,1,0
959,1,29,10,0,0,1,0,0,1,0
2031,0,28,5,1,2,1,0,1,0,0
283,0,47,3,0,0,0,0,0,1,0
797,0,52,15,0,0,1,0,0,1,0
2035,0,52,23,0,0,1,0,0,0,0
225,3,37,0,0,0,0,0,0,1,0
26,0,27,8,0,0,1,0,0,1,1
437,2,20,0,0,0,1,0,0,1,0
2072,0,29,15,0,0,1,0,0,1,0
1388,1,24,8,0,0,0,0,0,1,0
229,0,22,3,0,0,1,0,0,1,1
37,0,34,21,2,1,1,0,1,0,0
1693,1,21,2,1,0,0,0,1,0,0
749,1,51,5,0,0,0,0,0,1,0
1045,2,46,0,0,0,0,0,0,1,0
1398,0,44,7,0,0,0,0,0,1,0
469,0,31,23,0,0,1,0,0,0,0
1824,0,30,13,0,0,1,0,0,1,0
2081,0,56,31,0,0,1,0,1,0,0
687,1,41,17,0,0,1,0,0,0,0
1990,0,63,22,0,0,1,0,0,0,0
639,0,25,5,0,0,1,0,0,1,1
1218,0,46,12,0,0,0,0,0,1,0
1158,0,29,13,0,0,1,0,0,1,0
1415,1,56,3,0,0,0,0,0,1,0
1527,0,31,15,3,0,1,0,1,0,0
1782,0,53,3,0,0,1,0,0,1,0
1300,0,51,10,1,0,0,0,1,0,0
1967,0,23,8,0,1,1,0,1,0,0
800,3,51,2,0,0,0,0,0,1,0
1603,3,26,4,0,0,1,0,0,1,0
160,1,37,6,0,0,0,0,0,1,0
1704,1,35,16,0,1,1,0,1,0,0
956,2,53,9,0,0,1,0,0,1,0
1743,1,37,8,0,0,1,0,0,1,0
1186,1,23,4,0,0,1,0,0,1,0
821,2,27,2,0,0,0,0,0,1,0
1729,0,40,11,0,0,1,0,0,1,0
1812,0,29,4,0,1,1,0,1,0,0
877,3,48,1,0,0,0,0,0,1,0
913,0,51,1,0,0,0,0,0,1,0
152,1,48,2,0,0,0,0,0,1,0
1983,0,34,13,3,1,1,0,1,0,0
1916,3,55,5,0,0,1,0,0,1,0
509,1,41,2,0,0,0,0,0,1,0
1135,0,26,20,0,2,1,0,1,0,0
1250,3,38,1,0,0,0,0,0,1,0
1972,0,39,8,0,0,0,0,0,1,0
103,1,38,5,0,0,1,0,0,1,0
1445,0,65,11,0,0,0,0,0,1,0
1443,0,38,11,0,0,0,0,0,1,0
1873,2,20,2,0,2,1,0,1,0,0
586,2,27,1,0,0,0,0,0,1,0
1908,0,34,9,3,1,1,0,1,0,0
1696,3,34,2,0,0,0,0,0,1,0
1143,0,21,4,0,3,1,0,1,0,0
53,0,24,2,0,0,1,0,0,1,1
151,1,30,3,0,0,1,0,0,1,0
403,1,24,9,0,0,1,0,0,1,0
1154,0,50,5,0,0,0,0,0,1,0
207,0,27,11,0,0,1,0,0,1,0
2044,0,24,12,0,3,0,0,1,0,0
1682,2,26,2,0,0,0,0,0,1,0
1122,1,74,0,0,0,0,0,0,1,0
1887,3,33,2,0,0,1,0,0,1,0
8,1,39,0,0,0,0,0,0,1,0
1014,0,58,38,0,0,1,0,1,0,0
1938,2,32,7,0,0,0,0,0,0,0
1060,1,35,6,0,0,1,0,0,1,0
452,1,23,3,0,0,0,0,0,1,0
1675,1,22,3,0,2,1,0,1,0,0
253,1,46,3,0,0,0,0,0,1,0
1327,0,24,9,1,0,1,0,1,0,0
896,0,38,6,0,0,1,0,0,1,1
1868,0,38,17,0,0,1,0,0,0,0
880,0,31,8,0,0,1,0,0,1,1
1595,0,65,0,0,0,0,0,0,1,0
2038,1,58,12,0,0,1,0,0,1,0
623,2,21,1,0,0,1,0,0,1,0
345,0,38,5,0,0,0,0,0,1,1
1787,0,28,12,0,8,1,-1,1,0,0
262,0,23,4,0,0,1,0,0,1,1
1634,2,54,5,0,0,0,0,0,1,0
1321,3,24,3,0,0,1,0,0,0,0
1438,1,72,7,0,0,0,0,0,1,0
150,1,39,1,1,0,0,0,1,0,0
472,0,65,2,0,0,1,0,0,1,0
1802,0,28,18,0,1,1,0,1,0,0
640,0,42,13,1,0,1,0,1,0,0
871,0,57,12,0,0,0,0,0,1,0
2032,0,23,3,0,2,1,0,1,0,0
550,0,30,17,0,0,1,0,0,0,0
1919,0,36,17,0,2,1,0,1,0,0
928,0,30,5,1,0,1,0,1,0,0
488,0,36,4,0,1,0,0,1,0,0
1734,1,39,17,0,0,1,0,0,0,0
2057,0,23,10,0,0,1,0,0,1,1
1171,0,48,7,0,0,1,0,0,1,0
146,2,29,1,0,0,0,0,0,1,0
1837,1,29,12,0,0,1,0,0,1,0
1369,0,43,7,0,0,0,0,0,1,0
402,0,42,14,0,0,1,0,0,1,0
954,0,26,8,2,1,1,0,1,0,0
2026,3,27,2,0,0,1,0,0,1,0
659,0,49,1,0,0,1,0,0,1,0
1794,0,28,1,1,0,1,0,1,0,0
1372,0,53,6,0,0,1,0,0,1,0
463,0,58,4,0,0,1,0,0,1,0
1349,0,58,10,0,0,1,0,0,1,0
186,0,35,23,0,1,1,0,1,0,0
1147,0,28,5,1,1,0,0,1,0,0
1224,3,24,2,0,1,1,0,1,0,0
608,0,52,6,0,0,1,0,0,1,0
143,1,26,0,0,0,0,0,0,1,0
751,0,63,1,0,0,0,0,0,1,0
1534,0,70,0,0,0,0,0,0,1,0
981,0,40,1,0,0,0,0,0,1,1
197,0,28,2,0,0,0,0,0,1,1
1633,0,28,13,0,0,1,0,0,1,0
883,0,37,8,0,0,1,0,0,1,0
279,2,51,1,0,0,0,0,0,1,0
293,0,26,0,0,0,0,0,0,1,1
1968,2,35,13,0,0,0,0,0,0,0
400,2,32,20,1,1,0,0,1,0,0
122,1,30,1,0,0,0,0,0,1,0
1207,1,22,2,1,0,0,0,1,0,0
202,3,36,1,0,0,1,0,0,1,0
1462,1,18,4,5,0,1,0,1,0,0
835,0,47,14,4,0,1,0,1,0,0
246,0,44,24,0,0,0,0,0,0,0
1439,3,26,1,0,0,0,0,0,1,0
1733,0,47,12,0,0,1,0,0,1,0
1890,2,21,4,1,0,1,0,1,0,0
729,2,47,1,0,0,0,0,0,1,0
1707,0,68,2,0,0,0,0,0,1,0
2030,0,48,11,0,0,1,0,0,1,0
1153,0,31,10,0,1,1,0,1,0,0
1661,1,43,6,0,0,1,0,0,1,0
1426,0,25,2,1,0,0,0,1,0,0
384,3,48,12,0,0,0,0,0,1,0
1897,1,32,15,0,1,1,0,1,0,0
1759,0,69,1,0,0,1,0,0,1,0
854,0,70,1,0,0,0,0,0,1,0
1589,0,56,12,0,0,1,0,0,1,0
219,0,26,4,0,1,0,0,1,0,0
641,0,59,2,0,0,0,0,0,1,0
1,0,34,0,0,0,1,0,0,1,1
112,3,30,1,0,0,0,0,0,1,0
1104,0,42,4,0,0,0,0,0,1,1
951,0,44,10,0,0,1,0,0,1,0
1648,3,24,4,0,0,0,0,0,1,0
1636,0,61,20,0,0,1,0,0,0,0
1885,1,26,9,1,0,1,0,1,0,0
1410,1,52,8,0,0,0,0,0,1,0
1409,2,55,2,0,0,0,0,0,1,0
1830,0,23,4,0,2,1,0,1,0,0
1533,0,29,8,0,1,1,0,1,0,0
1291,3,29,6,0,0,1,0,0,1,0
1952,1,50,16,1,0,1,0,1,0,0
441,0,22,11,0,0,1,0,0,1,0
1520,1,57,6,0,0,0,0,0,1,0
1853,2,36,26,0,1,1,0,1,0,0
1136,0,25,5,0,1,1,0,1,0,0
1715,2,68,0,0,0,0,0,0,1,0
1256,0,60,19,0,0,1,0,0,0,0
2011,1,54,11,0,0,1,0,0,1,0
1631,3,41,2,0,0,0,0,0,1,0
1695,0,33,16,0,2,1,0,1,0,0
1397,1,75,1,0,0,1,0,0,1,0
663,2,40,1,0,0,0,0,0,1,0
1982,0,54,12,0,0,1,0,0,1,0
1257,0,56,24,0,0,0,0,0,0,0
1842,0,30,8,6,0,1,0,1,0,0
1913,3,55,8,0,0,1,0,0,1,0
1700,1,36,11,0,0,1,0,0,1,0
317,0,36,14,0,0,1,0,0,1,0
648,0,36,2,0,0,0,0,0,1,1
1434,1,44,5,0,0,0,0,0,1,0
1479,2,23,7,0,3,1,0,1,0,0
709,1,30,2,0,0,1,0,0,1,0
1382,0,36,26,1,0,1,0,1,0,0
1282,3,31,3,0,0,1,0,0,1,0
1768,0,64,8,0,0,1,0,0,1,0
972,0,52,21,0,0,1,0,0,0,0
627,0,33,1,0,0,0,0,0,1,1
632,0,27,5,2,1,1,0,1,0,0
1306,2,30,2,0,0,1,0,0,1,0
1400,3,36,8,0,0,0,0,0,1,0
1408,0,42,5,0,0,0,0,0,1,0
1248,1,32,11,1,0,1,0,1,0,0
2073,0,22,8,0,1,1,0,1,0,0
1254,1,45,7,0,1,1,0,1,0,0
1496,1,26,2,1,0,0,0,1,0,0
1371,1,27,18,0,0,1,0,0,0,0
1529,1,41,3,0,0,0,0,0,1,0
1663,0,31,12,1,1,1,0,1,0,0
1354,0,38,19,0,0,1,0,0,0,0
1821,0,29,17,0,1,1,0,1,0,0
2062,0,57,28,0,0,1,0,0,0,0
2051,3,22,3,0,0,0,0,0,0,0
1643,1,25,3,0,0,0,0,0,1,0
1996,1,31,8,0,0,0,0,0,1,0
795,2,28,3,0,0,1,0,0,1,0
645,0,55,17,0,0,1,0,0,0,0
1012,0,33,11,0,0,1,0,0,1,0
1986,0,60,15,0,0,1,0,0,1,0
556,0,28,14,0,0,1,0,0,1,0
681,0,52,1,0,0,0,0,0,1,0
577,1,42,3,0,0,0,0,0,1,0
1819,0,38,22,1,2,1,0,1,0,0
1109,0,41,3,0,0,1,0,0,1,1
1266,0,34,8,3,0,0,0,1,0,0
1722,2,46,12,0,0,1,0,0,1,0
2016,0,62,0,0,0,0,0,0,1,0
1183,0,31,3,0,1,0,0,1,0,0
524,0,22,2,0,0,1,0,0,1,1
1059,0,50,7,1,0,0,0,1,0,0
540,1,21,2,0,2,1,0,1,0,0
1194,0,41,25,0,0,1,0,0,0,0
748,3,45,0,0,0,0,0,0,1,0
1999,2,25,6,0,0,1,0,0,1,0
1430,1,32,4,0,0,0,0,0,1,0
484,1,48,3,0,0,1,0,0,1,0
1757,0,51,15,0,0,1,0,0,1,0
1923,1,32,2,0,1,0,0,1,0,0
95,0,24,1,0,0,0,0,0,1,1
1020,1,22,5,0,0,1,0,0,1,0
563,0,52,9,1,0,1,0,1,0,0
1264,1,26,10,0,0,1,0,0,1,0
742,1,51,7,0,0,1,0,0,1,0
1598,3,47,0,0,0,0,0,0,1,0
1714,0,34,11,0,0,1,0,0,1,0
1484,0,24,8,0,0,1,0,0,1,1
891,0,44,9,0,0,0,0,0,1,0
1577,2,40,4,0,0,1,0,0,1,0
1881,0,54,22,0,0,1,0,0,0,0
1038,3,40,4,0,0,1,0,0,1,0
206,0,41,5,0,0,0,0,0,1,1
392,0,55,0,0,0,1,0,0,1,0
794,0,48,9,0,0,1,0,0,1,0
870,1,58,3,0,0,1,0,0,1,0
397,0,25,6,0,1,1,0,1,0,0
766,0,30,7,0,0,1,0,0,1,1
1988,0,23,3,0,1,1,0,1,0,0
1241,0,53,18,0,0,1,0,0,0,0
1028,0,46,4,0,0,0,0,0,1,0
1792,0,48,18,0,0,1,0,0,0,0
642,1,46,5,0,0,0,0,0,1,0
2063,0,36,14,1,2,1,0,1,0,0
1966,0,26,15,0,0,0,0,0,1,0
612,0,30,3,0,0,0,0,0,1,1
1762,0,37,12,3,0,0,0,1,0,0
1570,1,43,22,0,0,1,0,0,0,0
725,0,31,4,0,0,1,0,0,1,1
1895,1,56,6,0,0,0,0,0,1,0
683,0,34,14,0,0,0,0,0,1,0
98,1,30,0,0,0,0,0,0,1,0
804,1,24,3,0,0,1,0,0,1,0
1751,1,40,10,0,0,1,0,0,1,0
1597,0,24,15,0,0,1,0,0,1,0
406,2,43,2,0,0,1,0,0,1,0
502,1,60,9,0,0,1,0,0,1,0
1071,0,27,25,0,0,1,0,0,0,0
1056,2,52,9,0,0,1,0,0,1,0
929,2,37,3,0,0,1,0,0,1,0
779,0,23,1,1,0,0,0,1,0,0
1863,0,32,13,0,1,1,0,1,0,0
200,1,61,1,0,0,0,0,0,1,0
134,0,20,1,1,0,0,0,1,0,0
1051,1,60,3,0,0,0,0,0,1,0
40,0,51,2,0,0,0,0,0,1,0
1017,3,39,4,0,1,1,0,1,0,0
230,2,31,0,0,0,0,0,0,1,0
