,Data,DCSI,MinPts,Eps,N_clusters,labels,Noise
2,adult,0.0,4,0.1,20,[-1  0  1  2  3  4  5  6  7  8  9 10 11 12 13 14 15 16 17 18],0.942
3,adult,0.0,4,0.15,34,"[-1  0  1  2  3  4  5  6  7  8  9 10 11 12 13 14 15 16 17 18 19 20 21 22
 23 24 25 26 27 28 29 30 31 32]",0.8705
4,adult,0.0,4,0.2,40,"[-1  0  1  2  3  4  5  6  7  8  9 10 11 12 13 14 15 16 17 18 19 20 21 22
 23 24 25 26 27 28 29 30 31 32 33 34 35 36 37 38]",0.764
5,adult,0.0,4,0.25,32,"[-1  0  1  2  3  4  5  6  7  8  9 10 11 12 13 14 15 16 17 18 19 20 21 22
 23 24 25 26 27 28 29 30]",0.692
6,adult,0.0,4,0.3,36,"[-1  0  1  2  3  4  5  6  7  8  9 10 11 12 13 14 15 16 17 18 19 20 21 22
 23 24 25 26 27 28 29 30 31 32 33 34]",0.623
7,adult,0.0,4,0.35,41,"[-1  0  1  2  3  4  5  6  7  8  9 10 11 12 13 14 15 16 17 18 19 20 21 22
 23 24 25 26 27 28 29 30 31 32 33 34 35 36 37 38 39]",0.5425
8,adult,0.0,4,0.4,25,"[-1  0  1  2  3  4  5  6  7  8  9 10 11 12 13 14 15 16 17 18 19 20 21 22
 23]",0.449
9,adult,0.0,4,0.45,14,[-1  0  1  2  3  4  5  6  7  8  9 10 11 12],0.3455
10,adult,0.0,4,0.5,13,[-1  0  1  2  3  4  5  6  7  8  9 10 11],0.2845
11,adult,0.0,4,0.6,7,[-1  0  1  2  3  4  5],0.204
12,adult,0.0,4,0.7,7,[-1  0  1  2  3  4  5],0.1405
13,adult,0.0,4,0.8,4,[-1  0  1  2],0.102
14,adult,0.0,4,0.9,5,[-1  0  1  2  3],0.0655
15,adult,0.0,4,1.0,4,[-1  0  1  2],0.05
16,adult,0.0,4,1.1,2,[-1  0],0.0395
17,adult,0.0,4,1.2,2,[-1  0],0.0345
18,adult,0.0,4,1.5,2,[-1  0],0.014
19,adult,0.0,4,1.6,3,[-1  0  1],0.0095
20,adult,0.0,4,1.7,3,[-1  0  1],0.006
21,adult,0.0,4,1.8,3,[-1  0  1],0.0045
22,adult,0.0,4,2.0,3,[-1  0  1],0.0035
23,adult,0.9920356605285473,4,2.1,3,[-1  0  1],0.0015
24,adult,0.9866987158032703,4,2.2,3,[-1  0  1],0.001
25,adult,0.9866987158032703,4,2.3,3,[-1  0  1],0.0005
26,adult,0.9866987158032703,4,2.4,3,[-1  0  1],0.0005
27,adult,0.9866987158032703,4,2.5,3,[-1  0  1],0.0005
28,adult,0.9866987158032703,4,2.6,3,[-1  0  1],0.0005
29,adult,0.9866987158032703,4,2.8,3,[-1  0  1],0.0005
30,adult,0.9866987158032703,4,3.0,2,[0 1],0.0
31,adult,0.9866987158032703,4,3.25,2,[0 1],0.0
32,adult,0.9866987158032703,4,3.5,2,[0 1],0.0
33,adult,0.9866987158032703,4,3.75,2,[0 1],0.0
36,adult,0.0,5,0.1,10,[-1  0  1  2  3  4  5  6  7  8],0.9695
37,adult,0.0,5,0.15,22,[-1  0  1  2  3  4  5  6  7  8  9 10 11 12 13 14 15 16 17 18 19 20],0.907
38,adult,0.0,5,0.2,27,"[-1  0  1  2  3  4  5  6  7  8  9 10 11 12 13 14 15 16 17 18 19 20 21 22
 23 24 25]",0.8185
39,adult,0.0,5,0.25,22,[-1  0  1  2  3  4  5  6  7  8  9 10 11 12 13 14 15 16 17 18 19 20],0.7345
40,adult,0.0,5,0.3,22,[-1  0  1  2  3  4  5  6  7  8  9 10 11 12 13 14 15 16 17 18 19 20],0.6745
41,adult,0.0,5,0.35,22,[-1  0  1  2  3  4  5  6  7  8  9 10 11 12 13 14 15 16 17 18 19 20],0.611
42,adult,0.0,5,0.4,14,[-1  0  1  2  3  4  5  6  7  8  9 10 11 12],0.503
43,adult,0.0,5,0.45,11,[-1  0  1  2  3  4  5  6  7  8  9],0.3755
44,adult,0.0,5,0.5,12,[-1  0  1  2  3  4  5  6  7  8  9 10],0.31
45,adult,0.0,5,0.6,6,[-1  0  1  2  3  4],0.2265
46,adult,0.0,5,0.7,6,[-1  0  1  2  3  4],0.164
47,adult,0.0,5,0.8,4,[-1  0  1  2],0.116
48,adult,0.0,5,0.9,4,[-1  0  1  2],0.0735
49,adult,0.78216525488819,5,1.0,3,[-1  0  1],0.054
50,adult,0.0,5,1.1,2,[-1  0],0.041
51,adult,0.0,5,1.2,2,[-1  0],0.0355
52,adult,0.0,5,1.5,2,[-1  0],0.016
53,adult,0.0,5,1.6,2,[-1  0],0.0115
54,adult,0.0,5,1.7,2,[-1  0],0.0085
55,adult,0.0,5,1.8,2,[-1  0],0.007
56,adult,0.0,5,2.0,2,[-1  0],0.006
57,adult,0.0,5,2.1,2,[-1  0],0.005
58,adult,0.9920356605285473,5,2.2,3,[-1  0  1],0.0015
59,adult,0.9920356605285473,5,2.3,3,[-1  0  1],0.001
60,adult,0.9866987158032703,5,2.4,3,[-1  0  1],0.0005
61,adult,0.9866987158032703,5,2.5,3,[-1  0  1],0.0005
62,adult,0.9866987158032703,5,2.6,3,[-1  0  1],0.0005
63,adult,0.9866987158032703,5,2.8,3,[-1  0  1],0.0005
64,adult,0.9866987158032703,5,3.0,2,[0 1],0.0
65,adult,0.9866987158032703,5,3.25,2,[0 1],0.0
66,adult,0.9866987158032703,5,3.5,2,[0 1],0.0
67,adult,0.9866987158032703,5,3.75,2,[0 1],0.0
71,adult,0.0,10,0.15,2,[-1  0],0.99
72,adult,0.9602172344706427,10,0.2,5,[-1  0  1  2  3],0.9625
73,adult,0.8831292324556915,10,0.25,8,[-1  0  1  2  3  4  5  6],0.8935
74,adult,0.8982231693071908,10,0.3,10,[-1  0  1  2  3  4  5  6  7  8],0.8075
75,adult,0.8774530005549935,10,0.35,7,[-1  0  1  2  3  4  5],0.7525
76,adult,0.8565715531179436,10,0.4,9,[-1  0  1  2  3  4  5  6  7],0.654
77,adult,0.0,10,0.45,5,[-1  0  1  2  3],0.509
78,adult,0.0,10,0.5,2,[-1  0],0.422
79,adult,0.7912046616341943,10,0.6,5,[-1  0  1  2  3],0.313
80,adult,0.0,10,0.7,4,[-1  0  1  2],0.235
81,adult,0.0,10,0.8,2,[-1  0],0.187
82,adult,0.0,10,0.9,2,[-1  0],0.116
83,adult,0.0,10,1.0,2,[-1  0],0.0775
84,adult,0.0,10,1.1,2,[-1  0],0.0535
85,adult,0.0,10,1.2,2,[-1  0],0.0435
86,adult,0.0,10,1.5,2,[-1  0],0.02
87,adult,0.0,10,1.6,2,[-1  0],0.0145
88,adult,0.0,10,1.7,2,[-1  0],0.009
89,adult,0.0,10,1.8,2,[-1  0],0.0075
90,adult,0.0,10,2.0,2,[-1  0],0.006
91,adult,0.0,10,2.1,2,[-1  0],0.0055
92,adult,0.0,10,2.2,2,[-1  0],0.0055
93,adult,0.0,10,2.3,2,[-1  0],0.004
94,adult,0.0,10,2.4,2,[-1  0],0.004
95,adult,0.0,10,2.5,2,[-1  0],0.004
96,adult,0.0,10,2.6,2,[-1  0],0.004
97,adult,0.0,10,2.8,2,[-1  0],0.004
98,adult,0.0,10,3.0,2,[-1  0],0.0035
99,adult,0.0,10,3.25,2,[-1  0],0.0035
100,adult,0.0,10,3.5,2,[-1  0],0.0035
101,adult,0.0,10,3.75,2,[-1  0],0.0035
106,adult,0.0,15,0.2,2,[-1  0],0.99
107,adult,0.6279255274835888,15,0.25,3,[-1  0  1],0.968
108,adult,0.8828943791562771,15,0.3,4,[-1  0  1  2],0.9085
109,adult,0.7711663624115364,15,0.35,6,[-1  0  1  2  3  4],0.8405
110,adult,0.9101479715103734,15,0.4,4,[-1  0  1  2],0.744
111,adult,0.8193512381342366,15,0.45,6,[-1  0  1  2  3  4],0.609
112,adult,0.0,15,0.5,5,[-1  0  1  2  3],0.499
113,adult,0.5096626225991613,15,0.6,3,[-1  0  1],0.368
114,adult,0.4755961900973112,15,0.7,3,[-1  0  1],0.2965
115,adult,0.49305288470648273,15,0.8,3,[-1  0  1],0.2235
116,adult,0.0,15,0.9,2,[-1  0],0.1485
117,adult,0.0,15,1.0,2,[-1  0],0.095
118,adult,0.0,15,1.1,2,[-1  0],0.077
119,adult,0.0,15,1.2,2,[-1  0],0.0545
120,adult,0.0,15,1.5,2,[-1  0],0.023
121,adult,0.0,15,1.6,2,[-1  0],0.017
122,adult,0.0,15,1.7,2,[-1  0],0.0095
123,adult,0.0,15,1.8,2,[-1  0],0.0085
124,adult,0.0,15,2.0,2,[-1  0],0.0065
125,adult,0.0,15,2.1,2,[-1  0],0.0055
126,adult,0.0,15,2.2,2,[-1  0],0.0055
127,adult,0.0,15,2.3,2,[-1  0],0.004
128,adult,0.0,15,2.4,2,[-1  0],0.004
129,adult,0.0,15,2.5,2,[-1  0],0.004
130,adult,0.0,15,2.6,2,[-1  0],0.004
131,adult,0.0,15,2.8,2,[-1  0],0.004
132,adult,0.0,15,3.0,2,[-1  0],0.0035
133,adult,0.0,15,3.25,2,[-1  0],0.0035
134,adult,0.0,15,3.5,2,[-1  0],0.0035
135,adult,0.0,15,3.75,2,[-1  0],0.0035
139,adult,0.0,9,0.15,2,[-1  0],0.989
140,adult,0.9050623282368943,9,0.2,7,[-1  0  1  2  3  4  5],0.9465
141,adult,0.9146372953788483,9,0.25,10,[-1  0  1  2  3  4  5  6  7  8],0.8615
142,adult,0.8955951395909063,9,0.3,9,[-1  0  1  2  3  4  5  6  7],0.7895
143,adult,0.9001088784890273,9,0.35,6,[-1  0  1  2  3  4],0.746
144,adult,0.8540831106418106,9,0.4,9,[-1  0  1  2  3  4  5  6  7],0.64
145,adult,0.48792323929143944,9,0.45,3,[-1  0  1],0.4855
146,adult,0.802146485919601,9,0.5,5,[-1  0  1  2  3],0.4035
147,adult,0.7104317812925395,9,0.6,5,[-1  0  1  2  3],0.2985
148,adult,0.5728814394558288,9,0.7,4,[-1  0  1  2],0.223
149,adult,0.30312331864475844,9,0.8,3,[-1  0  1],0.1675
150,adult,0.0,9,0.9,2,[-1  0],0.107
151,adult,0.0,9,1.0,2,[-1  0],0.0755
152,adult,0.0,9,1.1,2,[-1  0],0.053
153,adult,0.0,9,1.2,2,[-1  0],0.039
154,adult,0.0,9,1.5,2,[-1  0],0.0195
155,adult,0.0,9,1.6,2,[-1  0],0.014
156,adult,0.0,9,1.7,2,[-1  0],0.009
157,adult,0.0,9,1.8,2,[-1  0],0.007
158,adult,0.0,9,2.0,2,[-1  0],0.006
159,adult,0.0,9,2.1,2,[-1  0],0.0055
160,adult,0.0,9,2.2,2,[-1  0],0.0045
161,adult,0.0,9,2.3,2,[-1  0],0.004
162,adult,0.0,9,2.4,2,[-1  0],0.004
163,adult,0.0,9,2.5,2,[-1  0],0.004
164,adult,0.0,9,2.6,2,[-1  0],0.004
165,adult,0.0,9,2.8,2,[-1  0],0.004
166,adult,0.0,9,3.0,2,[-1  0],0.0035
167,adult,0.0,9,3.25,2,[-1  0],0.0035
168,adult,0.0,9,3.5,2,[-1  0],0.0035
169,adult,0.0,9,3.75,2,[-1  0],0.0035
172,adult4,0.0,4,0.1,22,[-1  0  1  2  3  4  5  6  7  8  9 10 11 12 13 14 15 16 17 18 19 20],0.948
173,adult4,0.0,4,0.15,33,"[-1  0  1  2  3  4  5  6  7  8  9 10 11 12 13 14 15 16 17 18 19 20 21 22
 23 24 25 26 27 28 29 30 31]",0.873
174,adult4,0.0,4,0.2,36,"[-1  0  1  2  3  4  5  6  7  8  9 10 11 12 13 14 15 16 17 18 19 20 21 22
 23 24 25 26 27 28 29 30 31 32 33 34]",0.7745
175,adult4,0.0,4,0.25,36,"[-1  0  1  2  3  4  5  6  7  8  9 10 11 12 13 14 15 16 17 18 19 20 21 22
 23 24 25 26 27 28 29 30 31 32 33 34]",0.6905
176,adult4,0.0,4,0.3,41,"[-1  0  1  2  3  4  5  6  7  8  9 10 11 12 13 14 15 16 17 18 19 20 21 22
 23 24 25 26 27 28 29 30 31 32 33 34 35 36 37 38 39]",0.607
177,adult4,0.0,4,0.35,41,"[-1  0  1  2  3  4  5  6  7  8  9 10 11 12 13 14 15 16 17 18 19 20 21 22
 23 24 25 26 27 28 29 30 31 32 33 34 35 36 37 38 39]",0.544
178,adult4,0.0,4,0.4,30,"[-1  0  1  2  3  4  5  6  7  8  9 10 11 12 13 14 15 16 17 18 19 20 21 22
 23 24 25 26 27 28]",0.4495
179,adult4,0.0,4,0.45,20,[-1  0  1  2  3  4  5  6  7  8  9 10 11 12 13 14 15 16 17 18],0.332
180,adult4,0.0,4,0.5,14,[-1  0  1  2  3  4  5  6  7  8  9 10 11 12],0.2835
181,adult4,0.0,4,0.6,13,[-1  0  1  2  3  4  5  6  7  8  9 10 11],0.19
182,adult4,0.0,4,0.7,5,[-1  0  1  2  3],0.148
183,adult4,0.0,4,0.8,6,[-1  0  1  2  3  4],0.1095
184,adult4,0.0,4,0.9,2,[-1  0],0.0755
185,adult4,0.0,4,1.0,5,[-1  0  1  2  3],0.0555
186,adult4,0.0,4,1.1,5,[-1  0  1  2  3],0.0385
187,adult4,0.0,4,1.2,4,[-1  0  1  2],0.0285
188,adult4,0.0,4,1.5,2,[-1  0],0.015
189,adult4,0.0,4,1.6,2,[-1  0],0.0115
190,adult4,0.0,4,1.7,2,[-1  0],0.0085
191,adult4,0.0,4,1.8,2,[-1  0],0.0065
192,adult4,0.0,4,2.0,2,[-1  0],0.006
193,adult4,0.0,4,2.1,2,[-1  0],0.005
194,adult4,0.0,4,2.2,2,[-1  0],0.0045
195,adult4,0.0,4,2.3,2,[-1  0],0.004
196,adult4,0.0,4,2.4,2,[-1  0],0.0035
197,adult4,0.0,4,2.5,2,[-1  0],0.003
198,adult4,0.0,4,2.6,2,[-1  0],0.0025
199,adult4,0.0,4,2.8,3,[-1  0  1],0.0005
200,adult4,0.0,4,3.0,3,[-1  0  1],0.0005
201,adult4,0.0,4,3.25,2,[0 1],0.0
202,adult4,0.0,4,3.5,2,[0 1],0.0
203,adult4,0.0,4,3.75,2,[0 1],0.0
206,adult4,0.0,5,0.1,8,[-1  0  1  2  3  4  5  6],0.98
207,adult4,0.0,5,0.15,27,"[-1  0  1  2  3  4  5  6  7  8  9 10 11 12 13 14 15 16 17 18 19 20 21 22
 23 24 25]",0.903
208,adult4,0.0,5,0.2,28,"[-1  0  1  2  3  4  5  6  7  8  9 10 11 12 13 14 15 16 17 18 19 20 21 22
 23 24 25 26]",0.8155
209,adult4,0.0,5,0.25,22,[-1  0  1  2  3  4  5  6  7  8  9 10 11 12 13 14 15 16 17 18 19 20],0.7445
210,adult4,0.0,5,0.3,27,"[-1  0  1  2  3  4  5  6  7  8  9 10 11 12 13 14 15 16 17 18 19 20 21 22
 23 24 25]",0.6595
211,adult4,0.0,5,0.35,28,"[-1  0  1  2  3  4  5  6  7  8  9 10 11 12 13 14 15 16 17 18 19 20 21 22
 23 24 25 26]",0.6055
212,adult4,0.0,5,0.4,16,[-1  0  1  2  3  4  5  6  7  8  9 10 11 12 13 14],0.501
213,adult4,0.0,5,0.45,12,[-1  0  1  2  3  4  5  6  7  8  9 10],0.379
214,adult4,0.0,5,0.5,12,[-1  0  1  2  3  4  5  6  7  8  9 10],0.308
215,adult4,0.0,5,0.6,8,[-1  0  1  2  3  4  5  6],0.2175
216,adult4,0.38834520474065815,5,0.7,3,[-1  0  1],0.163
217,adult4,0.0,5,0.8,4,[-1  0  1  2],0.1225
218,adult4,0.0,5,0.9,2,[-1  0],0.084
219,adult4,0.0,5,1.0,2,[-1  0],0.064
220,adult4,0.8609154581163808,5,1.1,3,[-1  0  1],0.045
221,adult4,0.8535275515534761,5,1.2,3,[-1  0  1],0.0355
222,adult4,0.0,5,1.5,2,[-1  0],0.0155
223,adult4,0.0,5,1.6,2,[-1  0],0.0125
224,adult4,0.0,5,1.7,2,[-1  0],0.0095
225,adult4,0.0,5,1.8,2,[-1  0],0.007
226,adult4,0.0,5,2.0,2,[-1  0],0.006
227,adult4,0.0,5,2.1,2,[-1  0],0.005
228,adult4,0.0,5,2.2,2,[-1  0],0.0045
229,adult4,0.0,5,2.3,2,[-1  0],0.004
230,adult4,0.0,5,2.4,2,[-1  0],0.0035
231,adult4,0.0,5,2.5,2,[-1  0],0.0035
232,adult4,0.0,5,2.6,2,[-1  0],0.003
233,adult4,0.0,5,2.8,2,[-1  0],0.0025
234,adult4,0.0,5,3.0,2,[-1  0],0.0025
235,adult4,0.0,5,3.25,2,[-1  0],0.002
236,adult4,0.0,5,3.5,2,[-1  0],0.002
237,adult4,0.0,5,3.75,2,[-1  0],0.002
242,adult4,0.8074426767307543,10,0.2,5,[-1  0  1  2  3],0.972
243,adult4,0.8816598102194722,10,0.25,9,[-1  0  1  2  3  4  5  6  7],0.8935
244,adult4,0.8436872206069207,10,0.3,7,[-1  0  1  2  3  4  5],0.819
245,adult4,0.8155846645844511,10,0.35,7,[-1  0  1  2  3  4  5],0.7455
246,adult4,0.8534667660945202,10,0.4,7,[-1  0  1  2  3  4  5],0.6535
247,adult4,0.5579322268765909,10,0.45,3,[-1  0  1],0.519
248,adult4,0.7775101469392198,10,0.5,5,[-1  0  1  2  3],0.427
249,adult4,0.3823547799712541,10,0.6,3,[-1  0  1],0.308
250,adult4,0.35323164739824986,10,0.7,3,[-1  0  1],0.2355
251,adult4,0.0,10,0.8,2,[-1  0],0.176
252,adult4,0.0,10,0.9,2,[-1  0],0.119
253,adult4,0.4926186888579503,10,1.0,3,[-1  0  1],0.082
254,adult4,0.0,10,1.1,2,[-1  0],0.0675
255,adult4,0.0,10,1.2,2,[-1  0],0.0525
256,adult4,0.0,10,1.5,2,[-1  0],0.0205
257,adult4,0.0,10,1.6,2,[-1  0],0.0165
258,adult4,0.0,10,1.7,2,[-1  0],0.014
259,adult4,0.0,10,1.8,2,[-1  0],0.0095
260,adult4,0.0,10,2.0,2,[-1  0],0.0065
261,adult4,0.0,10,2.1,2,[-1  0],0.005
262,adult4,0.0,10,2.2,2,[-1  0],0.0045
263,adult4,0.0,10,2.3,2,[-1  0],0.0045
264,adult4,0.0,10,2.4,2,[-1  0],0.004
265,adult4,0.0,10,2.5,2,[-1  0],0.004
266,adult4,0.0,10,2.6,2,[-1  0],0.003
267,adult4,0.0,10,2.8,2,[-1  0],0.003
268,adult4,0.0,10,3.0,2,[-1  0],0.003
269,adult4,0.0,10,3.25,2,[-1  0],0.002
270,adult4,0.0,10,3.5,2,[-1  0],0.002
271,adult4,0.0,10,3.75,2,[-1  0],0.002
277,adult4,0.6820921086925604,15,0.25,4,[-1  0  1  2],0.961
278,adult4,0.6176180800407944,15,0.3,4,[-1  0  1  2],0.922
279,adult4,0.8738489132618581,15,0.35,4,[-1  0  1  2],0.8585
280,adult4,0.7509759385069302,15,0.4,7,[-1  0  1  2  3  4  5],0.718
281,adult4,0.7131916578988946,15,0.45,4,[-1  0  1  2],0.6065
282,adult4,0.5225559729869639,15,0.5,3,[-1  0  1],0.508
283,adult4,0.0,15,0.6,2,[-1  0],0.3765
284,adult4,0.5142557305403411,15,0.7,3,[-1  0  1],0.2875
285,adult4,0.5294575641415645,15,0.8,3,[-1  0  1],0.217
286,adult4,0.0,15,0.9,2,[-1  0],0.153
287,adult4,0.5565827028622855,15,1.0,3,[-1  0  1],0.104
288,adult4,0.0,15,1.1,2,[-1  0],0.0805
289,adult4,0.0,15,1.2,2,[-1  0],0.0595
290,adult4,0.0,15,1.5,2,[-1  0],0.0325
291,adult4,0.0,15,1.6,2,[-1  0],0.0215
292,adult4,0.0,15,1.7,2,[-1  0],0.017
293,adult4,0.0,15,1.8,2,[-1  0],0.011
294,adult4,0.0,15,2.0,2,[-1  0],0.0075
295,adult4,0.0,15,2.1,2,[-1  0],0.0055
296,adult4,0.0,15,2.2,2,[-1  0],0.005
297,adult4,0.0,15,2.3,2,[-1  0],0.0045
298,adult4,0.0,15,2.4,2,[-1  0],0.004
299,adult4,0.0,15,2.5,2,[-1  0],0.004
300,adult4,0.0,15,2.6,2,[-1  0],0.003
301,adult4,0.0,15,2.8,2,[-1  0],0.003
302,adult4,0.0,15,3.0,2,[-1  0],0.003
303,adult4,0.0,15,3.25,2,[-1  0],0.002
304,adult4,0.0,15,3.5,2,[-1  0],0.002
305,adult4,0.0,15,3.75,2,[-1  0],0.002
309,adult4,0.9675933209146912,9,0.15,3,[-1  0  1],0.991
310,adult4,0.8877440290637144,9,0.2,9,[-1  0  1  2  3  4  5  6  7],0.945
311,adult4,0.8824332861497786,9,0.25,9,[-1  0  1  2  3  4  5  6  7],0.8795
312,adult4,0.8928733493369445,9,0.3,12,[-1  0  1  2  3  4  5  6  7  8  9 10],0.781
313,adult4,0.8491231537139565,9,0.35,8,[-1  0  1  2  3  4  5  6],0.726
314,adult4,0.8377528121543761,9,0.4,7,[-1  0  1  2  3  4  5],0.632
315,adult4,0.7906316131573645,9,0.45,5,[-1  0  1  2  3],0.4925
316,adult4,0.6278311324638547,9,0.5,4,[-1  0  1  2],0.408
317,adult4,0.7155008698666598,9,0.6,5,[-1  0  1  2  3],0.292
318,adult4,0.0,9,0.7,2,[-1  0],0.2295
319,adult4,0.0,9,0.8,2,[-1  0],0.1685
320,adult4,0.0,9,0.9,2,[-1  0],0.114
321,adult4,0.0,9,1.0,2,[-1  0],0.078
322,adult4,0.0,9,1.1,2,[-1  0],0.0615
323,adult4,0.0,9,1.2,2,[-1  0],0.051
324,adult4,0.0,9,1.5,2,[-1  0],0.0205
325,adult4,0.0,9,1.6,2,[-1  0],0.016
326,adult4,0.0,9,1.7,2,[-1  0],0.011
327,adult4,0.0,9,1.8,2,[-1  0],0.009
328,adult4,0.0,9,2.0,2,[-1  0],0.0065
329,adult4,0.0,9,2.1,2,[-1  0],0.005
330,adult4,0.0,9,2.2,2,[-1  0],0.0045
331,adult4,0.0,9,2.3,2,[-1  0],0.0045
332,adult4,0.0,9,2.4,2,[-1  0],0.004
333,adult4,0.0,9,2.5,2,[-1  0],0.0035
334,adult4,0.0,9,2.6,2,[-1  0],0.003
335,adult4,0.0,9,2.8,2,[-1  0],0.003
336,adult4,0.0,9,3.0,2,[-1  0],0.0025
337,adult4,0.0,9,3.25,2,[-1  0],0.002
338,adult4,0.0,9,3.5,2,[-1  0],0.002
339,adult4,0.0,9,3.75,2,[-1  0],0.002
341,bank3,0.0,4,0.05,120,"[ -1   0   1   2   3   4   5   6   7   8   9  10  11  12  13  14  15  16
  17  18  19  20  21  22  23  24  25  26  27  28  29  30  31  32  33  34
  35  36  37  38  39  40  41  42  43  44  45  46  47  48  49  50  51  52
  53  54  55  56  57  58  59  60  61  62  63  64  65  66  67  68  69  70
  71  72  73  74  75  76  77  78  79  80  81  82  83  84  85  86  87  88
  89  90  91  92  93  94  95  96  97  98  99 100 101 102 103 104 105 106
 107 108 109 110 111 112 113 114 115 116 117 118]",0.8336
342,bank3,0.0,4,0.1,72,"[-1  0  1  2  3  4  5  6  7  8  9 10 11 12 13 14 15 16 17 18 19 20 21 22
 23 24 25 26 27 28 29 30 31 32 33 34 35 36 37 38 39 40 41 42 43 44 45 46
 47 48 49 50 51 52 53 54 55 56 57 58 59 60 61 62 63 64 65 66 67 68 69 70]",0.477
343,bank3,0.0,4,0.15,45,"[-1  0  1  2  3  4  5  6  7  8  9 10 11 12 13 14 15 16 17 18 19 20 21 22
 23 24 25 26 27 28 29 30 31 32 33 34 35 36 37 38 39 40 41 42 43]",0.2444
344,bank3,0.0,4,0.2,25,"[-1  0  1  2  3  4  5  6  7  8  9 10 11 12 13 14 15 16 17 18 19 20 21 22
 23]",0.1612
345,bank3,0.0,4,0.25,23,[-1  0  1  2  3  4  5  6  7  8  9 10 11 12 13 14 15 16 17 18 19 20 21],0.1104
346,bank3,0.0,4,0.3,15,[-1  0  1  2  3  4  5  6  7  8  9 10 11 12 13],0.0828
347,bank3,0.0,4,0.35,18,[-1  0  1  2  3  4  5  6  7  8  9 10 11 12 13 14 15 16],0.0558
348,bank3,0.0,4,0.4,7,[-1  0  1  2  3  4  5],0.0424
349,bank3,0.0,4,0.45,7,[-1  0  1  2  3  4  5],0.0354
350,bank3,0.0,4,0.5,7,[-1  0  1  2  3  4  5],0.029
351,bank3,0.0,4,0.6,6,[-1  0  1  2  3  4],0.02
352,bank3,0.0,4,0.7,3,[-1  0  1],0.0142
353,bank3,0.9265945129072007,4,0.8,3,[-1  0  1],0.012
354,bank3,0.0,4,0.9,3,[-1  0  1],0.0092
355,bank3,0.0,4,1.0,4,[-1  0  1  2],0.0058
356,bank3,0.0,4,1.1,3,[-1  0  1],0.0042
357,bank3,0.0,4,1.2,3,[-1  0  1],0.0042
358,bank3,0.9856422394930905,4,1.5,3,[-1  0  1],0.002
359,bank3,0.9649883298344177,4,1.6,3,[-1  0  1],0.0018
360,bank3,0.0,4,1.7,2,[-1  0],0.0018
361,bank3,0.0,4,1.8,2,[-1  0],0.0018
362,bank3,0.0,4,2.0,2,[-1  0],0.0012
363,bank3,0.0,4,2.1,2,[-1  0],0.0008
364,bank3,0.0,4,2.2,2,[-1  0],0.0008
365,bank3,0.0,4,2.3,2,[-1  0],0.0008
366,bank3,0.0,4,2.4,2,[-1  0],0.0008
367,bank3,0.0,4,2.5,2,[-1  0],0.0008
368,bank3,0.0,4,2.6,2,[-1  0],0.0008
369,bank3,0.0,4,2.8,2,[-1  0],0.0008
370,bank3,0.0,4,3.0,2,[-1  0],0.0008
371,bank3,0.0,4,3.25,2,[-1  0],0.0006
372,bank3,0.0,4,3.5,2,[-1  0],0.0006
373,bank3,0.0,4,3.75,2,[-1  0],0.0006
375,bank3,0.0,5,0.05,64,"[-1  0  1  2  3  4  5  6  7  8  9 10 11 12 13 14 15 16 17 18 19 20 21 22
 23 24 25 26 27 28 29 30 31 32 33 34 35 36 37 38 39 40 41 42 43 44 45 46
 47 48 49 50 51 52 53 54 55 56 57 58 59 60 61 62]",0.8958
376,bank3,0.0,5,0.1,47,"[-1  0  1  2  3  4  5  6  7  8  9 10 11 12 13 14 15 16 17 18 19 20 21 22
 23 24 25 26 27 28 29 30 31 32 33 34 35 36 37 38 39 40 41 42 43 44 45]",0.5372
377,bank3,0.0,5,0.15,25,"[-1  0  1  2  3  4  5  6  7  8  9 10 11 12 13 14 15 16 17 18 19 20 21 22
 23]",0.2796
378,bank3,0.0,5,0.2,20,[-1  0  1  2  3  4  5  6  7  8  9 10 11 12 13 14 15 16 17 18],0.182
379,bank3,0.0,5,0.25,13,[-1  0  1  2  3  4  5  6  7  8  9 10 11],0.1268
380,bank3,0.0,5,0.3,11,[-1  0  1  2  3  4  5  6  7  8  9],0.0952
381,bank3,0.0,5,0.35,12,[-1  0  1  2  3  4  5  6  7  8  9 10],0.0666
382,bank3,0.0,5,0.4,7,[-1  0  1  2  3  4  5],0.0484
383,bank3,0.0,5,0.45,6,[-1  0  1  2  3  4],0.0408
384,bank3,0.0,5,0.5,7,[-1  0  1  2  3  4  5],0.0332
385,bank3,0.0,5,0.6,3,[-1  0  1],0.0238
386,bank3,0.0,5,0.7,3,[-1  0  1],0.0158
387,bank3,0.9265945129072007,5,0.8,3,[-1  0  1],0.0124
388,bank3,0.0,5,0.9,3,[-1  0  1],0.01
389,bank3,0.9660257728734015,5,1.0,3,[-1  0  1],0.0076
390,bank3,0.0,5,1.1,3,[-1  0  1],0.0046
391,bank3,0.0,5,1.2,3,[-1  0  1],0.0042
392,bank3,0.9856422394930905,5,1.5,3,[-1  0  1],0.0024
393,bank3,0.9856422394930905,5,1.6,3,[-1  0  1],0.0024
394,bank3,0.9649883298344177,5,1.7,3,[-1  0  1],0.0022
395,bank3,0.0,5,1.8,2,[-1  0],0.0022
396,bank3,0.0,5,2.0,2,[-1  0],0.0014
397,bank3,0.0,5,2.1,2,[-1  0],0.0012
398,bank3,0.0,5,2.2,2,[-1  0],0.001
399,bank3,0.0,5,2.3,2,[-1  0],0.0008
400,bank3,0.0,5,2.4,2,[-1  0],0.0008
401,bank3,0.0,5,2.5,2,[-1  0],0.0008
402,bank3,0.0,5,2.6,2,[-1  0],0.0008
403,bank3,0.0,5,2.8,2,[-1  0],0.0008
404,bank3,0.0,5,3.0,2,[-1  0],0.0008
405,bank3,0.0,5,3.25,2,[-1  0],0.0006
406,bank3,0.0,5,3.5,2,[-1  0],0.0006
407,bank3,0.0,5,3.75,2,[-1  0],0.0006
409,bank3,0.9817126773085826,10,0.05,4,[-1  0  1  2],0.9922
410,bank3,0.9231303033011511,10,0.1,20,[-1  0  1  2  3  4  5  6  7  8  9 10 11 12 13 14 15 16 17 18],0.7484
411,bank3,0.0,10,0.15,11,[-1  0  1  2  3  4  5  6  7  8  9],0.3994
412,bank3,0.5727875281686652,10,0.2,3,[-1  0  1],0.2814
413,bank3,0.0,10,0.25,6,[-1  0  1  2  3  4],0.1932
414,bank3,0.0,10,0.3,5,[-1  0  1  2  3],0.1404
415,bank3,0.8178893756385561,10,0.35,4,[-1  0  1  2],0.1082
416,bank3,0.7257543385521048,10,0.4,5,[-1  0  1  2  3],0.0852
417,bank3,0.0,10,0.45,2,[-1  0],0.0668
418,bank3,0.5284899892854809,10,0.5,3,[-1  0  1],0.0514
419,bank3,0.0,10,0.6,2,[-1  0],0.0376
420,bank3,0.0,10,0.7,2,[-1  0],0.0286
421,bank3,0.0,10,0.8,2,[-1  0],0.0184
422,bank3,0.0,10,0.9,2,[-1  0],0.0152
423,bank3,0.0,10,1.0,2,[-1  0],0.012
424,bank3,0.0,10,1.1,2,[-1  0],0.0098
425,bank3,0.0,10,1.2,2,[-1  0],0.0088
426,bank3,0.0,10,1.5,2,[-1  0],0.0052
427,bank3,0.0,10,1.6,2,[-1  0],0.0042
428,bank3,0.0,10,1.7,2,[-1  0],0.004
429,bank3,0.0,10,1.8,2,[-1  0],0.0034
430,bank3,0.0,10,2.0,2,[-1  0],0.0028
431,bank3,0.0,10,2.1,2,[-1  0],0.0028
432,bank3,0.0,10,2.2,2,[-1  0],0.0016
433,bank3,0.0,10,2.3,2,[-1  0],0.0014
434,bank3,0.0,10,2.4,2,[-1  0],0.0012
435,bank3,0.0,10,2.5,2,[-1  0],0.0012
436,bank3,0.0,10,2.6,2,[-1  0],0.0012
437,bank3,0.0,10,2.8,2,[-1  0],0.001
438,bank3,0.0,10,3.0,2,[-1  0],0.001
439,bank3,0.0,10,3.25,2,[-1  0],0.0008
440,bank3,0.0,10,3.5,2,[-1  0],0.0008
441,bank3,0.0,10,3.75,2,[-1  0],0.0006
444,bank3,0.0,15,0.1,7,[-1  0  1  2  3  4  5],0.881
445,bank3,0.6712579918039326,15,0.15,5,[-1  0  1  2  3],0.4946
446,bank3,0.0,15,0.2,2,[-1  0],0.335
447,bank3,0.4893382801628103,15,0.25,3,[-1  0  1],0.235
448,bank3,0.0,15,0.3,2,[-1  0],0.1792
449,bank3,0.0,15,0.35,2,[-1  0],0.1388
450,bank3,0.6816319492937909,15,0.4,3,[-1  0  1],0.1078
451,bank3,0.0,15,0.45,2,[-1  0],0.0876
452,bank3,0.45852399881135913,15,0.5,3,[-1  0  1],0.0706
453,bank3,0.0,15,0.6,2,[-1  0],0.0462
454,bank3,0.0,15,0.7,2,[-1  0],0.0376
455,bank3,0.0,15,0.8,2,[-1  0],0.027
456,bank3,0.0,15,0.9,2,[-1  0],0.0188
457,bank3,0.0,15,1.0,2,[-1  0],0.0148
458,bank3,0.0,15,1.1,2,[-1  0],0.0126
459,bank3,0.0,15,1.2,2,[-1  0],0.0104
460,bank3,0.0,15,1.5,2,[-1  0],0.007
461,bank3,0.0,15,1.6,2,[-1  0],0.0058
462,bank3,0.0,15,1.7,2,[-1  0],0.0052
463,bank3,0.0,15,1.8,2,[-1  0],0.0048
464,bank3,0.0,15,2.0,2,[-1  0],0.0038
465,bank3,0.0,15,2.1,2,[-1  0],0.0034
466,bank3,0.0,15,2.2,2,[-1  0],0.0024
467,bank3,0.0,15,2.3,2,[-1  0],0.0016
468,bank3,0.0,15,2.4,2,[-1  0],0.0014
469,bank3,0.0,15,2.5,2,[-1  0],0.0012
470,bank3,0.0,15,2.6,2,[-1  0],0.0012
471,bank3,0.0,15,2.8,2,[-1  0],0.001
472,bank3,0.0,15,3.0,2,[-1  0],0.001
473,bank3,0.0,15,3.25,2,[-1  0],0.0008
474,bank3,0.0,15,3.5,2,[-1  0],0.0008
475,bank3,0.0,15,3.75,2,[-1  0],0.0008
477,bank3,0.0,5,0.05,64,"[-1  0  1  2  3  4  5  6  7  8  9 10 11 12 13 14 15 16 17 18 19 20 21 22
 23 24 25 26 27 28 29 30 31 32 33 34 35 36 37 38 39 40 41 42 43 44 45 46
 47 48 49 50 51 52 53 54 55 56 57 58 59 60 61 62]",0.8958
478,bank3,0.0,5,0.1,47,"[-1  0  1  2  3  4  5  6  7  8  9 10 11 12 13 14 15 16 17 18 19 20 21 22
 23 24 25 26 27 28 29 30 31 32 33 34 35 36 37 38 39 40 41 42 43 44 45]",0.5372
479,bank3,0.0,5,0.15,25,"[-1  0  1  2  3  4  5  6  7  8  9 10 11 12 13 14 15 16 17 18 19 20 21 22
 23]",0.2796
480,bank3,0.0,5,0.2,20,[-1  0  1  2  3  4  5  6  7  8  9 10 11 12 13 14 15 16 17 18],0.182
481,bank3,0.0,5,0.25,13,[-1  0  1  2  3  4  5  6  7  8  9 10 11],0.1268
482,bank3,0.0,5,0.3,11,[-1  0  1  2  3  4  5  6  7  8  9],0.0952
483,bank3,0.0,5,0.35,12,[-1  0  1  2  3  4  5  6  7  8  9 10],0.0666
484,bank3,0.0,5,0.4,7,[-1  0  1  2  3  4  5],0.0484
485,bank3,0.0,5,0.45,6,[-1  0  1  2  3  4],0.0408
486,bank3,0.0,5,0.5,7,[-1  0  1  2  3  4  5],0.0332
487,bank3,0.0,5,0.6,3,[-1  0  1],0.0238
488,bank3,0.0,5,0.7,3,[-1  0  1],0.0158
489,bank3,0.9265945129072007,5,0.8,3,[-1  0  1],0.0124
490,bank3,0.0,5,0.9,3,[-1  0  1],0.01
491,bank3,0.9660257728734015,5,1.0,3,[-1  0  1],0.0076
492,bank3,0.0,5,1.1,3,[-1  0  1],0.0046
493,bank3,0.0,5,1.2,3,[-1  0  1],0.0042
494,bank3,0.9856422394930905,5,1.5,3,[-1  0  1],0.0024
495,bank3,0.9856422394930905,5,1.6,3,[-1  0  1],0.0024
496,bank3,0.9649883298344177,5,1.7,3,[-1  0  1],0.0022
497,bank3,0.0,5,1.8,2,[-1  0],0.0022
498,bank3,0.0,5,2.0,2,[-1  0],0.0014
499,bank3,0.0,5,2.1,2,[-1  0],0.0012
500,bank3,0.0,5,2.2,2,[-1  0],0.001
501,bank3,0.0,5,2.3,2,[-1  0],0.0008
502,bank3,0.0,5,2.4,2,[-1  0],0.0008
503,bank3,0.0,5,2.5,2,[-1  0],0.0008
504,bank3,0.0,5,2.6,2,[-1  0],0.0008
505,bank3,0.0,5,2.8,2,[-1  0],0.0008
506,bank3,0.0,5,3.0,2,[-1  0],0.0008
507,bank3,0.0,5,3.25,2,[-1  0],0.0006
508,bank3,0.0,5,3.5,2,[-1  0],0.0006
509,bank3,0.0,5,3.75,2,[-1  0],0.0006
538,communities,0.0,4,2.6,2,[-1  0],0.9974924774322969
539,communities,0.0,4,2.8,6,[-1  0  1  2  3  4],0.9824473420260782
540,communities,0.0,4,3.0,13,[-1  0  1  2  3  4  5  6  7  8  9 10 11],0.9593781344032096
541,communities,0.0,4,3.25,24,[-1  0  1  2  3  4  5  6  7  8  9 10 11 12 13 14 15 16 17 18 19 20 21 22],0.8876629889669007
542,communities,0.0,4,3.5,22,[-1  0  1  2  3  4  5  6  7  8  9 10 11 12 13 14 15 16 17 18 19 20],0.7552657973921765
543,communities,0.0,4,3.75,17,[-1  0  1  2  3  4  5  6  7  8  9 10 11 12 13 14 15],0.6248746238716149
572,communities,0.0,5,2.6,2,[-1  0],0.9974924774322969
573,communities,0.0,5,2.8,4,[-1  0  1  2],0.9899699097291875
574,communities,0.0,5,3.0,5,[-1  0  1  2  3],0.9789368104312939
575,communities,0.0,5,3.25,12,[-1  0  1  2  3  4  5  6  7  8  9 10],0.9267803410230692
576,communities,0.0,5,3.5,10,[-1  0  1  2  3  4  5  6  7  8],0.8144433299899699
577,communities,0.0,5,3.75,11,[-1  0  1  2  3  4  5  6  7  8  9],0.6599799398194583
608,communities,0.0,10,3.0,2,[-1  0],0.9944834503510531
609,communities,0.6510929926648031,10,3.25,3,[-1  0  1],0.9799398194583752
610,communities,0.6444277484054228,10,3.5,7,[-1  0  1  2  3  4  5],0.9122367101303912
611,communities,0.0,10,3.75,7,[-1  0  1  2  3  4  5],0.7988966900702106
644,communities,0.6096265584922361,15,3.5,3,[-1  0  1],0.9653961885656971
645,communities,0.5691835657455531,15,3.75,5,[-1  0  1  2  3],0.8650952858575727
683,diabetes,0.0,4,0.15,6,[-1  0  1  2  3  4],0.995999199839968
684,diabetes,0.0,4,0.2,6,[-1  0  1  2  3  4],0.995999199839968
685,diabetes,0.0,4,0.25,18,[-1  0  1  2  3  4  5  6  7  8  9 10 11 12 13 14 15 16],0.9853970794158832
686,diabetes,0.0,4,0.3,50,"[-1  0  1  2  3  4  5  6  7  8  9 10 11 12 13 14 15 16 17 18 19 20 21 22
 23 24 25 26 27 28 29 30 31 32 33 34 35 36 37 38 39 40 41 42 43 44 45 46
 47 48]",0.95499099819964
687,diabetes,0.0,4,0.35,130,"[ -1   0   1   2   3   4   5   6   7   8   9  10  11  12  13  14  15  16
  17  18  19  20  21  22  23  24  25  26  27  28  29  30  31  32  33  34
  35  36  37  38  39  40  41  42  43  44  45  46  47  48  49  50  51  52
  53  54  55  56  57  58  59  60  61  62  63  64  65  66  67  68  69  70
  71  72  73  74  75  76  77  78  79  80  81  82  83  84  85  86  87  88
  89  90  91  92  93  94  95  96  97  98  99 100 101 102 103 104 105 106
 107 108 109 110 111 112 113 114 115 116 117 118 119 120 121 122 123 124
 125 126 127 128]",0.8457691538307661
688,diabetes,0.0,4,0.4,159,"[ -1   0   1   2   3   4   5   6   7   8   9  10  11  12  13  14  15  16
  17  18  19  20  21  22  23  24  25  26  27  28  29  30  31  32  33  34
  35  36  37  38  39  40  41  42  43  44  45  46  47  48  49  50  51  52
  53  54  55  56  57  58  59  60  61  62  63  64  65  66  67  68  69  70
  71  72  73  74  75  76  77  78  79  80  81  82  83  84  85  86  87  88
  89  90  91  92  93  94  95  96  97  98  99 100 101 102 103 104 105 106
 107 108 109 110 111 112 113 114 115 116 117 118 119 120 121 122 123 124
 125 126 127 128 129 130 131 132 133 134 135 136 137 138 139 140 141 142
 143 144 145 146 147 148 149 150 151 152 153 154 155 156 157]",0.7819563912782557
689,diabetes,0.0,4,0.45,176,"[ -1   0   1   2   3   4   5   6   7   8   9  10  11  12  13  14  15  16
  17  18  19  20  21  22  23  24  25  26  27  28  29  30  31  32  33  34
  35  36  37  38  39  40  41  42  43  44  45  46  47  48  49  50  51  52
  53  54  55  56  57  58  59  60  61  62  63  64  65  66  67  68  69  70
  71  72  73  74  75  76  77  78  79  80  81  82  83  84  85  86  87  88
  89  90  91  92  93  94  95  96  97  98  99 100 101 102 103 104 105 106
 107 108 109 110 111 112 113 114 115 116 117 118 119 120 121 122 123 124
 125 126 127 128 129 130 131 132 133 134 135 136 137 138 139 140 141 142
 143 144 145 146 147 148 149 150 151 152 153 154 155 156 157 158 159 160
 161 162 163 164 165 166 167 168 169 170 171 172 173 174]",0.6967393478695739
690,diabetes,0.0,4,0.5,176,"[ -1   0   1   2   3   4   5   6   7   8   9  10  11  12  13  14  15  16
  17  18  19  20  21  22  23  24  25  26  27  28  29  30  31  32  33  34
  35  36  37  38  39  40  41  42  43  44  45  46  47  48  49  50  51  52
  53  54  55  56  57  58  59  60  61  62  63  64  65  66  67  68  69  70
  71  72  73  74  75  76  77  78  79  80  81  82  83  84  85  86  87  88
  89  90  91  92  93  94  95  96  97  98  99 100 101 102 103 104 105 106
 107 108 109 110 111 112 113 114 115 116 117 118 119 120 121 122 123 124
 125 126 127 128 129 130 131 132 133 134 135 136 137 138 139 140 141 142
 143 144 145 146 147 148 149 150 151 152 153 154 155 156 157 158 159 160
 161 162 163 164 165 166 167 168 169 170 171 172 173 174]",0.6967393478695739
691,diabetes,0.0,4,0.6,73,"[-1  0  1  2  3  4  5  6  7  8  9 10 11 12 13 14 15 16 17 18 19 20 21 22
 23 24 25 26 27 28 29 30 31 32 33 34 35 36 37 38 39 40 41 42 43 44 45 46
 47 48 49 50 51 52 53 54 55 56 57 58 59 60 61 62 63 64 65 66 67 68 69 70
 71]",0.5111022204440888
692,diabetes,0.0,4,0.7,27,"[-1  0  1  2  3  4  5  6  7  8  9 10 11 12 13 14 15 16 17 18 19 20 21 22
 23 24 25]",0.27665533106621326
693,diabetes,0.0,4,0.8,22,[-1  0  1  2  3  4  5  6  7  8  9 10 11 12 13 14 15 16 17 18 19 20],0.22304460892178435
694,diabetes,0.0,4,0.9,15,[-1  0  1  2  3  4  5  6  7  8  9 10 11 12 13],0.14762952590518102
695,diabetes,0.0,4,1.0,5,[-1  0  1  2  3],0.10742148429685937
696,diabetes,0.0,4,1.1,5,[-1  0  1  2  3],0.07781556311262253
697,diabetes,0.0,4,1.2,3,[-1  0  1],0.0618123624724945
698,diabetes,0.0,4,1.5,3,[-1  0  1],0.024204840968193638
699,diabetes,0.0,4,1.6,3,[-1  0  1],0.01860372074414883
700,diabetes,0.0,4,1.7,6,[-1  0  1  2  3  4],0.013202640528105622
701,diabetes,0.0,4,1.8,6,[-1  0  1  2  3  4],0.009601920384076815
702,diabetes,0.0,4,2.0,4,[-1  0  1  2],0.006001200240048009
703,diabetes,0.0,4,2.1,4,[-1  0  1  2],0.0036007201440288058
704,diabetes,0.0,4,2.2,2,[-1  0],0.0034006801360272052
705,diabetes,0.0,4,2.3,2,[-1  0],0.0028005601120224045
706,diabetes,0.0,4,2.4,2,[-1  0],0.002400480096019204
707,diabetes,0.0,4,2.5,2,[-1  0],0.0022004400880176033
708,diabetes,0.0,4,2.6,2,[-1  0],0.002000400080016003
709,diabetes,0.0,4,2.8,2,[-1  0],0.0016003200640128026
710,diabetes,0.0,4,3.0,2,[-1  0],0.0014002800560112022
711,diabetes,0.0,4,3.25,2,[-1  0],0.0010002000400080016
712,diabetes,0.0,4,3.5,2,[-1  0],0.0008001600320064013
713,diabetes,0.0,4,3.75,2,[-1  0],0.000600120024004801
720,diabetes,0.0,5,0.3,10,[-1  0  1  2  3  4  5  6  7  8],0.9903980796159232
721,diabetes,0.0,5,0.35,60,"[-1  0  1  2  3  4  5  6  7  8  9 10 11 12 13 14 15 16 17 18 19 20 21 22
 23 24 25 26 27 28 29 30 31 32 33 34 35 36 37 38 39 40 41 42 43 44 45 46
 47 48 49 50 51 52 53 54 55 56 57 58]",0.9209841968393678
722,diabetes,0.0,5,0.4,92,"[-1  0  1  2  3  4  5  6  7  8  9 10 11 12 13 14 15 16 17 18 19 20 21 22
 23 24 25 26 27 28 29 30 31 32 33 34 35 36 37 38 39 40 41 42 43 44 45 46
 47 48 49 50 51 52 53 54 55 56 57 58 59 60 61 62 63 64 65 66 67 68 69 70
 71 72 73 74 75 76 77 78 79 80 81 82 83 84 85 86 87 88 89 90]",0.869373874774955
723,diabetes,0.0,5,0.45,122,"[ -1   0   1   2   3   4   5   6   7   8   9  10  11  12  13  14  15  16
  17  18  19  20  21  22  23  24  25  26  27  28  29  30  31  32  33  34
  35  36  37  38  39  40  41  42  43  44  45  46  47  48  49  50  51  52
  53  54  55  56  57  58  59  60  61  62  63  64  65  66  67  68  69  70
  71  72  73  74  75  76  77  78  79  80  81  82  83  84  85  86  87  88
  89  90  91  92  93  94  95  96  97  98  99 100 101 102 103 104 105 106
 107 108 109 110 111 112 113 114 115 116 117 118 119 120]",0.780756151230246
724,diabetes,0.0,5,0.5,122,"[ -1   0   1   2   3   4   5   6   7   8   9  10  11  12  13  14  15  16
  17  18  19  20  21  22  23  24  25  26  27  28  29  30  31  32  33  34
  35  36  37  38  39  40  41  42  43  44  45  46  47  48  49  50  51  52
  53  54  55  56  57  58  59  60  61  62  63  64  65  66  67  68  69  70
  71  72  73  74  75  76  77  78  79  80  81  82  83  84  85  86  87  88
  89  90  91  92  93  94  95  96  97  98  99 100 101 102 103 104 105 106
 107 108 109 110 111 112 113 114 115 116 117 118 119 120]",0.780756151230246
725,diabetes,0.0,5,0.6,52,"[-1  0  1  2  3  4  5  6  7  8  9 10 11 12 13 14 15 16 17 18 19 20 21 22
 23 24 25 26 27 28 29 30 31 32 33 34 35 36 37 38 39 40 41 42 43 44 45 46
 47 48 49 50]",0.581116223244649
726,diabetes,0.0,5,0.7,25,"[-1  0  1  2  3  4  5  6  7  8  9 10 11 12 13 14 15 16 17 18 19 20 21 22
 23]",0.3070614122824565
727,diabetes,0.0,5,0.8,11,[-1  0  1  2  3  4  5  6  7  8  9],0.2448489697939588
728,diabetes,0.0,5,0.9,4,[-1  0  1  2],0.16903380676135227
729,diabetes,0.0,5,1.0,2,[-1  0],0.11602320464092819
730,diabetes,0.0,5,1.1,3,[-1  0  1],0.08441688337667534
731,diabetes,0.0,5,1.2,4,[-1  0  1  2],0.06621324264852971
732,diabetes,0.0,5,1.5,3,[-1  0  1],0.028605721144228845
733,diabetes,0.0,5,1.6,3,[-1  0  1],0.022404480896179236
734,diabetes,0.0,5,1.7,2,[-1  0],0.01800360072014403
735,diabetes,0.0,5,1.8,3,[-1  0  1],0.013802760552110422
736,diabetes,0.0,5,2.0,3,[-1  0  1],0.007401480296059212
737,diabetes,0.0,5,2.1,4,[-1  0  1  2],0.004600920184036807
738,diabetes,0.0,5,2.2,3,[-1  0  1],0.0034006801360272052
739,diabetes,0.0,5,2.3,2,[-1  0],0.0028005601120224045
740,diabetes,0.0,5,2.4,2,[-1  0],0.002400480096019204
741,diabetes,0.0,5,2.5,2,[-1  0],0.0022004400880176033
742,diabetes,0.0,5,2.6,2,[-1  0],0.002000400080016003
743,diabetes,0.0,5,2.8,2,[-1  0],0.0016003200640128026
744,diabetes,0.0,5,3.0,2,[-1  0],0.0014002800560112022
745,diabetes,0.0,5,3.25,2,[-1  0],0.0010002000400080016
746,diabetes,0.0,5,3.5,2,[-1  0],0.0008001600320064013
747,diabetes,0.0,5,3.75,2,[-1  0],0.000600120024004801
757,diabetes,0.8801812069091122,10,0.45,5,[-1  0  1  2  3],0.9921984396879376
758,diabetes,0.8801812069091122,10,0.5,5,[-1  0  1  2  3],0.9921984396879376
759,diabetes,0.8078639304050264,10,0.6,21,[-1  0  1  2  3  4  5  6  7  8  9 10 11 12 13 14 15 16 17 18 19],0.8719743948789758
760,diabetes,0.7591400705244713,10,0.7,5,[-1  0  1  2  3],0.4472894578915783
761,diabetes,0.594764924338975,10,0.8,3,[-1  0  1],0.34406881376275256
762,diabetes,0.0,10,0.9,2,[-1  0],0.22064412882576515
763,diabetes,0.0,10,1.0,2,[-1  0],0.14942988597719545
764,diabetes,0.0,10,1.1,2,[-1  0],0.10802160432086418
765,diabetes,0.0,10,1.2,2,[-1  0],0.08401680336067213
766,diabetes,0.0,10,1.5,2,[-1  0],0.03580716143228646
767,diabetes,0.0,10,1.6,2,[-1  0],0.03080616123224645
768,diabetes,0.0,10,1.7,2,[-1  0],0.026805361072214443
769,diabetes,0.0,10,1.8,2,[-1  0],0.023604720944188837
770,diabetes,0.0,10,2.0,2,[-1  0],0.016203240648129627
771,diabetes,0.0,10,2.1,2,[-1  0],0.01280256051210242
772,diabetes,0.0,10,2.2,2,[-1  0],0.010002000400080016
773,diabetes,0.0,10,2.3,2,[-1  0],0.007601520304060812
774,diabetes,0.0,10,2.4,2,[-1  0],0.0054010802160432084
775,diabetes,0.0,10,2.5,2,[-1  0],0.004800960192038408
776,diabetes,0.0,10,2.6,2,[-1  0],0.003800760152030406
777,diabetes,0.0,10,2.8,2,[-1  0],0.0030006001200240046
778,diabetes,0.0,10,3.0,2,[-1  0],0.002000400080016003
779,diabetes,0.0,10,3.25,2,[-1  0],0.0014002800560112022
780,diabetes,0.0,10,3.5,2,[-1  0],0.0010002000400080016
781,diabetes,0.0,10,3.75,2,[-1  0],0.000600120024004801
793,diabetes,0.5273919534340312,15,0.6,3,[-1  0  1],0.993998799759952
794,diabetes,0.6806799556469196,15,0.7,6,[-1  0  1  2  3  4],0.5663132626525305
795,diabetes,0.5822491853064335,15,0.8,3,[-1  0  1],0.42288457691538306
796,diabetes,0.0,15,0.9,2,[-1  0],0.26585317063412683
797,diabetes,0.0,15,1.0,2,[-1  0],0.17623524704940988
798,diabetes,0.0,15,1.1,2,[-1  0],0.123624724944989
799,diabetes,0.0,15,1.2,2,[-1  0],0.09701940388077615
800,diabetes,0.0,15,1.5,2,[-1  0],0.04060812162432487
801,diabetes,0.0,15,1.6,2,[-1  0],0.03280656131226245
802,diabetes,0.0,15,1.7,2,[-1  0],0.029205841168233646
803,diabetes,0.0,15,1.8,2,[-1  0],0.02660532106421284
804,diabetes,0.0,15,2.0,2,[-1  0],0.01980396079215843
805,diabetes,0.0,15,2.1,2,[-1  0],0.017003400680136026
806,diabetes,0.0,15,2.2,2,[-1  0],0.011802360472094419
807,diabetes,0.0,15,2.3,2,[-1  0],0.010202040408081616
808,diabetes,0.0,15,2.4,2,[-1  0],0.008601720344068814
809,diabetes,0.0,15,2.5,2,[-1  0],0.007001400280056011
810,diabetes,0.0,15,2.6,2,[-1  0],0.00640128025605121
811,diabetes,0.0,15,2.8,2,[-1  0],0.004200840168033607
812,diabetes,0.0,15,3.0,2,[-1  0],0.003200640128025605
813,diabetes,0.0,15,3.25,2,[-1  0],0.0016003200640128026
814,diabetes,0.0,15,3.5,2,[-1  0],0.0014002800560112022
815,diabetes,0.0,15,3.75,2,[-1  0],0.0008001600320064013
827,diabetes,0.6946644280571989,13,0.6,7,[-1  0  1  2  3  4  5],0.9665933186637328
828,diabetes,0.6735937034952872,13,0.7,7,[-1  0  1  2  3  4  5],0.511502300460092
829,diabetes,0.6306708175119666,13,0.8,4,[-1  0  1  2],0.3892778555711142
830,diabetes,0.0,13,0.9,2,[-1  0],0.2524504900980196
831,diabetes,0.0,13,1.0,2,[-1  0],0.16523304660932187
832,diabetes,0.0,13,1.1,2,[-1  0],0.1182236447289458
833,diabetes,0.0,13,1.2,2,[-1  0],0.09321864372874575
834,diabetes,0.0,13,1.5,2,[-1  0],0.03980796159231846
835,diabetes,0.0,13,1.6,2,[-1  0],0.03220644128825765
836,diabetes,0.0,13,1.7,2,[-1  0],0.028605721144228845
837,diabetes,0.0,13,1.8,2,[-1  0],0.02520504100820164
838,diabetes,0.0,13,2.0,2,[-1  0],0.01880376075215043
839,diabetes,0.0,13,2.1,2,[-1  0],0.014802960592118424
840,diabetes,0.0,13,2.2,2,[-1  0],0.011202240448089618
841,diabetes,0.0,13,2.3,2,[-1  0],0.009801960392078415
842,diabetes,0.0,13,2.4,2,[-1  0],0.0072014402880576115
843,diabetes,0.0,13,2.5,2,[-1  0],0.00620124024804961
844,diabetes,0.0,13,2.6,2,[-1  0],0.004400880176035207
845,diabetes,0.0,13,2.8,2,[-1  0],0.004000800160032006
846,diabetes,0.0,13,3.0,2,[-1  0],0.002600520104020804
847,diabetes,0.0,13,3.25,2,[-1  0],0.0014002800560112022
848,diabetes,0.0,13,3.5,2,[-1  0],0.0014002800560112022
849,diabetes,0.0,13,3.75,2,[-1  0],0.000600120024004801
852,adult2,0.0,4,0.1,20,[-1  0  1  2  3  4  5  6  7  8  9 10 11 12 13 14 15 16 17 18],0.942
853,adult2,0.0,4,0.15,34,"[-1  0  1  2  3  4  5  6  7  8  9 10 11 12 13 14 15 16 17 18 19 20 21 22
 23 24 25 26 27 28 29 30 31 32]",0.8705
854,adult2,0.0,4,0.2,40,"[-1  0  1  2  3  4  5  6  7  8  9 10 11 12 13 14 15 16 17 18 19 20 21 22
 23 24 25 26 27 28 29 30 31 32 33 34 35 36 37 38]",0.764
855,adult2,0.0,4,0.25,32,"[-1  0  1  2  3  4  5  6  7  8  9 10 11 12 13 14 15 16 17 18 19 20 21 22
 23 24 25 26 27 28 29 30]",0.692
856,adult2,0.0,4,0.3,36,"[-1  0  1  2  3  4  5  6  7  8  9 10 11 12 13 14 15 16 17 18 19 20 21 22
 23 24 25 26 27 28 29 30 31 32 33 34]",0.623
857,adult2,0.0,4,0.35,41,"[-1  0  1  2  3  4  5  6  7  8  9 10 11 12 13 14 15 16 17 18 19 20 21 22
 23 24 25 26 27 28 29 30 31 32 33 34 35 36 37 38 39]",0.5425
858,adult2,0.0,4,0.4,25,"[-1  0  1  2  3  4  5  6  7  8  9 10 11 12 13 14 15 16 17 18 19 20 21 22
 23]",0.449
859,adult2,0.0,4,0.45,14,[-1  0  1  2  3  4  5  6  7  8  9 10 11 12],0.3455
860,adult2,0.0,4,0.5,13,[-1  0  1  2  3  4  5  6  7  8  9 10 11],0.2845
861,adult2,0.0,4,0.6,7,[-1  0  1  2  3  4  5],0.204
862,adult2,0.0,4,0.7,7,[-1  0  1  2  3  4  5],0.1405
863,adult2,0.0,4,0.8,4,[-1  0  1  2],0.102
864,adult2,0.0,4,0.9,5,[-1  0  1  2  3],0.0655
865,adult2,0.0,4,1.0,4,[-1  0  1  2],0.05
866,adult2,0.0,4,1.1,2,[-1  0],0.0395
867,adult2,0.0,4,1.2,2,[-1  0],0.0345
868,adult2,0.0,4,1.5,2,[-1  0],0.014
869,adult2,0.0,4,1.6,3,[-1  0  1],0.0095
870,adult2,0.0,4,1.7,3,[-1  0  1],0.006
871,adult2,0.0,4,1.8,3,[-1  0  1],0.0045
872,adult2,0.0,4,2.0,3,[-1  0  1],0.0035
873,adult2,0.9920356605285473,4,2.1,3,[-1  0  1],0.0015
874,adult2,0.9866987158032703,4,2.2,3,[-1  0  1],0.001
875,adult2,0.9866987158032703,4,2.3,3,[-1  0  1],0.0005
876,adult2,0.9866987158032703,4,2.4,3,[-1  0  1],0.0005
877,adult2,0.9866987158032703,4,2.5,3,[-1  0  1],0.0005
878,adult2,0.9866987158032703,4,2.6,3,[-1  0  1],0.0005
879,adult2,0.9866987158032703,4,2.8,3,[-1  0  1],0.0005
880,adult2,0.9866987158032703,4,3.0,2,[0 1],0.0
881,adult2,0.9866987158032703,4,3.25,2,[0 1],0.0
882,adult2,0.9866987158032703,4,3.5,2,[0 1],0.0
883,adult2,0.9866987158032703,4,3.75,2,[0 1],0.0
886,adult2,0.0,5,0.1,10,[-1  0  1  2  3  4  5  6  7  8],0.9695
887,adult2,0.0,5,0.15,22,[-1  0  1  2  3  4  5  6  7  8  9 10 11 12 13 14 15 16 17 18 19 20],0.907
888,adult2,0.0,5,0.2,27,"[-1  0  1  2  3  4  5  6  7  8  9 10 11 12 13 14 15 16 17 18 19 20 21 22
 23 24 25]",0.8185
889,adult2,0.0,5,0.25,22,[-1  0  1  2  3  4  5  6  7  8  9 10 11 12 13 14 15 16 17 18 19 20],0.7345
890,adult2,0.0,5,0.3,22,[-1  0  1  2  3  4  5  6  7  8  9 10 11 12 13 14 15 16 17 18 19 20],0.6745
891,adult2,0.0,5,0.35,22,[-1  0  1  2  3  4  5  6  7  8  9 10 11 12 13 14 15 16 17 18 19 20],0.611
892,adult2,0.0,5,0.4,14,[-1  0  1  2  3  4  5  6  7  8  9 10 11 12],0.503
893,adult2,0.0,5,0.45,11,[-1  0  1  2  3  4  5  6  7  8  9],0.3755
894,adult2,0.0,5,0.5,12,[-1  0  1  2  3  4  5  6  7  8  9 10],0.31
895,adult2,0.0,5,0.6,6,[-1  0  1  2  3  4],0.2265
896,adult2,0.0,5,0.7,6,[-1  0  1  2  3  4],0.164
897,adult2,0.0,5,0.8,4,[-1  0  1  2],0.116
898,adult2,0.0,5,0.9,4,[-1  0  1  2],0.0735
899,adult2,0.78216525488819,5,1.0,3,[-1  0  1],0.054
900,adult2,0.0,5,1.1,2,[-1  0],0.041
901,adult2,0.0,5,1.2,2,[-1  0],0.0355
902,adult2,0.0,5,1.5,2,[-1  0],0.016
903,adult2,0.0,5,1.6,2,[-1  0],0.0115
904,adult2,0.0,5,1.7,2,[-1  0],0.0085
905,adult2,0.0,5,1.8,2,[-1  0],0.007
906,adult2,0.0,5,2.0,2,[-1  0],0.006
907,adult2,0.0,5,2.1,2,[-1  0],0.005
908,adult2,0.9920356605285473,5,2.2,3,[-1  0  1],0.0015
909,adult2,0.9920356605285473,5,2.3,3,[-1  0  1],0.001
910,adult2,0.9866987158032703,5,2.4,3,[-1  0  1],0.0005
911,adult2,0.9866987158032703,5,2.5,3,[-1  0  1],0.0005
912,adult2,0.9866987158032703,5,2.6,3,[-1  0  1],0.0005
913,adult2,0.9866987158032703,5,2.8,3,[-1  0  1],0.0005
914,adult2,0.9866987158032703,5,3.0,2,[0 1],0.0
915,adult2,0.9866987158032703,5,3.25,2,[0 1],0.0
916,adult2,0.9866987158032703,5,3.5,2,[0 1],0.0
917,adult2,0.9866987158032703,5,3.75,2,[0 1],0.0
921,adult2,0.0,10,0.15,2,[-1  0],0.99
922,adult2,0.9602172344706427,10,0.2,5,[-1  0  1  2  3],0.9625
923,adult2,0.8831292324556915,10,0.25,8,[-1  0  1  2  3  4  5  6],0.8935
924,adult2,0.8982231693071908,10,0.3,10,[-1  0  1  2  3  4  5  6  7  8],0.8075
925,adult2,0.8774530005549935,10,0.35,7,[-1  0  1  2  3  4  5],0.7525
926,adult2,0.8565715531179436,10,0.4,9,[-1  0  1  2  3  4  5  6  7],0.654
927,adult2,0.0,10,0.45,5,[-1  0  1  2  3],0.509
928,adult2,0.0,10,0.5,2,[-1  0],0.422
929,adult2,0.7912046616341943,10,0.6,5,[-1  0  1  2  3],0.313
930,adult2,0.0,10,0.7,4,[-1  0  1  2],0.235
931,adult2,0.0,10,0.8,2,[-1  0],0.187
932,adult2,0.0,10,0.9,2,[-1  0],0.116
933,adult2,0.0,10,1.0,2,[-1  0],0.0775
934,adult2,0.0,10,1.1,2,[-1  0],0.0535
935,adult2,0.0,10,1.2,2,[-1  0],0.0435
936,adult2,0.0,10,1.5,2,[-1  0],0.02
937,adult2,0.0,10,1.6,2,[-1  0],0.0145
938,adult2,0.0,10,1.7,2,[-1  0],0.009
939,adult2,0.0,10,1.8,2,[-1  0],0.0075
940,adult2,0.0,10,2.0,2,[-1  0],0.006
941,adult2,0.0,10,2.1,2,[-1  0],0.0055
942,adult2,0.0,10,2.2,2,[-1  0],0.0055
943,adult2,0.0,10,2.3,2,[-1  0],0.004
944,adult2,0.0,10,2.4,2,[-1  0],0.004
945,adult2,0.0,10,2.5,2,[-1  0],0.004
946,adult2,0.0,10,2.6,2,[-1  0],0.004
947,adult2,0.0,10,2.8,2,[-1  0],0.004
948,adult2,0.0,10,3.0,2,[-1  0],0.0035
949,adult2,0.0,10,3.25,2,[-1  0],0.0035
950,adult2,0.0,10,3.5,2,[-1  0],0.0035
951,adult2,0.0,10,3.75,2,[-1  0],0.0035
956,adult2,0.0,15,0.2,2,[-1  0],0.99
957,adult2,0.6279255274835888,15,0.25,3,[-1  0  1],0.968
958,adult2,0.8828943791562771,15,0.3,4,[-1  0  1  2],0.9085
959,adult2,0.7711663624115364,15,0.35,6,[-1  0  1  2  3  4],0.8405
960,adult2,0.9101479715103734,15,0.4,4,[-1  0  1  2],0.744
961,adult2,0.8193512381342366,15,0.45,6,[-1  0  1  2  3  4],0.609
962,adult2,0.0,15,0.5,5,[-1  0  1  2  3],0.499
963,adult2,0.5096626225991613,15,0.6,3,[-1  0  1],0.368
964,adult2,0.4755961900973112,15,0.7,3,[-1  0  1],0.2965
965,adult2,0.49305288470648273,15,0.8,3,[-1  0  1],0.2235
966,adult2,0.0,15,0.9,2,[-1  0],0.1485
967,adult2,0.0,15,1.0,2,[-1  0],0.095
968,adult2,0.0,15,1.1,2,[-1  0],0.077
969,adult2,0.0,15,1.2,2,[-1  0],0.0545
970,adult2,0.0,15,1.5,2,[-1  0],0.023
971,adult2,0.0,15,1.6,2,[-1  0],0.017
972,adult2,0.0,15,1.7,2,[-1  0],0.0095
973,adult2,0.0,15,1.8,2,[-1  0],0.0085
974,adult2,0.0,15,2.0,2,[-1  0],0.0065
975,adult2,0.0,15,2.1,2,[-1  0],0.0055
976,adult2,0.0,15,2.2,2,[-1  0],0.0055
977,adult2,0.0,15,2.3,2,[-1  0],0.004
978,adult2,0.0,15,2.4,2,[-1  0],0.004
979,adult2,0.0,15,2.5,2,[-1  0],0.004
980,adult2,0.0,15,2.6,2,[-1  0],0.004
981,adult2,0.0,15,2.8,2,[-1  0],0.004
982,adult2,0.0,15,3.0,2,[-1  0],0.0035
983,adult2,0.0,15,3.25,2,[-1  0],0.0035
984,adult2,0.0,15,3.5,2,[-1  0],0.0035
985,adult2,0.0,15,3.75,2,[-1  0],0.0035
989,adult2,0.0,9,0.15,2,[-1  0],0.989
990,adult2,0.9050623282368943,9,0.2,7,[-1  0  1  2  3  4  5],0.9465
991,adult2,0.9146372953788483,9,0.25,10,[-1  0  1  2  3  4  5  6  7  8],0.8615
992,adult2,0.8955951395909063,9,0.3,9,[-1  0  1  2  3  4  5  6  7],0.7895
993,adult2,0.9001088784890273,9,0.35,6,[-1  0  1  2  3  4],0.746
994,adult2,0.8540831106418106,9,0.4,9,[-1  0  1  2  3  4  5  6  7],0.64
995,adult2,0.48792323929143944,9,0.45,3,[-1  0  1],0.4855
996,adult2,0.802146485919601,9,0.5,5,[-1  0  1  2  3],0.4035
997,adult2,0.7104317812925395,9,0.6,5,[-1  0  1  2  3],0.2985
998,adult2,0.5728814394558288,9,0.7,4,[-1  0  1  2],0.223
999,adult2,0.30312331864475844,9,0.8,3,[-1  0  1],0.1675
1000,adult2,0.0,9,0.9,2,[-1  0],0.107
1001,adult2,0.0,9,1.0,2,[-1  0],0.0755
1002,adult2,0.0,9,1.1,2,[-1  0],0.053
1003,adult2,0.0,9,1.2,2,[-1  0],0.039
1004,adult2,0.0,9,1.5,2,[-1  0],0.0195
1005,adult2,0.0,9,1.6,2,[-1  0],0.014
1006,adult2,0.0,9,1.7,2,[-1  0],0.009
1007,adult2,0.0,9,1.8,2,[-1  0],0.007
1008,adult2,0.0,9,2.0,2,[-1  0],0.006
1009,adult2,0.0,9,2.1,2,[-1  0],0.0055
1010,adult2,0.0,9,2.2,2,[-1  0],0.0045
1011,adult2,0.0,9,2.3,2,[-1  0],0.004
1012,adult2,0.0,9,2.4,2,[-1  0],0.004
1013,adult2,0.0,9,2.5,2,[-1  0],0.004
1014,adult2,0.0,9,2.6,2,[-1  0],0.004
1015,adult2,0.0,9,2.8,2,[-1  0],0.004
1016,adult2,0.0,9,3.0,2,[-1  0],0.0035
1017,adult2,0.0,9,3.25,2,[-1  0],0.0035
1018,adult2,0.0,9,3.5,2,[-1  0],0.0035
1019,adult2,0.0,9,3.75,2,[-1  0],0.0035
1022,adult5,0.0,4,0.1,22,[-1  0  1  2  3  4  5  6  7  8  9 10 11 12 13 14 15 16 17 18 19 20],0.948
1023,adult5,0.0,4,0.15,33,"[-1  0  1  2  3  4  5  6  7  8  9 10 11 12 13 14 15 16 17 18 19 20 21 22
 23 24 25 26 27 28 29 30 31]",0.873
1024,adult5,0.0,4,0.2,36,"[-1  0  1  2  3  4  5  6  7  8  9 10 11 12 13 14 15 16 17 18 19 20 21 22
 23 24 25 26 27 28 29 30 31 32 33 34]",0.7745
1025,adult5,0.0,4,0.25,36,"[-1  0  1  2  3  4  5  6  7  8  9 10 11 12 13 14 15 16 17 18 19 20 21 22
 23 24 25 26 27 28 29 30 31 32 33 34]",0.6905
1026,adult5,0.0,4,0.3,41,"[-1  0  1  2  3  4  5  6  7  8  9 10 11 12 13 14 15 16 17 18 19 20 21 22
 23 24 25 26 27 28 29 30 31 32 33 34 35 36 37 38 39]",0.607
1027,adult5,0.0,4,0.35,41,"[-1  0  1  2  3  4  5  6  7  8  9 10 11 12 13 14 15 16 17 18 19 20 21 22
 23 24 25 26 27 28 29 30 31 32 33 34 35 36 37 38 39]",0.544
1028,adult5,0.0,4,0.4,30,"[-1  0  1  2  3  4  5  6  7  8  9 10 11 12 13 14 15 16 17 18 19 20 21 22
 23 24 25 26 27 28]",0.4495
1029,adult5,0.0,4,0.45,20,[-1  0  1  2  3  4  5  6  7  8  9 10 11 12 13 14 15 16 17 18],0.332
1030,adult5,0.0,4,0.5,14,[-1  0  1  2  3  4  5  6  7  8  9 10 11 12],0.2835
1031,adult5,0.0,4,0.6,13,[-1  0  1  2  3  4  5  6  7  8  9 10 11],0.19
1032,adult5,0.0,4,0.7,5,[-1  0  1  2  3],0.148
1033,adult5,0.0,4,0.8,6,[-1  0  1  2  3  4],0.1095
1034,adult5,0.0,4,0.9,2,[-1  0],0.0755
1035,adult5,0.0,4,1.0,5,[-1  0  1  2  3],0.0555
1036,adult5,0.0,4,1.1,5,[-1  0  1  2  3],0.0385
1037,adult5,0.0,4,1.2,4,[-1  0  1  2],0.0285
1038,adult5,0.0,4,1.5,2,[-1  0],0.015
1039,adult5,0.0,4,1.6,2,[-1  0],0.0115
1040,adult5,0.0,4,1.7,2,[-1  0],0.0085
1041,adult5,0.0,4,1.8,2,[-1  0],0.0065
1042,adult5,0.0,4,2.0,2,[-1  0],0.006
1043,adult5,0.0,4,2.1,2,[-1  0],0.005
1044,adult5,0.0,4,2.2,2,[-1  0],0.0045
1045,adult5,0.0,4,2.3,2,[-1  0],0.004
1046,adult5,0.0,4,2.4,2,[-1  0],0.0035
1047,adult5,0.0,4,2.5,2,[-1  0],0.003
1048,adult5,0.0,4,2.6,2,[-1  0],0.0025
1049,adult5,0.0,4,2.8,3,[-1  0  1],0.0005
1050,adult5,0.0,4,3.0,3,[-1  0  1],0.0005
1051,adult5,0.0,4,3.25,2,[0 1],0.0
1052,adult5,0.0,4,3.5,2,[0 1],0.0
1053,adult5,0.0,4,3.75,2,[0 1],0.0
1056,adult5,0.0,5,0.1,8,[-1  0  1  2  3  4  5  6],0.98
1057,adult5,0.0,5,0.15,27,"[-1  0  1  2  3  4  5  6  7  8  9 10 11 12 13 14 15 16 17 18 19 20 21 22
 23 24 25]",0.903
1058,adult5,0.0,5,0.2,28,"[-1  0  1  2  3  4  5  6  7  8  9 10 11 12 13 14 15 16 17 18 19 20 21 22
 23 24 25 26]",0.8155
1059,adult5,0.0,5,0.25,22,[-1  0  1  2  3  4  5  6  7  8  9 10 11 12 13 14 15 16 17 18 19 20],0.7445
1060,adult5,0.0,5,0.3,27,"[-1  0  1  2  3  4  5  6  7  8  9 10 11 12 13 14 15 16 17 18 19 20 21 22
 23 24 25]",0.6595
1061,adult5,0.0,5,0.35,28,"[-1  0  1  2  3  4  5  6  7  8  9 10 11 12 13 14 15 16 17 18 19 20 21 22
 23 24 25 26]",0.6055
1062,adult5,0.0,5,0.4,16,[-1  0  1  2  3  4  5  6  7  8  9 10 11 12 13 14],0.501
1063,adult5,0.0,5,0.45,12,[-1  0  1  2  3  4  5  6  7  8  9 10],0.379
1064,adult5,0.0,5,0.5,12,[-1  0  1  2  3  4  5  6  7  8  9 10],0.308
1065,adult5,0.0,5,0.6,8,[-1  0  1  2  3  4  5  6],0.2175
1066,adult5,0.38834520474065815,5,0.7,3,[-1  0  1],0.163
1067,adult5,0.0,5,0.8,4,[-1  0  1  2],0.1225
1068,adult5,0.0,5,0.9,2,[-1  0],0.084
1069,adult5,0.0,5,1.0,2,[-1  0],0.064
1070,adult5,0.8609154581163808,5,1.1,3,[-1  0  1],0.045
1071,adult5,0.8535275515534761,5,1.2,3,[-1  0  1],0.0355
1072,adult5,0.0,5,1.5,2,[-1  0],0.0155
1073,adult5,0.0,5,1.6,2,[-1  0],0.0125
1074,adult5,0.0,5,1.7,2,[-1  0],0.0095
1075,adult5,0.0,5,1.8,2,[-1  0],0.007
1076,adult5,0.0,5,2.0,2,[-1  0],0.006
1077,adult5,0.0,5,2.1,2,[-1  0],0.005
1078,adult5,0.0,5,2.2,2,[-1  0],0.0045
1079,adult5,0.0,5,2.3,2,[-1  0],0.004
1080,adult5,0.0,5,2.4,2,[-1  0],0.0035
1081,adult5,0.0,5,2.5,2,[-1  0],0.0035
1082,adult5,0.0,5,2.6,2,[-1  0],0.003
1083,adult5,0.0,5,2.8,2,[-1  0],0.0025
1084,adult5,0.0,5,3.0,2,[-1  0],0.0025
1085,adult5,0.0,5,3.25,2,[-1  0],0.002
1086,adult5,0.0,5,3.5,2,[-1  0],0.002
1087,adult5,0.0,5,3.75,2,[-1  0],0.002
1092,adult5,0.8074426767307543,10,0.2,5,[-1  0  1  2  3],0.972
1093,adult5,0.8816598102194722,10,0.25,9,[-1  0  1  2  3  4  5  6  7],0.8935
1094,adult5,0.8436872206069207,10,0.3,7,[-1  0  1  2  3  4  5],0.819
1095,adult5,0.8155846645844511,10,0.35,7,[-1  0  1  2  3  4  5],0.7455
1096,adult5,0.8534667660945202,10,0.4,7,[-1  0  1  2  3  4  5],0.6535
1097,adult5,0.5579322268765909,10,0.45,3,[-1  0  1],0.519
1098,adult5,0.7775101469392198,10,0.5,5,[-1  0  1  2  3],0.427
1099,adult5,0.3823547799712541,10,0.6,3,[-1  0  1],0.308
1100,adult5,0.35323164739824986,10,0.7,3,[-1  0  1],0.2355
1101,adult5,0.0,10,0.8,2,[-1  0],0.176
1102,adult5,0.0,10,0.9,2,[-1  0],0.119
1103,adult5,0.4926186888579503,10,1.0,3,[-1  0  1],0.082
1104,adult5,0.0,10,1.1,2,[-1  0],0.0675
1105,adult5,0.0,10,1.2,2,[-1  0],0.0525
1106,adult5,0.0,10,1.5,2,[-1  0],0.0205
1107,adult5,0.0,10,1.6,2,[-1  0],0.0165
1108,adult5,0.0,10,1.7,2,[-1  0],0.014
1109,adult5,0.0,10,1.8,2,[-1  0],0.0095
1110,adult5,0.0,10,2.0,2,[-1  0],0.0065
1111,adult5,0.0,10,2.1,2,[-1  0],0.005
1112,adult5,0.0,10,2.2,2,[-1  0],0.0045
1113,adult5,0.0,10,2.3,2,[-1  0],0.0045
1114,adult5,0.0,10,2.4,2,[-1  0],0.004
1115,adult5,0.0,10,2.5,2,[-1  0],0.004
1116,adult5,0.0,10,2.6,2,[-1  0],0.003
1117,adult5,0.0,10,2.8,2,[-1  0],0.003
1118,adult5,0.0,10,3.0,2,[-1  0],0.003
1119,adult5,0.0,10,3.25,2,[-1  0],0.002
1120,adult5,0.0,10,3.5,2,[-1  0],0.002
1121,adult5,0.0,10,3.75,2,[-1  0],0.002
1127,adult5,0.6820921086925604,15,0.25,4,[-1  0  1  2],0.961
1128,adult5,0.6176180800407944,15,0.3,4,[-1  0  1  2],0.922
1129,adult5,0.8738489132618581,15,0.35,4,[-1  0  1  2],0.8585
1130,adult5,0.7509759385069302,15,0.4,7,[-1  0  1  2  3  4  5],0.718
1131,adult5,0.7131916578988946,15,0.45,4,[-1  0  1  2],0.6065
1132,adult5,0.5225559729869639,15,0.5,3,[-1  0  1],0.508
1133,adult5,0.0,15,0.6,2,[-1  0],0.3765
1134,adult5,0.5142557305403411,15,0.7,3,[-1  0  1],0.2875
1135,adult5,0.5294575641415645,15,0.8,3,[-1  0  1],0.217
1136,adult5,0.0,15,0.9,2,[-1  0],0.153
1137,adult5,0.5565827028622855,15,1.0,3,[-1  0  1],0.104
1138,adult5,0.0,15,1.1,2,[-1  0],0.0805
1139,adult5,0.0,15,1.2,2,[-1  0],0.0595
1140,adult5,0.0,15,1.5,2,[-1  0],0.0325
1141,adult5,0.0,15,1.6,2,[-1  0],0.0215
1142,adult5,0.0,15,1.7,2,[-1  0],0.017
1143,adult5,0.0,15,1.8,2,[-1  0],0.011
1144,adult5,0.0,15,2.0,2,[-1  0],0.0075
1145,adult5,0.0,15,2.1,2,[-1  0],0.0055
1146,adult5,0.0,15,2.2,2,[-1  0],0.005
1147,adult5,0.0,15,2.3,2,[-1  0],0.0045
1148,adult5,0.0,15,2.4,2,[-1  0],0.004
1149,adult5,0.0,15,2.5,2,[-1  0],0.004
1150,adult5,0.0,15,2.6,2,[-1  0],0.003
1151,adult5,0.0,15,2.8,2,[-1  0],0.003
1152,adult5,0.0,15,3.0,2,[-1  0],0.003
1153,adult5,0.0,15,3.25,2,[-1  0],0.002
1154,adult5,0.0,15,3.5,2,[-1  0],0.002
1155,adult5,0.0,15,3.75,2,[-1  0],0.002
1159,adult5,0.9675933209146912,9,0.15,3,[-1  0  1],0.991
1160,adult5,0.8877440290637144,9,0.2,9,[-1  0  1  2  3  4  5  6  7],0.945
1161,adult5,0.8824332861497786,9,0.25,9,[-1  0  1  2  3  4  5  6  7],0.8795
1162,adult5,0.8928733493369445,9,0.3,12,[-1  0  1  2  3  4  5  6  7  8  9 10],0.781
1163,adult5,0.8491231537139565,9,0.35,8,[-1  0  1  2  3  4  5  6],0.726
1164,adult5,0.8377528121543761,9,0.4,7,[-1  0  1  2  3  4  5],0.632
1165,adult5,0.7906316131573645,9,0.45,5,[-1  0  1  2  3],0.4925
1166,adult5,0.6278311324638547,9,0.5,4,[-1  0  1  2],0.408
1167,adult5,0.7155008698666598,9,0.6,5,[-1  0  1  2  3],0.292
1168,adult5,0.0,9,0.7,2,[-1  0],0.2295
1169,adult5,0.0,9,0.8,2,[-1  0],0.1685
1170,adult5,0.0,9,0.9,2,[-1  0],0.114
1171,adult5,0.0,9,1.0,2,[-1  0],0.078
1172,adult5,0.0,9,1.1,2,[-1  0],0.0615
1173,adult5,0.0,9,1.2,2,[-1  0],0.051
1174,adult5,0.0,9,1.5,2,[-1  0],0.0205
1175,adult5,0.0,9,1.6,2,[-1  0],0.016
1176,adult5,0.0,9,1.7,2,[-1  0],0.011
1177,adult5,0.0,9,1.8,2,[-1  0],0.009
1178,adult5,0.0,9,2.0,2,[-1  0],0.0065
1179,adult5,0.0,9,2.1,2,[-1  0],0.005
1180,adult5,0.0,9,2.2,2,[-1  0],0.0045
1181,adult5,0.0,9,2.3,2,[-1  0],0.0045
1182,adult5,0.0,9,2.4,2,[-1  0],0.004
1183,adult5,0.0,9,2.5,2,[-1  0],0.0035
1184,adult5,0.0,9,2.6,2,[-1  0],0.003
1185,adult5,0.0,9,2.8,2,[-1  0],0.003
1186,adult5,0.0,9,3.0,2,[-1  0],0.0025
1187,adult5,0.0,9,3.25,2,[-1  0],0.002
1188,adult5,0.0,9,3.5,2,[-1  0],0.002
1189,adult5,0.0,9,3.75,2,[-1  0],0.002
1191,bank,0.0,4,0.05,120,"[ -1   0   1   2   3   4   5   6   7   8   9  10  11  12  13  14  15  16
  17  18  19  20  21  22  23  24  25  26  27  28  29  30  31  32  33  34
  35  36  37  38  39  40  41  42  43  44  45  46  47  48  49  50  51  52
  53  54  55  56  57  58  59  60  61  62  63  64  65  66  67  68  69  70
  71  72  73  74  75  76  77  78  79  80  81  82  83  84  85  86  87  88
  89  90  91  92  93  94  95  96  97  98  99 100 101 102 103 104 105 106
 107 108 109 110 111 112 113 114 115 116 117 118]",0.8336
1192,bank,0.0,4,0.1,72,"[-1  0  1  2  3  4  5  6  7  8  9 10 11 12 13 14 15 16 17 18 19 20 21 22
 23 24 25 26 27 28 29 30 31 32 33 34 35 36 37 38 39 40 41 42 43 44 45 46
 47 48 49 50 51 52 53 54 55 56 57 58 59 60 61 62 63 64 65 66 67 68 69 70]",0.477
1193,bank,0.0,4,0.15,45,"[-1  0  1  2  3  4  5  6  7  8  9 10 11 12 13 14 15 16 17 18 19 20 21 22
 23 24 25 26 27 28 29 30 31 32 33 34 35 36 37 38 39 40 41 42 43]",0.2444
1194,bank,0.0,4,0.2,25,"[-1  0  1  2  3  4  5  6  7  8  9 10 11 12 13 14 15 16 17 18 19 20 21 22
 23]",0.1612
1195,bank,0.0,4,0.25,23,[-1  0  1  2  3  4  5  6  7  8  9 10 11 12 13 14 15 16 17 18 19 20 21],0.1104
1196,bank,0.0,4,0.3,15,[-1  0  1  2  3  4  5  6  7  8  9 10 11 12 13],0.0828
1197,bank,0.0,4,0.35,18,[-1  0  1  2  3  4  5  6  7  8  9 10 11 12 13 14 15 16],0.0558
1198,bank,0.0,4,0.4,7,[-1  0  1  2  3  4  5],0.0424
1199,bank,0.0,4,0.45,7,[-1  0  1  2  3  4  5],0.0354
1200,bank,0.0,4,0.5,7,[-1  0  1  2  3  4  5],0.029
1201,bank,0.0,4,0.6,6,[-1  0  1  2  3  4],0.02
1202,bank,0.0,4,0.7,3,[-1  0  1],0.0142
1203,bank,0.9265945129072007,4,0.8,3,[-1  0  1],0.012
1204,bank,0.0,4,0.9,3,[-1  0  1],0.0092
1205,bank,0.0,4,1.0,4,[-1  0  1  2],0.0058
1206,bank,0.0,4,1.1,3,[-1  0  1],0.0042
1207,bank,0.0,4,1.2,3,[-1  0  1],0.0042
1208,bank,0.9856422394930905,4,1.5,3,[-1  0  1],0.002
1209,bank,0.9649883298344177,4,1.6,3,[-1  0  1],0.0018
1210,bank,0.0,4,1.7,2,[-1  0],0.0018
1211,bank,0.0,4,1.8,2,[-1  0],0.0018
1212,bank,0.0,4,2.0,2,[-1  0],0.0012
1213,bank,0.0,4,2.1,2,[-1  0],0.0008
1214,bank,0.0,4,2.2,2,[-1  0],0.0008
1215,bank,0.0,4,2.3,2,[-1  0],0.0008
1216,bank,0.0,4,2.4,2,[-1  0],0.0008
1217,bank,0.0,4,2.5,2,[-1  0],0.0008
1218,bank,0.0,4,2.6,2,[-1  0],0.0008
1219,bank,0.0,4,2.8,2,[-1  0],0.0008
1220,bank,0.0,4,3.0,2,[-1  0],0.0008
1221,bank,0.0,4,3.25,2,[-1  0],0.0006
1222,bank,0.0,4,3.5,2,[-1  0],0.0006
1223,bank,0.0,4,3.75,2,[-1  0],0.0006
1225,bank,0.0,5,0.05,64,"[-1  0  1  2  3  4  5  6  7  8  9 10 11 12 13 14 15 16 17 18 19 20 21 22
 23 24 25 26 27 28 29 30 31 32 33 34 35 36 37 38 39 40 41 42 43 44 45 46
 47 48 49 50 51 52 53 54 55 56 57 58 59 60 61 62]",0.8958
1226,bank,0.0,5,0.1,47,"[-1  0  1  2  3  4  5  6  7  8  9 10 11 12 13 14 15 16 17 18 19 20 21 22
 23 24 25 26 27 28 29 30 31 32 33 34 35 36 37 38 39 40 41 42 43 44 45]",0.5372
1227,bank,0.0,5,0.15,25,"[-1  0  1  2  3  4  5  6  7  8  9 10 11 12 13 14 15 16 17 18 19 20 21 22
 23]",0.2796
1228,bank,0.0,5,0.2,20,[-1  0  1  2  3  4  5  6  7  8  9 10 11 12 13 14 15 16 17 18],0.182
1229,bank,0.0,5,0.25,13,[-1  0  1  2  3  4  5  6  7  8  9 10 11],0.1268
1230,bank,0.0,5,0.3,11,[-1  0  1  2  3  4  5  6  7  8  9],0.0952
1231,bank,0.0,5,0.35,12,[-1  0  1  2  3  4  5  6  7  8  9 10],0.0666
1232,bank,0.0,5,0.4,7,[-1  0  1  2  3  4  5],0.0484
1233,bank,0.0,5,0.45,6,[-1  0  1  2  3  4],0.0408
1234,bank,0.0,5,0.5,7,[-1  0  1  2  3  4  5],0.0332
1235,bank,0.0,5,0.6,3,[-1  0  1],0.0238
1236,bank,0.0,5,0.7,3,[-1  0  1],0.0158
1237,bank,0.9265945129072007,5,0.8,3,[-1  0  1],0.0124
1238,bank,0.0,5,0.9,3,[-1  0  1],0.01
1239,bank,0.9660257728734015,5,1.0,3,[-1  0  1],0.0076
1240,bank,0.0,5,1.1,3,[-1  0  1],0.0046
1241,bank,0.0,5,1.2,3,[-1  0  1],0.0042
1242,bank,0.9856422394930905,5,1.5,3,[-1  0  1],0.0024
1243,bank,0.9856422394930905,5,1.6,3,[-1  0  1],0.0024
1244,bank,0.9649883298344177,5,1.7,3,[-1  0  1],0.0022
1245,bank,0.0,5,1.8,2,[-1  0],0.0022
1246,bank,0.0,5,2.0,2,[-1  0],0.0014
1247,bank,0.0,5,2.1,2,[-1  0],0.0012
1248,bank,0.0,5,2.2,2,[-1  0],0.001
1249,bank,0.0,5,2.3,2,[-1  0],0.0008
1250,bank,0.0,5,2.4,2,[-1  0],0.0008
1251,bank,0.0,5,2.5,2,[-1  0],0.0008
1252,bank,0.0,5,2.6,2,[-1  0],0.0008
1253,bank,0.0,5,2.8,2,[-1  0],0.0008
1254,bank,0.0,5,3.0,2,[-1  0],0.0008
1255,bank,0.0,5,3.25,2,[-1  0],0.0006
1256,bank,0.0,5,3.5,2,[-1  0],0.0006
1257,bank,0.0,5,3.75,2,[-1  0],0.0006
1259,bank,0.9817126773085826,10,0.05,4,[-1  0  1  2],0.9922
1260,bank,0.9231303033011511,10,0.1,20,[-1  0  1  2  3  4  5  6  7  8  9 10 11 12 13 14 15 16 17 18],0.7484
1261,bank,0.0,10,0.15,11,[-1  0  1  2  3  4  5  6  7  8  9],0.3994
1262,bank,0.5727875281686652,10,0.2,3,[-1  0  1],0.2814
1263,bank,0.0,10,0.25,6,[-1  0  1  2  3  4],0.1932
1264,bank,0.0,10,0.3,5,[-1  0  1  2  3],0.1404
1265,bank,0.8178893756385561,10,0.35,4,[-1  0  1  2],0.1082
1266,bank,0.7257543385521048,10,0.4,5,[-1  0  1  2  3],0.0852
1267,bank,0.0,10,0.45,2,[-1  0],0.0668
1268,bank,0.5284899892854809,10,0.5,3,[-1  0  1],0.0514
1269,bank,0.0,10,0.6,2,[-1  0],0.0376
1270,bank,0.0,10,0.7,2,[-1  0],0.0286
1271,bank,0.0,10,0.8,2,[-1  0],0.0184
1272,bank,0.0,10,0.9,2,[-1  0],0.0152
1273,bank,0.0,10,1.0,2,[-1  0],0.012
1274,bank,0.0,10,1.1,2,[-1  0],0.0098
1275,bank,0.0,10,1.2,2,[-1  0],0.0088
1276,bank,0.0,10,1.5,2,[-1  0],0.0052
1277,bank,0.0,10,1.6,2,[-1  0],0.0042
1278,bank,0.0,10,1.7,2,[-1  0],0.004
1279,bank,0.0,10,1.8,2,[-1  0],0.0034
1280,bank,0.0,10,2.0,2,[-1  0],0.0028
1281,bank,0.0,10,2.1,2,[-1  0],0.0028
1282,bank,0.0,10,2.2,2,[-1  0],0.0016
1283,bank,0.0,10,2.3,2,[-1  0],0.0014
1284,bank,0.0,10,2.4,2,[-1  0],0.0012
1285,bank,0.0,10,2.5,2,[-1  0],0.0012
1286,bank,0.0,10,2.6,2,[-1  0],0.0012
1287,bank,0.0,10,2.8,2,[-1  0],0.001
1288,bank,0.0,10,3.0,2,[-1  0],0.001
1289,bank,0.0,10,3.25,2,[-1  0],0.0008
1290,bank,0.0,10,3.5,2,[-1  0],0.0008
1291,bank,0.0,10,3.75,2,[-1  0],0.0006
1294,bank,0.0,15,0.1,7,[-1  0  1  2  3  4  5],0.881
1295,bank,0.6712579918039326,15,0.15,5,[-1  0  1  2  3],0.4946
1296,bank,0.0,15,0.2,2,[-1  0],0.335
1297,bank,0.4893382801628103,15,0.25,3,[-1  0  1],0.235
1298,bank,0.0,15,0.3,2,[-1  0],0.1792
1299,bank,0.0,15,0.35,2,[-1  0],0.1388
1300,bank,0.6816319492937909,15,0.4,3,[-1  0  1],0.1078
1301,bank,0.0,15,0.45,2,[-1  0],0.0876
1302,bank,0.45852399881135913,15,0.5,3,[-1  0  1],0.0706
1303,bank,0.0,15,0.6,2,[-1  0],0.0462
1304,bank,0.0,15,0.7,2,[-1  0],0.0376
1305,bank,0.0,15,0.8,2,[-1  0],0.027
1306,bank,0.0,15,0.9,2,[-1  0],0.0188
1307,bank,0.0,15,1.0,2,[-1  0],0.0148
1308,bank,0.0,15,1.1,2,[-1  0],0.0126
1309,bank,0.0,15,1.2,2,[-1  0],0.0104
1310,bank,0.0,15,1.5,2,[-1  0],0.007
1311,bank,0.0,15,1.6,2,[-1  0],0.0058
1312,bank,0.0,15,1.7,2,[-1  0],0.0052
1313,bank,0.0,15,1.8,2,[-1  0],0.0048
1314,bank,0.0,15,2.0,2,[-1  0],0.0038
1315,bank,0.0,15,2.1,2,[-1  0],0.0034
1316,bank,0.0,15,2.2,2,[-1  0],0.0024
1317,bank,0.0,15,2.3,2,[-1  0],0.0016
1318,bank,0.0,15,2.4,2,[-1  0],0.0014
1319,bank,0.0,15,2.5,2,[-1  0],0.0012
1320,bank,0.0,15,2.6,2,[-1  0],0.0012
1321,bank,0.0,15,2.8,2,[-1  0],0.001
1322,bank,0.0,15,3.0,2,[-1  0],0.001
1323,bank,0.0,15,3.25,2,[-1  0],0.0008
1324,bank,0.0,15,3.5,2,[-1  0],0.0008
1325,bank,0.0,15,3.75,2,[-1  0],0.0008
1327,bank,0.0,5,0.05,64,"[-1  0  1  2  3  4  5  6  7  8  9 10 11 12 13 14 15 16 17 18 19 20 21 22
 23 24 25 26 27 28 29 30 31 32 33 34 35 36 37 38 39 40 41 42 43 44 45 46
 47 48 49 50 51 52 53 54 55 56 57 58 59 60 61 62]",0.8958
1328,bank,0.0,5,0.1,47,"[-1  0  1  2  3  4  5  6  7  8  9 10 11 12 13 14 15 16 17 18 19 20 21 22
 23 24 25 26 27 28 29 30 31 32 33 34 35 36 37 38 39 40 41 42 43 44 45]",0.5372
1329,bank,0.0,5,0.15,25,"[-1  0  1  2  3  4  5  6  7  8  9 10 11 12 13 14 15 16 17 18 19 20 21 22
 23]",0.2796
1330,bank,0.0,5,0.2,20,[-1  0  1  2  3  4  5  6  7  8  9 10 11 12 13 14 15 16 17 18],0.182
1331,bank,0.0,5,0.25,13,[-1  0  1  2  3  4  5  6  7  8  9 10 11],0.1268
1332,bank,0.0,5,0.3,11,[-1  0  1  2  3  4  5  6  7  8  9],0.0952
1333,bank,0.0,5,0.35,12,[-1  0  1  2  3  4  5  6  7  8  9 10],0.0666
1334,bank,0.0,5,0.4,7,[-1  0  1  2  3  4  5],0.0484
1335,bank,0.0,5,0.45,6,[-1  0  1  2  3  4],0.0408
1336,bank,0.0,5,0.5,7,[-1  0  1  2  3  4  5],0.0332
1337,bank,0.0,5,0.6,3,[-1  0  1],0.0238
1338,bank,0.0,5,0.7,3,[-1  0  1],0.0158
1339,bank,0.9265945129072007,5,0.8,3,[-1  0  1],0.0124
1340,bank,0.0,5,0.9,3,[-1  0  1],0.01
1341,bank,0.9660257728734015,5,1.0,3,[-1  0  1],0.0076
1342,bank,0.0,5,1.1,3,[-1  0  1],0.0046
1343,bank,0.0,5,1.2,3,[-1  0  1],0.0042
1344,bank,0.9856422394930905,5,1.5,3,[-1  0  1],0.0024
1345,bank,0.9856422394930905,5,1.6,3,[-1  0  1],0.0024
1346,bank,0.9649883298344177,5,1.7,3,[-1  0  1],0.0022
1347,bank,0.0,5,1.8,2,[-1  0],0.0022
1348,bank,0.0,5,2.0,2,[-1  0],0.0014
1349,bank,0.0,5,2.1,2,[-1  0],0.0012
1350,bank,0.0,5,2.2,2,[-1  0],0.001
1351,bank,0.0,5,2.3,2,[-1  0],0.0008
1352,bank,0.0,5,2.4,2,[-1  0],0.0008
1353,bank,0.0,5,2.5,2,[-1  0],0.0008
1354,bank,0.0,5,2.6,2,[-1  0],0.0008
1355,bank,0.0,5,2.8,2,[-1  0],0.0008
1356,bank,0.0,5,3.0,2,[-1  0],0.0008
1357,bank,0.0,5,3.25,2,[-1  0],0.0006
1358,bank,0.0,5,3.5,2,[-1  0],0.0006
1359,bank,0.0,5,3.75,2,[-1  0],0.0006
1362,adult_m,0.0,4,0.1,19,[-1  0  1  2  3  4  5  6  7  8  9 10 11 12 13 14 15 16 17],0.9507290095525389
1363,adult_m,0.0,4,0.15,25,"[-1  0  1  2  3  4  5  6  7  8  9 10 11 12 13 14 15 16 17 18 19 20 21 22
 23]",0.877325289089995
1364,adult_m,0.0,4,0.2,37,"[-1  0  1  2  3  4  5  6  7  8  9 10 11 12 13 14 15 16 17 18 19 20 21 22
 23 24 25 26 27 28 29 30 31 32 33 34 35]",0.7697335344394168
1365,adult_m,0.0,4,0.25,28,"[-1  0  1  2  3  4  5  6  7  8  9 10 11 12 13 14 15 16 17 18 19 20 21 22
 23 24 25 26]",0.6978381096028154
1366,adult_m,0.0,4,0.3,35,"[-1  0  1  2  3  4  5  6  7  8  9 10 11 12 13 14 15 16 17 18 19 20 21 22
 23 24 25 26 27 28 29 30 31 32 33]",0.6460532931121167
1367,adult_m,0.0,4,0.35,37,"[-1  0  1  2  3  4  5  6  7  8  9 10 11 12 13 14 15 16 17 18 19 20 21 22
 23 24 25 26 27 28 29 30 31 32 33 34 35]",0.5801910507792861
1368,adult_m,0.0,4,0.4,29,"[-1  0  1  2  3  4  5  6  7  8  9 10 11 12 13 14 15 16 17 18 19 20 21 22
 23 24 25 26 27]",0.4710910005027652
1369,adult_m,0.0,4,0.45,16,[-1  0  1  2  3  4  5  6  7  8  9 10 11 12 13 14],0.35193564605329314
1370,adult_m,0.0,4,0.5,12,[-1  0  1  2  3  4  5  6  7  8  9 10],0.27953745600804425
1371,adult_m,0.0,4,0.6,8,[-1  0  1  2  3  4  5  6],0.17898441427853193
1372,adult_m,0.0,4,0.7,4,[-1  0  1  2],0.12418300653594772
1373,adult_m,0.0,4,0.8,4,[-1  0  1  2],0.0915032679738562
1374,adult_m,0.0,4,0.9,5,[-1  0  1  2  3],0.06586224233283057
1375,adult_m,0.0,4,1.0,5,[-1  0  1  2  3],0.04675716440422323
1376,adult_m,0.0,4,1.1,4,[-1  0  1  2],0.03167420814479638
1377,adult_m,0.9927573004357375,4,1.2,3,[-1  0  1],0.02262443438914027
1378,adult_m,0.987076312425317,4,1.5,3,[-1  0  1],0.00904977375565611
1379,adult_m,0.9852195743457831,4,1.6,3,[-1  0  1],0.007541478129713424
1380,adult_m,0.9819809688211958,4,1.7,3,[-1  0  1],0.003519356460532931
1381,adult_m,0.9819809688211958,4,1.8,3,[-1  0  1],0.0030165912518853697
1382,adult_m,0.9819809688211958,4,2.0,3,[-1  0  1],0.0015082956259426848
1383,adult_m,0.9819809688211958,4,2.1,3,[-1  0  1],0.0015082956259426848
1384,adult_m,0.9819809688211958,4,2.2,3,[-1  0  1],0.0015082956259426848
1385,adult_m,0.9819809688211958,4,2.3,3,[-1  0  1],0.0015082956259426848
1386,adult_m,0.9819809688211958,4,2.4,3,[-1  0  1],0.0005027652086475615
1387,adult_m,0.9819809688211958,4,2.5,3,[-1  0  1],0.0005027652086475615
1388,adult_m,0.9819809688211958,4,2.6,3,[-1  0  1],0.0005027652086475615
1389,adult_m,0.9819809688211958,4,2.8,3,[-1  0  1],0.0005027652086475615
1390,adult_m,0.9819809688211958,4,3.0,3,[-1  0  1],0.0005027652086475615
1391,adult_m,0.9819809688211958,4,3.25,3,[-1  0  1],0.0005027652086475615
1392,adult_m,0.9819809688211958,4,3.5,3,[-1  0  1],0.0005027652086475615
1393,adult_m,0.9819809688211958,4,3.75,3,[-1  0  1],0.0005027652086475615
1396,adult_m,0.0,5,0.1,9,[-1  0  1  2  3  4  5  6  7],0.9738562091503268
1397,adult_m,0.0,5,0.15,16,[-1  0  1  2  3  4  5  6  7  8  9 10 11 12 13 14],0.9115133232780291
1398,adult_m,0.0,5,0.2,19,[-1  0  1  2  3  4  5  6  7  8  9 10 11 12 13 14 15 16 17],0.8320764203117145
1399,adult_m,0.0,5,0.25,21,[-1  0  1  2  3  4  5  6  7  8  9 10 11 12 13 14 15 16 17 18 19],0.7360482654600302
1400,adult_m,0.0,5,0.3,23,[-1  0  1  2  3  4  5  6  7  8  9 10 11 12 13 14 15 16 17 18 19 20 21],0.6847662141779789
1401,adult_m,0.0,5,0.35,16,[-1  0  1  2  3  4  5  6  7  8  9 10 11 12 13 14],0.6390145801910507
1402,adult_m,0.0,5,0.4,17,[-1  0  1  2  3  4  5  6  7  8  9 10 11 12 13 14 15],0.5233785822021116
1403,adult_m,0.0,5,0.45,14,[-1  0  1  2  3  4  5  6  7  8  9 10 11 12],0.38813474107591756
1404,adult_m,0.0,5,0.5,10,[-1  0  1  2  3  4  5  6  7  8],0.30618401206636503
1405,adult_m,0.0,5,0.6,8,[-1  0  1  2  3  4  5  6],0.20110608345902464
1406,adult_m,0.0,5,0.7,4,[-1  0  1  2],0.13775766716943189
1407,adult_m,0.0,5,0.8,2,[-1  0],0.10105580693815988
1408,adult_m,0.0,5,0.9,3,[-1  0  1],0.07139265962795374
1409,adult_m,0.0,5,1.0,3,[-1  0  1],0.05379587732528909
1410,adult_m,0.0,5,1.1,4,[-1  0  1  2],0.03770739064856712
1411,adult_m,0.9927573004357375,5,1.2,3,[-1  0  1],0.02564102564102564
1412,adult_m,0.987076312425317,5,1.5,3,[-1  0  1],0.00904977375565611
1413,adult_m,0.9852195743457831,5,1.6,3,[-1  0  1],0.007541478129713424
1414,adult_m,0.9819809688211958,5,1.7,3,[-1  0  1],0.003519356460532931
1415,adult_m,0.9819809688211958,5,1.8,3,[-1  0  1],0.0030165912518853697
1416,adult_m,0.9819809688211958,5,2.0,3,[-1  0  1],0.0015082956259426848
1417,adult_m,0.9819809688211958,5,2.1,3,[-1  0  1],0.0015082956259426848
1418,adult_m,0.9819809688211958,5,2.2,3,[-1  0  1],0.0015082956259426848
1419,adult_m,0.9819809688211958,5,2.3,3,[-1  0  1],0.0015082956259426848
1420,adult_m,0.9819809688211958,5,2.4,3,[-1  0  1],0.001005530417295123
1421,adult_m,0.9819809688211958,5,2.5,3,[-1  0  1],0.001005530417295123
1422,adult_m,0.9819809688211958,5,2.6,3,[-1  0  1],0.0005027652086475615
1423,adult_m,0.9819809688211958,5,2.8,3,[-1  0  1],0.0005027652086475615
1424,adult_m,0.9819809688211958,5,3.0,3,[-1  0  1],0.0005027652086475615
1425,adult_m,0.9819809688211958,5,3.25,3,[-1  0  1],0.0005027652086475615
1426,adult_m,0.9819809688211958,5,3.5,3,[-1  0  1],0.0005027652086475615
1427,adult_m,0.9819809688211958,5,3.75,3,[-1  0  1],0.0005027652086475615
1431,adult_m,0.0,10,0.15,2,[-1  0],0.9929612870789342
1432,adult_m,0.8964321831428705,10,0.2,7,[-1  0  1  2  3  4  5],0.942684766214178
1433,adult_m,0.8682230735573059,10,0.25,9,[-1  0  1  2  3  4  5  6  7],0.8743086978381096
1434,adult_m,0.828410250931427,10,0.3,8,[-1  0  1  2  3  4  5  6],0.8114630467571644
1435,adult_m,0.8284010701053927,10,0.35,7,[-1  0  1  2  3  4  5],0.7596782302664655
1436,adult_m,0.7807621821832638,10,0.4,5,[-1  0  1  2  3],0.6621417797888386
1437,adult_m,0.6884313692868164,10,0.45,4,[-1  0  1  2],0.5369532428355958
1438,adult_m,0.5432722815822523,10,0.5,5,[-1  0  1  2  3],0.4469582704876823
1439,adult_m,0.6592077314503496,10,0.6,5,[-1  0  1  2  3],0.2971342383107089
1440,adult_m,0.7226077238984502,10,0.7,5,[-1  0  1  2  3],0.20512820512820512
1441,adult_m,0.0,10,0.8,2,[-1  0],0.13976872800402212
1442,adult_m,0.0,10,0.9,2,[-1  0],0.09451985922574158
1443,adult_m,0.0,10,1.0,2,[-1  0],0.06988436400201106
1444,adult_m,0.0,10,1.1,2,[-1  0],0.053293112116641526
1445,adult_m,0.0,10,1.2,2,[-1  0],0.04424333836098542
1446,adult_m,0.0,10,1.5,2,[-1  0],0.019105077928607342
1447,adult_m,0.0,10,1.6,2,[-1  0],0.014580191050779286
1448,adult_m,0.0,10,1.7,2,[-1  0],0.011060834590246356
1449,adult_m,0.9819809688211958,10,1.8,3,[-1  0  1],0.005027652086475616
1450,adult_m,0.9819809688211958,10,2.0,3,[-1  0  1],0.003519356460532931
1451,adult_m,0.9819809688211958,10,2.1,3,[-1  0  1],0.002513826043237808
1452,adult_m,0.9819809688211958,10,2.2,3,[-1  0  1],0.002513826043237808
1453,adult_m,0.9819809688211958,10,2.3,3,[-1  0  1],0.002011060834590246
1454,adult_m,0.9819809688211958,10,2.4,3,[-1  0  1],0.001005530417295123
1455,adult_m,0.9819809688211958,10,2.5,3,[-1  0  1],0.001005530417295123
1456,adult_m,0.9819809688211958,10,2.6,3,[-1  0  1],0.0005027652086475615
1457,adult_m,0.9819809688211958,10,2.8,3,[-1  0  1],0.0005027652086475615
1458,adult_m,0.9819809688211958,10,3.0,3,[-1  0  1],0.0005027652086475615
1459,adult_m,0.9819809688211958,10,3.25,3,[-1  0  1],0.0005027652086475615
1460,adult_m,0.9819809688211958,10,3.5,3,[-1  0  1],0.0005027652086475615
1461,adult_m,0.9819809688211958,10,3.75,3,[-1  0  1],0.0005027652086475615
1466,adult_m,0.0,15,0.2,2,[-1  0],0.9894419306184012
1467,adult_m,0.8949636261104561,15,0.25,6,[-1  0  1  2  3  4],0.9386626445449975
1468,adult_m,0.8705915689315861,15,0.3,5,[-1  0  1  2  3],0.8888888888888888
1469,adult_m,0.7798264790792394,15,0.35,5,[-1  0  1  2  3],0.8285570638511816
1470,adult_m,0.6441254293819365,15,0.4,4,[-1  0  1  2],0.730517848164907
1471,adult_m,0.6523449413888103,15,0.45,3,[-1  0  1],0.6370035193564605
1472,adult_m,0.6883534817089424,15,0.5,3,[-1  0  1],0.5203619909502263
1473,adult_m,0.0,15,0.6,2,[-1  0],0.38109602815485166
1474,adult_m,0.5739558092065424,15,0.7,3,[-1  0  1],0.27802916038210157
1475,adult_m,0.0,15,0.8,2,[-1  0],0.18803418803418803
1476,adult_m,0.0,15,0.9,2,[-1  0],0.11211664152840624
1477,adult_m,0.0,15,1.0,2,[-1  0],0.08295625942684766
1478,adult_m,0.0,15,1.1,2,[-1  0],0.06435394670688788
1479,adult_m,0.0,15,1.2,2,[-1  0],0.048768225238813474
1480,adult_m,0.0,15,1.5,2,[-1  0],0.023629964806435394
1481,adult_m,0.0,15,1.6,2,[-1  0],0.01860231271995978
1482,adult_m,0.0,15,1.7,2,[-1  0],0.01256913021618904
1483,adult_m,0.0,15,1.8,2,[-1  0],0.011060834590246356
1484,adult_m,0.0,15,2.0,2,[-1  0],0.008547008547008548
1485,adult_m,0.0,15,2.1,2,[-1  0],0.007541478129713424
1486,adult_m,0.0,15,2.2,2,[-1  0],0.007541478129713424
1487,adult_m,0.0,15,2.3,2,[-1  0],0.007541478129713424
1488,adult_m,0.0,15,2.4,2,[-1  0],0.007038712921065862
1489,adult_m,0.0,15,2.5,2,[-1  0],0.006535947712418301
1490,adult_m,0.0,15,2.6,2,[-1  0],0.006535947712418301
1491,adult_m,0.0,15,2.8,2,[-1  0],0.006033182503770739
1492,adult_m,0.0,15,3.0,2,[-1  0],0.006033182503770739
1493,adult_m,0.0,15,3.25,2,[-1  0],0.006033182503770739
1494,adult_m,0.0,15,3.5,2,[-1  0],0.006033182503770739
1495,adult_m,0.0,15,3.75,2,[-1  0],0.006033182503770739
1499,adult_m,0.742957657507308,9,0.15,4,[-1  0  1  2],0.9829059829059829
1500,adult_m,0.8856094489656667,9,0.2,8,[-1  0  1  2  3  4  5  6],0.9255907491201609
1501,adult_m,0.8726017984678939,9,0.25,10,[-1  0  1  2  3  4  5  6  7  8],0.8552036199095022
1502,adult_m,0.0,9,0.3,8,[-1  0  1  2  3  4  5  6],0.7983911513323279
1503,adult_m,0.7558280830515103,9,0.35,5,[-1  0  1  2  3],0.7516339869281046
1504,adult_m,0.8291088362655521,9,0.4,6,[-1  0  1  2  3  4],0.637506284565108
1505,adult_m,0.7096642717048522,9,0.45,4,[-1  0  1  2],0.5168426344896934
1506,adult_m,0.6656737806660344,9,0.5,5,[-1  0  1  2  3],0.42081447963800905
1507,adult_m,0.668879864538581,9,0.6,4,[-1  0  1  2],0.2850678733031674
1508,adult_m,0.7041977273967441,9,0.7,4,[-1  0  1  2],0.19205630970336854
1509,adult_m,0.0,9,0.8,2,[-1  0],0.12921065862242334
1510,adult_m,0.0,9,0.9,2,[-1  0],0.09250879839115134
1511,adult_m,0.0,9,1.0,2,[-1  0],0.06636500754147813
1512,adult_m,0.0,9,1.1,2,[-1  0],0.05178481649069885
1513,adult_m,0.0,9,1.2,2,[-1  0],0.042735042735042736
1514,adult_m,0.0,9,1.5,2,[-1  0],0.019105077928607342
1515,adult_m,0.0,9,1.6,2,[-1  0],0.014580191050779286
1516,adult_m,0.0,9,1.7,2,[-1  0],0.011060834590246356
1517,adult_m,0.9819809688211958,9,1.8,3,[-1  0  1],0.005027652086475616
1518,adult_m,0.9819809688211958,9,2.0,3,[-1  0  1],0.003519356460532931
1519,adult_m,0.9819809688211958,9,2.1,3,[-1  0  1],0.002011060834590246
1520,adult_m,0.9819809688211958,9,2.2,3,[-1  0  1],0.002011060834590246
1521,adult_m,0.9819809688211958,9,2.3,3,[-1  0  1],0.002011060834590246
1522,adult_m,0.9819809688211958,9,2.4,3,[-1  0  1],0.001005530417295123
1523,adult_m,0.9819809688211958,9,2.5,3,[-1  0  1],0.001005530417295123
1524,adult_m,0.9819809688211958,9,2.6,3,[-1  0  1],0.0005027652086475615
1525,adult_m,0.9819809688211958,9,2.8,3,[-1  0  1],0.0005027652086475615
1526,adult_m,0.9819809688211958,9,3.0,3,[-1  0  1],0.0005027652086475615
1527,adult_m,0.9819809688211958,9,3.25,3,[-1  0  1],0.0005027652086475615
1528,adult_m,0.9819809688211958,9,3.5,3,[-1  0  1],0.0005027652086475615
1529,adult_m,0.9819809688211958,9,3.75,3,[-1  0  1],0.0005027652086475615
1532,adult_g,0.0,4,0.1,22,[-1  0  1  2  3  4  5  6  7  8  9 10 11 12 13 14 15 16 17 18 19 20],0.9478696741854636
1533,adult_g,0.0,4,0.15,34,"[-1  0  1  2  3  4  5  6  7  8  9 10 11 12 13 14 15 16 17 18 19 20 21 22
 23 24 25 26 27 28 29 30 31 32]",0.8706766917293233
1534,adult_g,0.0,4,0.2,36,"[-1  0  1  2  3  4  5  6  7  8  9 10 11 12 13 14 15 16 17 18 19 20 21 22
 23 24 25 26 27 28 29 30 31 32 33 34]",0.7744360902255639
1535,adult_g,0.0,4,0.25,35,"[-1  0  1  2  3  4  5  6  7  8  9 10 11 12 13 14 15 16 17 18 19 20 21 22
 23 24 25 26 27 28 29 30 31 32 33]",0.6922305764411028
1536,adult_g,0.0,4,0.3,41,"[-1  0  1  2  3  4  5  6  7  8  9 10 11 12 13 14 15 16 17 18 19 20 21 22
 23 24 25 26 27 28 29 30 31 32 33 34 35 36 37 38 39]",0.606516290726817
1537,adult_g,0.0,4,0.35,42,"[-1  0  1  2  3  4  5  6  7  8  9 10 11 12 13 14 15 16 17 18 19 20 21 22
 23 24 25 26 27 28 29 30 31 32 33 34 35 36 37 38 39 40]",0.5458646616541354
1538,adult_g,0.0,4,0.4,30,"[-1  0  1  2  3  4  5  6  7  8  9 10 11 12 13 14 15 16 17 18 19 20 21 22
 23 24 25 26 27 28]",0.45012531328320804
1539,adult_g,0.0,4,0.45,20,[-1  0  1  2  3  4  5  6  7  8  9 10 11 12 13 14 15 16 17 18],0.3318295739348371
1540,adult_g,0.0,4,0.5,15,[-1  0  1  2  3  4  5  6  7  8  9 10 11 12 13],0.2832080200501253
1541,adult_g,0.0,4,0.6,12,[-1  0  1  2  3  4  5  6  7  8  9 10],0.18897243107769424
1542,adult_g,0.0,4,0.7,5,[-1  0  1  2  3],0.14736842105263157
1543,adult_g,0.0,4,0.8,5,[-1  0  1  2  3],0.11077694235588972
1544,adult_g,0.0,4,0.9,2,[-1  0],0.07468671679197995
1545,adult_g,0.0,4,1.0,4,[-1  0  1  2],0.05664160401002506
1546,adult_g,0.0,4,1.1,5,[-1  0  1  2  3],0.03859649122807018
1547,adult_g,0.0,4,1.2,4,[-1  0  1  2],0.02857142857142857
1548,adult_g,0.0,4,1.5,2,[-1  0],0.015538847117794486
1549,adult_g,0.0,4,1.6,2,[-1  0],0.013533834586466165
1550,adult_g,0.0,4,1.7,2,[-1  0],0.009022556390977444
1551,adult_g,0.0,4,1.8,2,[-1  0],0.006516290726817042
1552,adult_g,0.0,4,2.0,2,[-1  0],0.006015037593984963
1553,adult_g,0.0,4,2.1,2,[-1  0],0.005012531328320802
1554,adult_g,0.0,4,2.2,2,[-1  0],0.004511278195488722
1555,adult_g,0.0,4,2.3,2,[-1  0],0.0040100250626566416
1556,adult_g,0.0,4,2.4,2,[-1  0],0.0035087719298245615
1557,adult_g,0.0,4,2.5,2,[-1  0],0.0030075187969924814
1558,adult_g,0.0,4,2.6,2,[-1  0],0.002506265664160401
1559,adult_g,0.0,4,2.8,3,[-1  0  1],0.0005012531328320802
1560,adult_g,0.0,4,3.0,3,[-1  0  1],0.0005012531328320802
1561,adult_g,0.0,4,3.25,2,[0 1],0.0
1562,adult_g,0.0,4,3.5,2,[0 1],0.0
1563,adult_g,0.0,4,3.75,2,[0 1],0.0
1566,adult_g,0.0,5,0.1,8,[-1  0  1  2  3  4  5  6],0.9799498746867168
1567,adult_g,0.0,5,0.15,27,"[-1  0  1  2  3  4  5  6  7  8  9 10 11 12 13 14 15 16 17 18 19 20 21 22
 23 24 25]",0.9027568922305764
1568,adult_g,0.0,5,0.2,28,"[-1  0  1  2  3  4  5  6  7  8  9 10 11 12 13 14 15 16 17 18 19 20 21 22
 23 24 25 26]",0.8155388471177945
1569,adult_g,0.0,5,0.25,22,[-1  0  1  2  3  4  5  6  7  8  9 10 11 12 13 14 15 16 17 18 19 20],0.743859649122807
1570,adult_g,0.0,5,0.3,28,"[-1  0  1  2  3  4  5  6  7  8  9 10 11 12 13 14 15 16 17 18 19 20 21 22
 23 24 25 26]",0.6571428571428571
1571,adult_g,0.0,5,0.35,28,"[-1  0  1  2  3  4  5  6  7  8  9 10 11 12 13 14 15 16 17 18 19 20 21 22
 23 24 25 26]",0.606015037593985
1572,adult_g,0.0,5,0.4,16,[-1  0  1  2  3  4  5  6  7  8  9 10 11 12 13 14],0.5017543859649123
1573,adult_g,0.0,5,0.45,12,[-1  0  1  2  3  4  5  6  7  8  9 10],0.3794486215538847
1574,adult_g,0.0,5,0.5,12,[-1  0  1  2  3  4  5  6  7  8  9 10],0.30776942355889725
1575,adult_g,0.0,5,0.6,8,[-1  0  1  2  3  4  5  6],0.21654135338345865
1576,adult_g,0.3881097271659928,5,0.7,3,[-1  0  1],0.162406015037594
1577,adult_g,0.0,5,0.8,4,[-1  0  1  2],0.12230576441102757
1578,adult_g,0.0,5,0.9,2,[-1  0],0.08320802005012531
1579,adult_g,0.0,5,1.0,2,[-1  0],0.06315789473684211
1580,adult_g,0.8655958218913117,5,1.1,3,[-1  0  1],0.045112781954887216
1581,adult_g,0.8586230641969559,5,1.2,3,[-1  0  1],0.03558897243107769
1582,adult_g,0.0,5,1.5,2,[-1  0],0.016040100250626566
1583,adult_g,0.0,5,1.6,2,[-1  0],0.013533834586466165
1584,adult_g,0.0,5,1.7,2,[-1  0],0.011027568922305764
1585,adult_g,0.0,5,1.8,2,[-1  0],0.007017543859649123
1586,adult_g,0.0,5,2.0,2,[-1  0],0.006015037593984963
1587,adult_g,0.0,5,2.1,2,[-1  0],0.005012531328320802
1588,adult_g,0.0,5,2.2,2,[-1  0],0.004511278195488722
1589,adult_g,0.0,5,2.3,2,[-1  0],0.0040100250626566416
1590,adult_g,0.0,5,2.4,2,[-1  0],0.0035087719298245615
1591,adult_g,0.0,5,2.5,2,[-1  0],0.0035087719298245615
1592,adult_g,0.0,5,2.6,2,[-1  0],0.0030075187969924814
1593,adult_g,0.0,5,2.8,2,[-1  0],0.002506265664160401
1594,adult_g,0.0,5,3.0,2,[-1  0],0.002506265664160401
1595,adult_g,0.0,5,3.25,2,[-1  0],0.0020050125313283208
1596,adult_g,0.0,5,3.5,2,[-1  0],0.0020050125313283208
1597,adult_g,0.0,5,3.75,2,[-1  0],0.0020050125313283208
1602,adult_g,0.8074080408490525,10,0.2,5,[-1  0  1  2  3],0.9719298245614035
1603,adult_g,0.8950781642114534,10,0.25,9,[-1  0  1  2  3  4  5  6  7],0.8927318295739348
1604,adult_g,0.8435906458903233,10,0.3,7,[-1  0  1  2  3  4  5],0.8200501253132833
1605,adult_g,0.8156461421682876,10,0.35,7,[-1  0  1  2  3  4  5],0.7468671679197995
1606,adult_g,0.8534821461363199,10,0.4,7,[-1  0  1  2  3  4  5],0.6536340852130326
1607,adult_g,0.5462358919317208,10,0.45,3,[-1  0  1],0.5203007518796993
1608,adult_g,0.77547843570526,10,0.5,5,[-1  0  1  2  3],0.4295739348370927
1609,adult_g,0.3820590384390586,10,0.6,3,[-1  0  1],0.30776942355889725
1610,adult_g,0.35298902759008066,10,0.7,3,[-1  0  1],0.23508771929824562
1611,adult_g,0.0,10,0.8,2,[-1  0],0.17593984962406015
1612,adult_g,0.0,10,0.9,2,[-1  0],0.11829573934837093
1613,adult_g,0.4922531410478658,10,1.0,3,[-1  0  1],0.081203007518797
1614,adult_g,0.0,10,1.1,2,[-1  0],0.06716791979949875
1615,adult_g,0.0,10,1.2,2,[-1  0],0.05213032581453634
1616,adult_g,0.0,10,1.5,2,[-1  0],0.021052631578947368
1617,adult_g,0.0,10,1.6,2,[-1  0],0.017042606516290727
1618,adult_g,0.0,10,1.7,2,[-1  0],0.014536340852130326
1619,adult_g,0.0,10,1.8,2,[-1  0],0.009523809523809525
1620,adult_g,0.0,10,2.0,2,[-1  0],0.006516290726817042
1621,adult_g,0.0,10,2.1,2,[-1  0],0.005012531328320802
1622,adult_g,0.0,10,2.2,2,[-1  0],0.004511278195488722
1623,adult_g,0.0,10,2.3,2,[-1  0],0.004511278195488722
1624,adult_g,0.0,10,2.4,2,[-1  0],0.0040100250626566416
1625,adult_g,0.0,10,2.5,2,[-1  0],0.0040100250626566416
1626,adult_g,0.0,10,2.6,2,[-1  0],0.0030075187969924814
1627,adult_g,0.0,10,2.8,2,[-1  0],0.0030075187969924814
1628,adult_g,0.0,10,3.0,2,[-1  0],0.0030075187969924814
1629,adult_g,0.0,10,3.25,2,[-1  0],0.0020050125313283208
1630,adult_g,0.0,10,3.5,2,[-1  0],0.0020050125313283208
1631,adult_g,0.0,10,3.75,2,[-1  0],0.0020050125313283208
1637,adult_g,0.6818926960853384,15,0.25,4,[-1  0  1  2],0.9609022556390977
1638,adult_g,0.6170599642194852,15,0.3,4,[-1  0  1  2],0.9228070175438596
1639,adult_g,0.8738330204200229,15,0.35,4,[-1  0  1  2],0.8581453634085213
1640,adult_g,0.7572634785369831,15,0.4,6,[-1  0  1  2  3  4],0.7177944862155389
1641,adult_g,0.7132828612266399,15,0.45,4,[-1  0  1  2],0.606015037593985
1642,adult_g,0.0,15,0.5,2,[-1  0],0.5092731829573934
1643,adult_g,0.0,15,0.6,2,[-1  0],0.37644110275689224
1644,adult_g,0.5142275411376648,15,0.7,3,[-1  0  1],0.2887218045112782
1645,adult_g,0.5299986769117869,15,0.8,3,[-1  0  1],0.21704260651629073
1646,adult_g,0.0,15,0.9,2,[-1  0],0.1523809523809524
1647,adult_g,0.556809931865996,15,1.0,3,[-1  0  1],0.10325814536340852
1648,adult_g,0.0,15,1.1,2,[-1  0],0.08020050125313283
1649,adult_g,0.0,15,1.2,2,[-1  0],0.05914786967418546
1650,adult_g,0.0,15,1.5,2,[-1  0],0.03208020050125313
1651,adult_g,0.0,15,1.6,2,[-1  0],0.02606516290726817
1652,adult_g,0.0,15,1.7,2,[-1  0],0.017543859649122806
1653,adult_g,0.0,15,1.8,2,[-1  0],0.011027568922305764
1654,adult_g,0.0,15,2.0,2,[-1  0],0.007518796992481203
1655,adult_g,0.0,15,2.1,2,[-1  0],0.005513784461152882
1656,adult_g,0.0,15,2.2,2,[-1  0],0.005012531328320802
1657,adult_g,0.0,15,2.3,2,[-1  0],0.004511278195488722
1658,adult_g,0.0,15,2.4,2,[-1  0],0.0040100250626566416
1659,adult_g,0.0,15,2.5,2,[-1  0],0.0040100250626566416
1660,adult_g,0.0,15,2.6,2,[-1  0],0.0030075187969924814
1661,adult_g,0.0,15,2.8,2,[-1  0],0.0030075187969924814
1662,adult_g,0.0,15,3.0,2,[-1  0],0.0030075187969924814
1663,adult_g,0.0,15,3.25,2,[-1  0],0.0020050125313283208
1664,adult_g,0.0,15,3.5,2,[-1  0],0.0020050125313283208
1665,adult_g,0.0,15,3.75,2,[-1  0],0.0020050125313283208
1669,adult_g,0.9675932166724094,9,0.15,3,[-1  0  1],0.9909774436090225
1670,adult_g,0.8876077884681881,9,0.2,9,[-1  0  1  2  3  4  5  6  7],0.9448621553884712
1671,adult_g,0.8908212662736067,9,0.25,9,[-1  0  1  2  3  4  5  6  7],0.8817042606516291
1672,adult_g,0.8932636817714844,9,0.3,12,[-1  0  1  2  3  4  5  6  7  8  9 10],0.7814536340852131
1673,adult_g,0.8490826189633705,9,0.35,8,[-1  0  1  2  3  4  5  6],0.7268170426065163
1674,adult_g,0.8378645056979214,9,0.4,7,[-1  0  1  2  3  4  5],0.6320802005012531
1675,adult_g,0.7904121132853292,9,0.45,5,[-1  0  1  2  3],0.49223057644110274
1676,adult_g,0.6280402357968979,9,0.5,4,[-1  0  1  2],0.4075187969924812
1677,adult_g,0.7152115707519777,9,0.6,5,[-1  0  1  2  3],0.29172932330827067
1678,adult_g,0.0,9,0.7,2,[-1  0],0.22907268170426065
1679,adult_g,0.0,9,0.8,2,[-1  0],0.16842105263157894
1680,adult_g,0.0,9,0.9,2,[-1  0],0.11328320802005012
1681,adult_g,0.0,9,1.0,2,[-1  0],0.07669172932330827
1682,adult_g,0.0,9,1.1,2,[-1  0],0.061152882205513785
1683,adult_g,0.0,9,1.2,2,[-1  0],0.0506265664160401
1684,adult_g,0.0,9,1.5,2,[-1  0],0.021052631578947368
1685,adult_g,0.0,9,1.6,2,[-1  0],0.016541353383458645
1686,adult_g,0.0,9,1.7,2,[-1  0],0.011528822055137845
1687,adult_g,0.0,9,1.8,2,[-1  0],0.009022556390977444
1688,adult_g,0.0,9,2.0,2,[-1  0],0.006516290726817042
1689,adult_g,0.0,9,2.1,2,[-1  0],0.005012531328320802
1690,adult_g,0.0,9,2.2,2,[-1  0],0.004511278195488722
1691,adult_g,0.0,9,2.3,2,[-1  0],0.004511278195488722
1692,adult_g,0.0,9,2.4,2,[-1  0],0.0040100250626566416
1693,adult_g,0.0,9,2.5,2,[-1  0],0.0040100250626566416
1694,adult_g,0.0,9,2.6,2,[-1  0],0.0030075187969924814
1695,adult_g,0.0,9,2.8,2,[-1  0],0.0030075187969924814
1696,adult_g,0.0,9,3.0,2,[-1  0],0.002506265664160401
1697,adult_g,0.0,9,3.25,2,[-1  0],0.0020050125313283208
1698,adult_g,0.0,9,3.5,2,[-1  0],0.0020050125313283208
1699,adult_g,0.0,9,3.75,2,[-1  0],0.0020050125313283208
1702,adult_r,0.0,4,0.1,20,[-1  0  1  2  3  4  5  6  7  8  9 10 11 12 13 14 15 16 17 18],0.9417670682730924
1703,adult_r,0.0,4,0.15,33,"[-1  0  1  2  3  4  5  6  7  8  9 10 11 12 13 14 15 16 17 18 19 20 21 22
 23 24 25 26 27 28 29 30 31]",0.8724899598393574
1704,adult_r,0.0,4,0.2,38,"[-1  0  1  2  3  4  5  6  7  8  9 10 11 12 13 14 15 16 17 18 19 20 21 22
 23 24 25 26 27 28 29 30 31 32 33 34 35 36]",0.7680722891566265
1705,adult_r,0.0,4,0.25,30,"[-1  0  1  2  3  4  5  6  7  8  9 10 11 12 13 14 15 16 17 18 19 20 21 22
 23 24 25 26 27 28]",0.696285140562249
1706,adult_r,0.0,4,0.3,36,"[-1  0  1  2  3  4  5  6  7  8  9 10 11 12 13 14 15 16 17 18 19 20 21 22
 23 24 25 26 27 28 29 30 31 32 33 34]",0.6234939759036144
1707,adult_r,0.0,4,0.35,41,"[-1  0  1  2  3  4  5  6  7  8  9 10 11 12 13 14 15 16 17 18 19 20 21 22
 23 24 25 26 27 28 29 30 31 32 33 34 35 36 37 38 39]",0.5426706827309237
1708,adult_r,0.0,4,0.4,25,"[-1  0  1  2  3  4  5  6  7  8  9 10 11 12 13 14 15 16 17 18 19 20 21 22
 23]",0.4508032128514056
1709,adult_r,0.0,4,0.45,14,[-1  0  1  2  3  4  5  6  7  8  9 10 11 12],0.3453815261044177
1710,adult_r,0.0,4,0.5,12,[-1  0  1  2  3  4  5  6  7  8  9 10],0.28463855421686746
1711,adult_r,0.0,4,0.6,7,[-1  0  1  2  3  4  5],0.20381526104417672
1712,adult_r,0.0,4,0.7,7,[-1  0  1  2  3  4  5],0.14006024096385541
1713,adult_r,0.7583061514536873,4,0.8,3,[-1  0  1],0.10341365461847389
1714,adult_r,0.0,4,0.9,6,[-1  0  1  2  3  4],0.06626506024096386
1715,adult_r,0.0,4,1.0,4,[-1  0  1  2],0.050200803212851405
1716,adult_r,0.0,4,1.1,2,[-1  0],0.03965863453815261
1717,adult_r,0.0,4,1.2,2,[-1  0],0.03463855421686747
1718,adult_r,0.0,4,1.5,2,[-1  0],0.014056224899598393
1719,adult_r,0.0,4,1.6,3,[-1  0  1],0.009538152610441768
1720,adult_r,0.0,4,1.7,3,[-1  0  1],0.006024096385542169
1721,adult_r,0.0,4,1.8,3,[-1  0  1],0.004518072289156626
1722,adult_r,0.0,4,2.0,3,[-1  0  1],0.0035140562248995983
1723,adult_r,0.991962620435693,4,2.1,3,[-1  0  1],0.0015060240963855422
1724,adult_r,0.9866455967361997,4,2.2,3,[-1  0  1],0.001004016064257028
1725,adult_r,0.9866455967361997,4,2.3,3,[-1  0  1],0.000502008032128514
1726,adult_r,0.9866455967361997,4,2.4,3,[-1  0  1],0.000502008032128514
1727,adult_r,0.9866455967361997,4,2.5,3,[-1  0  1],0.000502008032128514
1728,adult_r,0.9866455967361997,4,2.6,3,[-1  0  1],0.000502008032128514
1729,adult_r,0.9866455967361997,4,2.8,3,[-1  0  1],0.000502008032128514
1730,adult_r,0.9866455967361997,4,3.0,2,[0 1],0.0
1731,adult_r,0.9866455967361997,4,3.25,2,[0 1],0.0
1732,adult_r,0.9866455967361997,4,3.5,2,[0 1],0.0
1733,adult_r,0.9866455967361997,4,3.75,2,[0 1],0.0
1736,adult_r,0.0,5,0.1,10,[-1  0  1  2  3  4  5  6  7  8],0.9693775100401606
1737,adult_r,0.0,5,0.15,21,[-1  0  1  2  3  4  5  6  7  8  9 10 11 12 13 14 15 16 17 18 19],0.9096385542168675
1738,adult_r,0.0,5,0.2,27,"[-1  0  1  2  3  4  5  6  7  8  9 10 11 12 13 14 15 16 17 18 19 20 21 22
 23 24 25]",0.8187751004016064
1739,adult_r,0.0,5,0.25,23,[-1  0  1  2  3  4  5  6  7  8  9 10 11 12 13 14 15 16 17 18 19 20 21],0.7349397590361446
1740,adult_r,0.0,5,0.3,21,[-1  0  1  2  3  4  5  6  7  8  9 10 11 12 13 14 15 16 17 18 19],0.677710843373494
1741,adult_r,0.0,5,0.35,22,[-1  0  1  2  3  4  5  6  7  8  9 10 11 12 13 14 15 16 17 18 19 20],0.6114457831325302
1742,adult_r,0.0,5,0.4,14,[-1  0  1  2  3  4  5  6  7  8  9 10 11 12],0.5050200803212851
1743,adult_r,0.0,5,0.45,11,[-1  0  1  2  3  4  5  6  7  8  9],0.37650602409638556
1744,adult_r,0.0,5,0.5,12,[-1  0  1  2  3  4  5  6  7  8  9 10],0.3097389558232932
1745,adult_r,0.0,5,0.6,6,[-1  0  1  2  3  4],0.22640562248995985
1746,adult_r,0.0,5,0.7,6,[-1  0  1  2  3  4],0.16516064257028112
1747,adult_r,0.0,5,0.8,4,[-1  0  1  2],0.11596385542168675
1748,adult_r,0.0,5,0.9,4,[-1  0  1  2],0.07329317269076305
1749,adult_r,0.7814662249547052,5,1.0,3,[-1  0  1],0.05471887550200803
1750,adult_r,0.0,5,1.1,2,[-1  0],0.04116465863453815
1751,adult_r,0.0,5,1.2,2,[-1  0],0.0356425702811245
1752,adult_r,0.0,5,1.5,2,[-1  0],0.015562248995983935
1753,adult_r,0.0,5,1.6,2,[-1  0],0.011546184738955823
1754,adult_r,0.0,5,1.7,2,[-1  0],0.00853413654618474
1755,adult_r,0.0,5,1.8,2,[-1  0],0.007028112449799197
1756,adult_r,0.0,5,2.0,2,[-1  0],0.006024096385542169
1757,adult_r,0.0,5,2.1,2,[-1  0],0.0050200803212851405
1758,adult_r,0.0,5,2.2,3,[-1  0  1],0.002008032128514056
1759,adult_r,0.991962620435693,5,2.3,3,[-1  0  1],0.001004016064257028
1760,adult_r,0.9866455967361997,5,2.4,3,[-1  0  1],0.000502008032128514
1761,adult_r,0.9866455967361997,5,2.5,3,[-1  0  1],0.000502008032128514
1762,adult_r,0.9866455967361997,5,2.6,3,[-1  0  1],0.000502008032128514
1763,adult_r,0.9866455967361997,5,2.8,3,[-1  0  1],0.000502008032128514
1764,adult_r,0.9866455967361997,5,3.0,2,[0 1],0.0
1765,adult_r,0.9866455967361997,5,3.25,2,[0 1],0.0
1766,adult_r,0.9866455967361997,5,3.5,2,[0 1],0.0
1767,adult_r,0.9866455967361997,5,3.75,2,[0 1],0.0
1771,adult_r,0.0,10,0.15,2,[-1  0],0.9899598393574297
1772,adult_r,0.9601605664804975,10,0.2,5,[-1  0  1  2  3],0.9623493975903614
1773,adult_r,0.9099438403191243,10,0.25,7,[-1  0  1  2  3  4  5],0.8975903614457831
1774,adult_r,0.904778817272198,10,0.3,9,[-1  0  1  2  3  4  5  6  7],0.8112449799196787
1775,adult_r,0.8768350582658316,10,0.35,7,[-1  0  1  2  3  4  5],0.7525100401606426
1776,adult_r,0.8564014842059253,10,0.4,11,[-1  0  1  2  3  4  5  6  7  8  9],0.6581325301204819
1777,adult_r,0.0,10,0.45,5,[-1  0  1  2  3],0.5115461847389559
1778,adult_r,0.0,10,0.5,2,[-1  0],0.42168674698795183
1779,adult_r,0.7907095359242354,10,0.6,5,[-1  0  1  2  3],0.3132530120481928
1780,adult_r,0.0,10,0.7,4,[-1  0  1  2],0.23393574297188754
1781,adult_r,0.0,10,0.8,2,[-1  0],0.18724899598393574
1782,adult_r,0.0,10,0.9,2,[-1  0],0.11696787148594377
1783,adult_r,0.0,10,1.0,2,[-1  0],0.07730923694779117
1784,adult_r,0.0,10,1.1,2,[-1  0],0.053714859437751006
1785,adult_r,0.0,10,1.2,2,[-1  0],0.04417670682730924
1786,adult_r,0.0,10,1.5,2,[-1  0],0.020582329317269075
1787,adult_r,0.0,10,1.6,2,[-1  0],0.015562248995983935
1788,adult_r,0.0,10,1.7,2,[-1  0],0.009036144578313253
1789,adult_r,0.0,10,1.8,2,[-1  0],0.007530120481927711
1790,adult_r,0.0,10,2.0,2,[-1  0],0.006526104417670682
1791,adult_r,0.0,10,2.1,2,[-1  0],0.006024096385542169
1792,adult_r,0.0,10,2.2,2,[-1  0],0.005522088353413655
1793,adult_r,0.0,10,2.3,2,[-1  0],0.004016064257028112
1794,adult_r,0.0,10,2.4,2,[-1  0],0.004016064257028112
1795,adult_r,0.0,10,2.5,2,[-1  0],0.004016064257028112
1796,adult_r,0.0,10,2.6,2,[-1  0],0.004016064257028112
1797,adult_r,0.0,10,2.8,2,[-1  0],0.004016064257028112
1798,adult_r,0.0,10,3.0,2,[-1  0],0.0035140562248995983
1799,adult_r,0.0,10,3.25,2,[-1  0],0.0035140562248995983
1800,adult_r,0.0,10,3.5,2,[-1  0],0.0035140562248995983
1801,adult_r,0.0,10,3.75,2,[-1  0],0.0035140562248995983
1806,adult_r,0.0,15,0.2,2,[-1  0],0.9899598393574297
1807,adult_r,0.6279126645202271,15,0.25,3,[-1  0  1],0.9678714859437751
1808,adult_r,0.9007679961438211,15,0.3,4,[-1  0  1  2],0.9131526104417671
1809,adult_r,0.7709190454224883,15,0.35,6,[-1  0  1  2  3  4],0.8408634538152611
1810,adult_r,0.9103535603181947,15,0.4,4,[-1  0  1  2],0.7474899598393574
1811,adult_r,0.8238265807293681,15,0.45,7,[-1  0  1  2  3  4  5],0.6139558232931727
1812,adult_r,0.0,15,0.5,5,[-1  0  1  2  3],0.5
1813,adult_r,0.5098522315830271,15,0.6,3,[-1  0  1],0.3684738955823293
1814,adult_r,0.47547420288745784,15,0.7,3,[-1  0  1],0.2956827309236948
1815,adult_r,0.49504874688617273,15,0.8,3,[-1  0  1],0.22038152610441766
1816,adult_r,0.0,15,0.9,2,[-1  0],0.14909638554216867
1817,adult_r,0.0,15,1.0,2,[-1  0],0.09487951807228916
1818,adult_r,0.0,15,1.1,2,[-1  0],0.07680722891566265
1819,adult_r,0.0,15,1.2,2,[-1  0],0.05471887550200803
1820,adult_r,0.0,15,1.5,2,[-1  0],0.022590361445783132
1821,adult_r,0.0,15,1.6,2,[-1  0],0.01706827309236948
1822,adult_r,0.0,15,1.7,2,[-1  0],0.009538152610441768
1823,adult_r,0.0,15,1.8,2,[-1  0],0.00853413654618474
1824,adult_r,0.0,15,2.0,2,[-1  0],0.007028112449799197
1825,adult_r,0.0,15,2.1,2,[-1  0],0.006024096385542169
1826,adult_r,0.0,15,2.2,2,[-1  0],0.005522088353413655
1827,adult_r,0.0,15,2.3,2,[-1  0],0.004016064257028112
1828,adult_r,0.0,15,2.4,2,[-1  0],0.004016064257028112
1829,adult_r,0.0,15,2.5,2,[-1  0],0.004016064257028112
1830,adult_r,0.0,15,2.6,2,[-1  0],0.004016064257028112
1831,adult_r,0.0,15,2.8,2,[-1  0],0.004016064257028112
1832,adult_r,0.0,15,3.0,2,[-1  0],0.0035140562248995983
1833,adult_r,0.0,15,3.25,2,[-1  0],0.0035140562248995983
1834,adult_r,0.0,15,3.5,2,[-1  0],0.0035140562248995983
1835,adult_r,0.0,15,3.75,2,[-1  0],0.0035140562248995983
1839,adult_r,0.0,9,0.15,2,[-1  0],0.9889558232931727
1840,adult_r,0.9049347193808515,9,0.2,7,[-1  0  1  2  3  4  5],0.946285140562249
1841,adult_r,0.0,9,0.25,11,[-1  0  1  2  3  4  5  6  7  8  9],0.8659638554216867
1842,adult_r,0.8951734116811872,9,0.3,9,[-1  0  1  2  3  4  5  6  7],0.7896586345381527
1843,adult_r,0.8998600581334947,9,0.35,6,[-1  0  1  2  3  4],0.7464859437751004
1844,adult_r,0.8509818813204859,9,0.4,9,[-1  0  1  2  3  4  5  6  7],0.6465863453815262
1845,adult_r,0.6488778947970928,9,0.45,4,[-1  0  1  2],0.4879518072289157
1846,adult_r,0.8019975243586421,9,0.5,5,[-1  0  1  2  3],0.4036144578313253
1847,adult_r,0.7097499997690839,9,0.6,5,[-1  0  1  2  3],0.2996987951807229
1848,adult_r,0.5735637454485454,9,0.7,4,[-1  0  1  2],0.22238955823293172
1849,adult_r,0.30166511257083056,9,0.8,3,[-1  0  1],0.1676706827309237
1850,adult_r,0.0,9,0.9,2,[-1  0],0.10742971887550201
1851,adult_r,0.0,9,1.0,2,[-1  0],0.07530120481927711
1852,adult_r,0.0,9,1.1,2,[-1  0],0.05271084337349398
1853,adult_r,0.0,9,1.2,2,[-1  0],0.0391566265060241
1854,adult_r,0.0,9,1.5,2,[-1  0],0.01957831325301205
1855,adult_r,0.0,9,1.6,2,[-1  0],0.014056224899598393
1856,adult_r,0.0,9,1.7,2,[-1  0],0.009036144578313253
1857,adult_r,0.0,9,1.8,2,[-1  0],0.007028112449799197
1858,adult_r,0.0,9,2.0,2,[-1  0],0.006526104417670682
1859,adult_r,0.0,9,2.1,2,[-1  0],0.005522088353413655
1860,adult_r,0.0,9,2.2,2,[-1  0],0.004518072289156626
1861,adult_r,0.0,9,2.3,2,[-1  0],0.004016064257028112
1862,adult_r,0.0,9,2.4,2,[-1  0],0.004016064257028112
1863,adult_r,0.0,9,2.5,2,[-1  0],0.004016064257028112
1864,adult_r,0.0,9,2.6,2,[-1  0],0.004016064257028112
1865,adult_r,0.0,9,2.8,2,[-1  0],0.004016064257028112
1866,adult_r,0.0,9,3.0,2,[-1  0],0.0035140562248995983
1867,adult_r,0.0,9,3.25,2,[-1  0],0.0035140562248995983
1868,adult_r,0.0,9,3.5,2,[-1  0],0.0035140562248995983
1869,adult_r,0.0,9,3.75,2,[-1  0],0.0035140562248995983
